818
8024
3358
17870
13824
3070
16558
18390
17856
14718
212
5230
11148
7054
64118
12448
11270
1422
17570
12402
9606
67400
2278
7466
2614
33238
14856
11954
11640
8748
2338
5606
8020
12432
18250
10626
27330
1050
72580
6912
94340
61244
16358
15034
4574
18394
19154
19120
7186
38130
2978
3592
5242
13832
12608
15336
18128
21504
3752
17594
11146
14246
106
54522
43416
3486
59116
86540
5008
5292
17378
98504
638
11894
60306
7892
30322
15924
89822
4206
18014
17290
75460
90686
6590
13074
68944
16958
8122
11078
18150
7216
1928
1028
29286
9124
7020
18710
7962
13338
3176
11608
15302
27100
3224
11118
34322
6232
4592
9126
2470
18032
17712
32224
50982
15912
13140
41578
12792
14908
18210
15946
9722
1916
17766
10276
19142
17402
16640
6088
2226
7706
18666
19480
2686
19124
10366
46772
10294
12968
9830
2376
18448
29602
16576
11436
52018
5168
17800
17332
18172
3394
37600
3506
5092
19818
11234
8650
8228
26658
13878
25778
4286
8582
14478
14014
3664
4884
12098
4852
1370
1306
47534
3368
18346
73264
40256
51028
43206
23248
10884
13490
52526
3542
1268
49154
15082
7456
6328
9128
56584
16692
17570
904
8558
8698
19548
10278
16758
18892
1454
54
17642
6456
2292
63278
4082
9840
13382
9688
6286
12422
5702
9860
12
6886
19004
10558
14488
16750
5560
9298
10982
7696
7360
39312
8022
29544
18862
12582
7994
180
33970
7170
16972
18264
3976
15224
18314
14502
16540
17952
5214
15554
8100
56346
17080
7838
2538
7682
10476
30560
7576
5006
2104
10842
13624
13766
19138
22560
95456
192
59138
13730
17894
7226
8942
950
13248
15314
90008
12910
888
14044
15128
8524
6934
11058
12422
13812
2682
17674
11466
2248
1318
8102
666
7816
3748
7142
8396
5498
3752
5366
34168
10222
12298
6498
7956
9882
98696
94176
11376
12142
11180
13764
33832
11868
15064
14270
17096
55400
17634
15232
19414
8044
31358
14770
15226
12418
16196
43834
11626
11152
19534
9052
16928
31220
13316
7874
16082
564
7260
7972
19056
18136
13942
92140
14868
8236
6310
17558
44266
15866
19318
88764
3294
58828
5878
17502
1490
92528
4136
16084
400
15380
11164
1682
15654
2140
2426
1756
18442
31164
35524
13636
7394
12464
14506
19284
60026
1972
3250
47234
8670
5146
18086
86
19458
1068
9264
14876
7648
97304
6482
17844
4882
38642
5436
19498
18650
77560
9964
8920
16180
19596
14156
19782
2992
18848
678
55324
5740
14490
43788
77132
16112
81604
10920
3426
63228
16234
13122
92102
2884
10592
13244
20150
17778
1776
11854
16334
1690
17996
9438
15882
19950
5188
448
3054
3716
3848
5044
9562
8958
15810
51946
4738
19640
4472
56208
13596
16636
84
9782
96010
84178
78528
11308
17806
10544
51300
7652
73840
15498
12492
4984
1212
19338
3288
77710
14972
4722
5058
8684
13024
10766
89942
10376
15988
24704
7692
9416
31846
3224
3292
9812
26028
1838
12282
8000
18544
5900
2586
12534
7890
19108
15110
15058
306
80980
91642
14474
97014
13902
14968
46110
83334
12496
18834
9674
12968
18544
26428
85106
57512
7540
11544
6230
4480
1290
14444
11954
2952
62822
5754
17674
67952
8930
53680
83156
58684
11098
81384
38448
7392
72088
93048
12928
17582
12076
8590
12172
7660
18396
19990
2070
15212
59608
3822
1218
16142
7692
37780
12156
17700
5062
32978
73492
56666
12140
14570
67536
12036
11752
9040
4002
79600
6950
19566
26628
7980
94000
18160
7076
50538
4834
19528
4740
90806
5716
844
11738
7796
516
1716
13794
2082
11862
3572
7258
25682
17086
1020
15694
75872
16064
14534
2646
4860
9010
19180
10654
19574
14866
14096
3748
92264
7044
7486
14860
3114
10240
12264
82162
2796
3164
12210
92924
18402
4004
13858
26742
98696
3394
6970
15800
3546
18226
9128
14060
92972
8762
8954
10124
66008
4694
13132
1004
17382
13756
5156
10628
18598
1722
1630
8916
13894
14484
7062
3728
3632
19434
10106
12950
27180
9876
37986
9484
252
14110
12458
7540
11604
1386
15064
61032
18788
13686
13272
10642
15076
67428
3468
19296
2576
10166
7260
5508
3736
6352
65792
4838
4798
5684
2468
16190
18472
14708
18496
10590
61436
2236
9922
19378
16624
15130
1864
9406
2958
16614
19016
1344
18732
10534
16428
2026
11252
31052
5654
14344
88690
5200
9268
11086
1714
10964
3096
12666
19748
63694
4634
60662
71374
2776
12342
10762
88994
13874
596
5906
64790
83736
4506
9692
33256
17686
89012
11034
37176
5054
5424
1430
7782
57346
14710
7836
15368
45430
18690
80512
12512
13718
46174
38140
26838
12162
3360
16904
57362
5252
16820
14334
7274
65820
74380
16448
12652
69140
10442
63946
4508
15480
4546
15370
172
22490
4898
19950
3642
7786
1564
14978
16378
538
18842
4704
50
7882
6136
2804
11816
17236
16632
12794
25706
12232
532
2212
3396
10894
11544
5736
80898
82722
4418
14996
6604
6536
61364
87552
17794
1198
6262
1566
63506
12058
13106
12668
6120
16302
17014
2706
2586
5912
10524
10744
10042
13962
14544
1386
11552
14252
1878
13310
5242
38714
77432
2202
12002
18586
5026
12154
2518
17348
10300
8178
23396
16352
18404
8528
7030
57430
16094
4446
79250
14584
61888
2126
9514
40644
5704
16670
6584
7756
860
18752
18076
2824
13046
82738
13416
29666
10388
14744
16952
18064
5962
4228
1814
87908
5394
7388
17002
30336
18048
9922
3060
5524
19026
19828
18468
928
18898
6906
13650
992
17876
9898
13306
2390
5178
15866
11146
10242
61852
11316
37138
16874
10456
4014
8122
1658
12586
74804
5232
95718
6220
16326
81186
10110
2950
86248
7888
11562
9218
15420
266
76482
8666
13212
13126
18408
18128
12658
18016
3892
3168
11110
11980
6522
13152
1484
10912
88068
19864
38320
10436
9804
16622
89774
18444
544
3590
96506
872
8700
95820
1682
5586
12458
7936
3600
14450
4962
6680
15452
28162
16996
10650
82700
10280
80248
64868
8662
6300
56568
7368
59008
6792
16022
11428
8960
18790
12440
71712
39198
9424
30358
14494
15698
17648
18416
4498
19228
1662
17400
7628
13542
15478
4504
18032
40700
15586
6534
9412
1938
31724
7608
1222
42946
5760
24762
72034
6104
57940
21214
19750
10978
17802
4396
81344
3690
15036
6100
11046
18604
6328
13286
87538
13134
6054
82580
8128
12568
8748
59576
18772
11780
2034
15250
13284
10190
9666
7236
4376
14908
19848
17996
90452
48626
19522
30730
17306
2558
34706
17944
46496
4910
17050
6730
16016
16722
1822
16818
18478
15150
10098
12974
98
18950
13882
2088
1974
29046
81874
13396
4436
13774
12532
12368
17670
11394
17604
4172
7296
22978
80686
17840
12428
52440
5082
3696
13736
512
2204
1100
1594
1448
7678
1848
9478
18876
19592
10506
4694
88320
9846
18242
42954
13998
1536
69958
10444
13376
12334
17626
7384
4730
27552
13648
4392
8354
2590
68636
6240
12358
19756
2384
19252
18312
6844
63642
502
6226
35376
15692
99220
12996
92362
9274
17486
10106
16802
81080
15384
10492
68588
1498
7250
530
19136
13682
6428
12446
8052
11060
16010
84302
11540
17908
17764
27698
2434
26358
13512
7582
4948
16570
1980
15832
514
18076
548
9002
9394
14108
43496
3156
7896
17250
11614
13004
13304
7968
49602
2640
1038
12426
15596
308
2708
14218
10854
3124
25576
18572
1524
56748
93860
5876
61220
6788
13050
59226
7878
12750
17712
4584
2568
11332
14322
2490
19516
10694
8956
14762
11658
12300
19196
2808
9678
2408
5052
5054
10376
2998
10100
8838
2860
14706
16790
860
18160
19596
12622
13558
2774
18334
51816
5556
5554
9866
4780
14242
9822
2520
8080
16246
6406
4438
12966
12448
63192
14110
97908
10506
6580
5820
61830
16088
51774
9184
71502
18476
17878
18024
15126
47478
9546
29064
73626
4560
7930
5050
12352
19592
13132
13706
11780
17592
2784
8134
11632
1450
13094
63462
76420
3230
16732
18284
18848
12258
19286
4938
804
9680
2812
4642
11240
6778
11412
14356
14824
9838
3770
11240
5384
51970
18084
18344
15140
13272
6106
14160
6464
14074
7038
2050
17592
10680
3734
16038
10268
12862
11400
15002
9746
97354
4388
7816
5998
4632
13704
18834
6086
17608
5676
16044
6130
14778
11764
83518
12580
86248
13406
13618
14544
2708
7226
9006
9458
14984
16230
3708
8778
12020
1362
14462
13930
8110
1056
11422
31400
3846
7764
19264
19996
5438
6770
27780
17440
17654
9588
8760
87424
32480
13486
56348
36630
4348
10554
71472
18920
13572
2474
3050
9116
12092
15992
80
32208
15022
11738
90048
14078
84842
9292
18936
15902
1586
15058
5176
22
76072
4322
59566
8978
11810
12184
5422
10010
7672
2988
34
2552
7410
14582
11258
75352
15652
12552
3356
12044
37972
4362
4680
18456
5376
6980
4960
77984
31362
38350
19318
11518
61222
8118
2760
19692
19908
878
59536
19886
12836
1788
7842
3694
19460
394
61480
18624
17902
15434
29566
2212
7068
1980
72162
16418
13878
2700
17616
9092
2588
6658
40364
12802
2166
14334
7818
2824
35202
19950
5754
4496
5368
11360
8494
4158
8806
3868
960
14068
2092
18894
16256
11800
18574
5154
3370
35116
16672
402
15458
4916
1158
13740
8134
10482
2552
3912
1724
16900
72550
15240
60722
18122
12088
18474
7948
19388
45614
17908
8032
13436
17744
314
20190
12328
60306
17360
75026
1962
38660
3048
7584
88124
12204
2782
16560
12922
18606
4282
8552
71504
10690
8910
6642
19158
3462
15270
3956
6802
15182
3928
9968
99076
10740
8132
71936
9792
5696
13250
92868
8186
3338
38322
2020
49134
13126
2752
8480
29828
2112
14530
32054
63456
15104
18804
12942
12540
5662
6132
14614
24540
8052
16346
18044
2874
4496
17228
17814
12532
11766
15880
18534
12726
854
7176
9204
15456
19136
40922
7902
1832
7188
12726
5692
19414
11756
23696
11522
93872
6168
84516
5752
2956
19714
17250
10870
46406
64662
10602
4840
4640
17244
29506
12962
11028
4470
77260
15964
5708
18414
11692
19298
69594
9650
58
95082
18594
19738
7238
3410
38434
2548
10468
2906
64006
8690
2220
3540
1576
13750
74266
12408
12298
15710
18940
7390
2414
1094
10442
3430
5574
41090
17924
32202
15818
14132
41626
14226
3318
6224
18156
17698
9224
3142
18734
16086
11822
2870
19666
3178
5596
2684
3784
13024
8682
17828
12156
68418
1462
15238
8800
4952
3168
11264
74262
97296
1998
88494
17546
15558
7720
2586
1136
16934
39326
14714
5476
45260
13872
14266
4844
53800
2194
18230
10686
88116
404
19252
13748
4902
19264
3282
93752
9374
65070
54620
15910
15500
9024
19944
13162
10862
1614
8800
22650
9930
16108
32872
49878
14518
10514
13656
2924
6926
73368
16924
27366
5208
16606
17178
23794
6576
52700
1656
46096
15210
4058
7926
19464
15550
11460
8474
2960
12666
18750
7022
49504
8816
16818
290
4334
19698
49328
10008
9022
12336
80160
15292
17060
72054
240
12262
19456
9780
15784
9058
9072
9790
16950
1860
98646
10472
834
9686
13714
1156
18744
64978
7286
15588
66988
5570
93170
3198
8474
18318
5998
63992
7282
10062
10856
19186
3858
19122
2332
6374
12506
13536
4940
6562
18658
79974
5908
15976
5794
1900
8962
5524
5190
2884
14210
13218
15642
1236
12224
62232
17400
134
8152
11282
3364
19288
2138
59084
79758
19540
14210
37536
16062
6174
13218
7350
4298
718
5536
1224
8380
1592
1570
646
3794
12460
8280
5016
304
3308
8846
4494
3436
3856
3482
19954
8616
46432
13426
1290
6804
15750
88
2916
95254
4886
87070
3318
50298
9700
1640
5724
58084
10246
3796
1502
4534
5586
14342
55166
32182
11230
13132
14958
12638
15670
5464
1920
40892
19356
18642
5938
11750
4280
15994
13476
2074
10296
17196
18894
7338
64340
3120
8144
12610
18294
27152
5142
15376
41678
16110
10842
26598
18038
13214
30332
18776
16332
3888
22328
13510
17992
2978
9980
93706
14948
67624
49218
63512
19658
11904
3736
7266
11636
58270
12250
1500
84542
13408
6418
12874
6244
3530
1522
97176
14762
19310
37646
20568
1590
14182
83298
43226
5690
4206
19678
10546
12604
19954
52536
11234
79354
38110
16786
17950
92558
6582
9520
4346
43306
10562
11542
19096
13678
17494
13840
88514
12480
1854
5272
52840
2032
9670
17732
14830
18410
93566
16740
9424
1538
70796
10244
27050
8234
14518
68200
17910
6436
6340
5812
29760
5694
3910
14040
8658
19136
20738
5072
10570
9868
18764
2388
10414
6024
16552
17794
3012
6990
10848
7158
89532
18392
21152
11336
7988
62064
3714
17702
808
69146
16670
1436
6308
2698
41940
90512
2144
6984
75600
46944
14260
2362
5038
10868
2400
8254
18840
53900
14782
14188
12762
17524
2072
19188
2378
16476
9874
9224
14340
1008
17480
12812
17882
4720
12226
21460
18188
1368
19550
17940
59936
11266
16794
6028
8280
5942
18588
91938
18010
2206
6468
15964
66810
7684
2286
61652
10758
10016
4992
11942
76138
10262
7258
14290
11778
10864
80666
10008
3566
19876
9194
38350
45746
2504
610
24088
95876
19334
1200
17808
90736
4870
7316
97280
9534
16420
13000
346
5434
4598
5870
18540
4790
15842
25296
15978
8662
1402
16970
67348
14896
25230
62476
17084
8960
54512
18682
12402
2550
12330
49214
11562
65224
15796
20864
4552
7536
9200
6124
19726
3876
13586
34854
15688
19358
13464
1412
19410
16798
18752
5450
5898
13284
18468
9288
48388
15446
42356
13460
19092
43838
16738
11228
98188
7530
4332
6630
16526
4900
5812
19654
17412
3850
4270
90684
76556
12136
89444
15798
12492
18878
4386
7618
30986
17816
6192
232
3860
12288
10350
3492
19180
17566
11980
13022
13540
18270
12130
15850
10048
13044
3902
14634
5300
16656
11088
26822
172
39048
19668
2098
12150
1236
13128
17072
19576
5742
14384
16978
1100
16728
7590
1180
8
31382
72354
12948
6562
2248
92036
18320
65624
9060
6374
13236
8554
16588
2370
11140
87276
90504
95352
14508
93814
7970
15034
19228
83172
2212
7220
7534
74056
87698
8628
3046
11206
5848
11584
18798
6230
6542
7930
47102
8182
66664
3494
2570
16142
17742
83214
10334
18824
84330
16748
7276
4202
13866
17718
11378
5726
3944
15074
274
6904
3300
8508
8612
15444
64970
16342
13732
12198
13126
5894
18870
3272
7726
12480
4900
318
16370
16940
10344
9830
18606
3242
1966
8332
3154
10966
11806
8444
13492
19842
18870
17642
9326
16726
14644
69946
15196
4746
64222
18730
2336
11258
10382
8764
12958
14578
11900
17070
74262
756
7688
2622
13010
2090
82020
862
17168
2726
5088
12774
8106
14520
4300
5590
11692
62624
81234
90854
91898
17670
19580
18480
17490
11376
7442
77914
13506
9946
17148
37864
15374
16118
82530
14104
19562
236
6178
18368
8188
12770
48912
13834
16928
8908
17430
74120
2242
9488
14920
8916
16120
634
17528
3350
4096
268
4936
7116
10208
16330
80776
1038
4786
12858
15404
8194
21652
8156
14514
1098
3078
6830
10226
40788
1382
18008
8300
9790
1706
48544
50928
10632
9046
12968
292
96162
15572
5078
2932
16380
11088
27870
5042
3518
7624
18296
11380
77502
698
11736
8214
83608
18318
16058
6114
10606
9020
98470
92682
17404
9688
90988
22
16578
6078
67720
7824
2074
17660
44886
16302
5050
10570
10552
17144
1434
37008
1024
15904
1042
12732
17230
19342
12004
2322
6838
2620
1988
13628
27640
54840
2306
30214
88088
7568
6208
8150
5862
18288
3456
18892
15030
13994
41864
18020
11058
17494
78066
61306
10638
74046
14108
62394
18452
12290
8324
14824
13010
1134
98086
4426
59562
7270
10318
9042
87012
18730
1236
5114
12028
52748
9840
13100
7124
10638
5664
18880
32498
9842
18882
1832
63828
14230
3948
49716
19736
70132
17182
17692
10708
7234
12872
98004
2950
9494
4850
2704
1614
8602
16442
4272
15758
15986
18720
17178
2346
14092
18874
13552
11412
11288
792
5546
77960
14432
7650
12248
2810
1786
4838
57706
3646
15438
6848
6942
17146
17982
4630
602
17262
5580
6576
8888
272
8890
11802
22500
12664
12474
3262
83524
89672
6516
15006
704
17346
16054
5144
11530
9906
16424
2030
12686
23862
56724
11198
37990
12524
7452
18772
10236
63160
4316
4540
6628
60500
17164
76368
39024
18508
61614
17464
35516
4768
10442
74268
59760
8970
6158
6052
8744
7566
7566
11772
15616
19814
12252
12696
4506
7414
490
74138
6646
2166
14394
84216
14992
76040
1370
12464
12914
18740
17210
1260
14798
1388
52206
12962
25144
16912
1614
14402
9978
9368
13842
1786
4660
14800
16404
19182
91618
13550
816
19342
46466
31820
5372
4048
14724
2794
12584
16766
5238
12470
5598
94120
39672
4738
1680
10142
14622
5920
4310
20462
8292
16306
91236
99688
51178
15588
14478
19664
17934
18268
47214
4858
11436
1062
19768
2872
13662
41146
19494
18420
14920
11802
32206
10578
12416
76010
28508
4408
8992
13558
6850
3580
17332
83394
19816
57642
10370
18846
66380
93744
16308
5894
50502
6342
784
3864
6792
13586
10936
6956
6592
8336
10084
18022
200
10920
18642
954
45430
11072
82796
24660
15776
15092
90380
80616
13564
27342
59234
10338
612
10868
11586
4892
1020
12294
5438
12764
3828
60406
10304
8896
16286
68704
9916
9906
12262
6622
78166
15814
40194
15842
17158
10726
3218
87652
4348
1196
17116
10190
97894
63684
1510
10238
10228
6876
6308
17440
14454
8934
8966
18336
6768
18000
4638
57128
5612
11098
1662
15424
26612
1762
12842
19532
78436
10238
6492
17480
15258
3044
81376
10170
15250
7332
8454
71390
10824
10640
990
3698
15112
56996
19806
16644
3504
2324
17456
19350
7984
15806
11164
19364
14264
11212
7738
2552
18814
34984
15168
3198
43090
13296
3562
19542
12416
2014
4552
20024
4888
9550
18936
6738
10374
9978
76980
11280
96378
16724
4178
28180
17984
20110
11770
9246
50832
19338
10424
13304
17862
5682
6166
11804
40220
4112
2350
4718
15948
4448
13626
99222
43566
13896
14746
7396
19810
16322
51030
8822
17896
1096
94468
12076
15778
30494
17248
56624
2562
19990
15480
2558
17668
10238
11256
352
16798
95230
13794
9654
1156
19582
18470
15504
18770
9560
23578
2702
2518
56418
9206
8418
3654
19390
14634
5746
7738
17280
64936
39014
5050
74124
7796
5480
11306
8662
3800
15204
9874
17448
12780
4756
14244
14706
10344
25376
17408
14148
8932
8750
53468
12816
7922
19290
17036
5894
346
2226
3200
14612
9282
1114
3012
19468
7104
35962
3930
19814
18548
44216
44150
15300
2480
9056
10596
2424
2044
10900
53846
54690
2274
6574
5846
3552
14130
3480
53946
2388
8210
614
39510
28
71180
10806
95318
16078
13234
29188
108
15796
17540
67044
9922
2970
11142
15060
9500
5786
12588
9792
3498
11772
14350
4584
830
19428
12738
17712
16372
14722
22150
1836
1402
6936
88566
17582
18984
2360
4638
624
1500
4276
1636
32752
5592
28382
33936
19496
7226
6640
13172
18872
10536
47948
19434
2070
4628
5506
18134
7982
25334
12324
512
30580
5878
97820
74554
15596
6754
8878
13500
5718
1232
16380
2884
9868
148
6288
17372
67434
90742
15210
6818
6346
4888
15544
5234
1412
11932
14242
14848
1718
43052
952
3802
7710
19420
13730
10672
3608
3212
13518
69220
29636
15872
14282
19968
12692
14998
11750
46504
1050
1954
3640
80106
11258
9670
5568
18112
31334
17096
7092
15162
14028
8082
14228
19390
95196
74758
25250
86088
17402
3210
7880
406
13324
37394
7832
2972
9988
15048
96500
14904
4542
73130
12136
44
29266
10908
9718
8840
17774
6786
2652
11000
1796
11926
34544
15248
11978
18310
18374
6708
10974
3720
19008
47498
7386
8760
13858
2076
14824
17258
81624
17460
79240
2150
15002
12800
57796
30084
9042
4848
6692
742
17740
82114
14544
702
2062
7612
88106
13490
10692
17372
78360
18586
10042
8518
12186
26202
9318
5450
5268
9346
5746
40116
3830
10374
14446
6044
1136
11266
14694
5326
3980
73026
39054
61970
17896
63420
9684
9496
95198
18520
14486
3680
1312
18052
812
7220
3030
19926
19116
9106
2738
14596
2862
71696
10412
16762
67324
14012
12216
11302
14600
31480
14556
13618
57830
13888
13572
19240
4706
15552
88852
28664
97420
2898
8956
18212
18608
4486
12508
16074
9894
59834
15186
80
9834
81936
9426
16118
52078
9082
2186
11854
18532
8450
15598
35674
18850
8504
1916
15106
37758
1732
13746
11664
9556
2516
6004
19620
17816
10360
59462
11878
19006
4708
16978
15888
5342
5064
6174
18306
17224
92234
3734
2502
4300
82850
11880
14480
98334
11208
9982
3886
4664
10072
4266
75680
3660
15868
1392
1074
16824
15370
8290
9884
3162
19718
6554
11518
4768
56356
65590
16404
7924
2238
18944
17328
6276
42514
90402
3232
86084
82220
19312
3516
11626
75586
7456
10298
3614
16246
9446
1330
16176
9292
10222
14546
13344
14022
2280
82346
68160
16110
12988
2784
12936
19350
42114
6522
19494
72990
13916
9126
19068
13114
19764
83508
4828
3540
16034
4410
1730
85290
5868
10712
3156
17036
15270
16314
8574
17712
1034
35614
10306
78006
1076
9930
41514
4406
12748
3584
16074
17674
15594
5120
12824
19366
66236
9320
922
4200
65726
96540
11182
14028
11710
1848
8112
10226
2146
35002
644
1224
13842
13800
15390
10370
12788
3202
33114
6746
16474
64504
9814
14286
2468
90232
8688
18792
7400
3012
18946
11036
18560
82294
11380
9890
9826
17692
13576
16886
17942
608
16914
95608
15312
17456
76848
27848
11936
7876
9838
73772
2110
13514
9404
8402
7736
3720
906
10174
18344
75314
1212
8936
8466
9102
5766
1382
83680
1812
31000
9764
73346
31836
4604
18708
3952
19018
88846
2956
4006
10268
19146
7730
48574
5738
8996
8332
27330
12278
3700
13886
8072
38992
12050
22762
19850
1790
7852
12604
11890
35996
7744
70916
12876
53492
7714
5250
61572
73252
8978
84446
13530
63610
3288
54204
11528
17946
14852
1706
6020
4458
6556
10280
3630
16920
4262
73780
10466
4374
19432
56934
13582
12894
94762
752
49976
80610
5528
14054
4890
12056
18586
17230
14866
84768
6656
8722
16192
14132
98654
9272
6204
13386
942
8578
14776
68448
15012
15364
10592
72108
12566
19568
3122
1706
7694
11608
98410
1490
16532
9912
68614
18334
5876
16506
11114
37290
17380
8532
1446
85432
56830
14092
8624
8642
14278
61358
16098
4956
14416
4870
6000
8526
15306
16216
11682
93512
16154
4850
3066
9308
5514
8938
19190
134
18702
2516
16322
10768
3996
19344
33902
40154
15080
82894
8824
190
1436
14846
18650
1594
57086
1818
17928
69988
8360
13070
6822
13184
5050
16084
60644
99102
3148
87194
14596
82446
19670
13844
44426
13958
16820
15188
5080
89110
17192
15342
15650
4186
9842
88562
18628
2506
87294
13922
15224
18626
66590
2678
532
15166
5970
25932
9752
14908
14742
8684
6132
2562
19792
3484
586
3822
15634
13274
98890
9922
11820
12942
31486
454
520
6166
47424
4756
14278
90592
9860
4854
714
4994
14590
81798
14728
6596
12836
258
14148
84972
19524
9528
13096
19366
15986
1988
13828
18128
13668
35326
11362
14294
9436
15376
7604
19256
64452
81402
9612
12790
67218
5308
9254
2824
4230
5122
3306
16178
6862
594
8546
5196
16496
2086
3734
3954
15936
11150
1528
18252
4952
87552
3412
14346
3634
99908
3338
25500
5472
6730
40582
14466
16330
3252
11918
4514
6614
13622
214
15520
16548
8716
13598
8042
17354
7476
14050
13412
87652
11854
78008
324
16952
31112
13160
41538
12886
4946
27576
88128
74958
18140
61116
21034
89178
4812
14620
17838
14488
13254
9880
17610
4128
17720
3040
10230
5242
17692
7908
59838
16556
1964
54046
11614
4086
18756
14848
7736
96230
17474
50648
9322
18768
12374
8114
16922
11838
4802
13502
2036
4260
14618
17244
18316
12936
96584
13874
84164
13660
38918
15884
4238
87264
35474
14922
5138
68408
35566
13388
12110
1318
3858
12270
15922
4680
19320
9998
48256
16016
17940
1464
18778
14822
69454
19846
4538
15102
14714
10656
13422
12956
1500
78076
2900
23250
10120
4056
2790
17754
1732
88386
15592
610
17426
620
6742
18990
17482
13166
16104
23048
5914
17298
8426
3254
9350
8374
5052
13344
1930
10658
1916
3234
13526
53806
3962
7850
19202
16666
12616
55296
15230
2144
13352
610
19206
8070
4114
13328
16398
4664
5510
17612
92764
32
57912
5484
15800
8220
69826
47886
16722
5288
18450
2938
4028
92938
76618
16540
61720
64908
14834
10538
15066
63050
4380
66
140
42744
16022
17632
2540
14586
11566
69332
66918
276
12138
78270
648
11724
9934
48986
16180
24822
19858
6424
71914
9088
16186
6348
18536
19758
2140
2130
18674
88560
8988
756
89852
18352
20256
26796
62336
13332
16982
11844
1424
49430
13764
10362
6376
18736
49572
75550
52764
10788
3168
14154
97664
10954
52394
7810
27134
88114
2388
14368
14628
2802
24370
2130
2030
77922
14150
1828
9662
72648
13470
19646
346
15210
3318
850
10754
3538
19502
19426
6344
36512
8396
15774
14568
4510
1982
19152
11722
17732
4830
19768
12084
87852
4738
16616
93328
75320
6564
6594
11190
15588
15314
10850
94198
59272
5316
1382
120
7544
6984
10862
69270
6036
20880
2416
18176
9520
19190
67174
972
9308
8584
11134
52238
704
8578
22750
37988
3636
6888
7868
12200
17266
76848
28568
4284
6280
12262
14074
52052
96980
17546
4868
1744
9176
86618
84092
2666
2124
12716
16684
17002
10544
17218
16212
19044
19134
6788
6650
7680
10026
12356
12258
2776
2752
17000
19134
16784
13962
14172
16302
12528
14472
2486
2700
16440
2560
7462
2336
17892
6442
8192
8992
19792
91188
21118
9234
72928
96014
388
16798
39566
49828
6876
16902
18108
15118
2812
6154
13686
14744
23944
18922
60050
21268
11620
13734
13216
17616
19232
1054
40144
63286
19758
95218
69980
12800
12662
3558
14794
9982
3418
5820
19770
6116
12644
7636
17182
1882
360
13462
3628
13710
2252
6764
6738
15556
18844
97002
15038
242
78422
13082
8088
18652
80318
1280
9434
14952
9746
5738
5884
76632
6010
3130
1430
5174
17620
2186
7118
73906
92458
12082
3446
10682
5400
16582
874
15134
13084
71992
8210
4472
15212
2234
7938
14342
9146
42358
99558
9638
12806
366
5028
5830
1128
89768
1564
88534
3368
10102
19600
12366
8182
7816
524
476
6296
2070
3164
5500
1442
3528
62294
6210
17750
14020
7004
10596
13176
392
15032
9124
12090
7160
19622
3336
18650
3104
12732
4354
10418
83192
578
19170
16744
7616
434
4064
14040
2600
12272
6618
6696
7800
98390
78160
10770
10404
1296
13594
9452
7504
63420
6744
8136
49156
12500
6014
198
16110
6306
4636
36456
19418
6696
2560
15304
6472
5780
9932
14688
46398
15766
11782
5496
13850
14202
15794
12498
2726
9836
5006
5756
15192
9280
19858
10918
15376
6212
16406
12262
13624
68908
10086
19276
1272
36314
18532
14296
65688
16010
12064
12626
52346
1130
67370
924
4844
14924
39314
19730
5288
3024
12594
19206
30530
6186
41734
53144
16404
70172
13486
2912
18762
11284
55260
13040
210
84450
2288
13690
9448
5590
6106
6488
16468
79068
6964
1932
6286
13394
3578
41774
2808
9068
972
15658
3302
8718
236
1370
17114
12308
8710
82026
19804
12148
11240
51404
72228
1874
63286
20404
13166
4550
4026
56630
52576
15570
6158
10556
11802
62666
7652
13112
2666
15600
33166
9628
4690
94958
16534
16316
9874
91924
81184
14622
83198
7892
5584
2930
956
10698
56746
8440
4032
17514
16120
10904
95492
19682
11246
12504
18412
77272
49300
9534
2920
19404
35218
4174
69832
54
19334
12718
61896
4138
19712
3492
17638
61408
9726
85514
4830
4778
1124
10120
4044
18806
7068
12342
10916
6900
49500
1722
43464
71354
5216
91818
13842
11412
12814
9274
6392
17956
4288
19018
27094
59854
5362
14478
9538
47494
6410
298
18862
4836
13994
5512
32588
15526
1718
16888
19444
4868
13238
3892
16010
19534
69200
2936
12520
14584
3932
3998
16702
19228
18762
3098
5934
14210
4102
2080
17612
646
17576
17368
17002
90644
4066
6798
35378
19630
174
10298
4220
5282
8412
24588
4086
11912
42492
2
1512
88084
58456
14578
16070
17126
66152
16730
3244
1464
6162
7052
98924
19390
4210
13828
8354
5350
2728
75750
38774
2312
8826
45248
18468
16758
13752
61464
76836
19778
8850
3604
13328
2914
10928
4794
49590
3208
7280
3440
4046
10044
16042
11432
9240
19904
1570
12764
17422
13194
4180
16828
4140
18596
1732
68516
8162
13704
5998
11598
16456
14016
7496
2848
73282
2952
2512
3068
1880
9366
16148
21400
75572
4470
16874
17444
13286
6230
20954
17508
8002
89220
1386
5522
17154
42912
4368
1668
12422
3710
8184
35448
15830
6980
18638
9988
87570
24642
83998
192
10764
3510
6100
290
16122
17336
5036
15970
8196
12954
11942
5968
8830
14370
14396
11590
190
6502
9334
12928
10852
41012
15704
54838
16024
4174
13102
12740
3534
4132
16384
7748
11210
19564
14232
9246
14054
4996
6122
3768
52420
14062
3376
16460
6182
97488
4872
4334
8972
39162
6540
1668
17202
7582
13960
16706
1692
8822
11502
8092
1558
16
10538
15468
19874
6056
16098
9972
446
4268
11840
19296
12176
9042
12584
3484
19720
19220
44960
14606
29814
64944
15538
46476
5034
6280
8274
93444
67972
3846
28874
17162
86042
5470
4224
18552
6232
13024
17446
29828
16688
12786
8896
116
7136
290
87212
17204
7218
8798
5606
17482
1280
9100
55446
26752
8158
47520
44
19828
62540
17998
4378
9662
1876
340
48740
9164
512
19112
12516
53730
99212
14488
8806
12958
7592
14218
15696
5946
5770
16072
43646
688
5822
99668
4702
8036
13188
17260
386
12382
3604
25732
2738
19648
306
33938
11088
31136
15742
14558
60288
5062
17810
17812
1458
9722
13608
7350
13996
11576
7400
70428
3682
3608
9234
10934
2778
99232
14044
19648
13934
9880
9404
3404
16358
8696
30008
4870
4802
12798
15676
34832
9124
10584
43838
11554
13888
13564
10926
8056
18000
17490
17570
70412
13822
7186
7706
6660
22248
15528
34438
11446
4566
4722
92286
75190
7358
4514
4688
862
13916
3472
2416
19460
23956
4628
2524
13646
5976
4590
9814
11052
432
5108
1052
5686
356
13880
14886
8454
85780
7448
5138
3012
4100
13120
7172
18326
2528
81398
13274
41602
12172
6380
3420
19764
10992
9246
3488
19566
10128
6610
1060
2786
94028
15852
10308
10112
11686
13046
10304
11660
32762
16500
4920
12520
1224
4964
2580
32226
50352
38462
5276
85748
19946
11186
4298
11806
14118
12700
19886
4992
16302
488
10142
2856
14902
9686
9178
11578
5870
15096
15506
77938
4602
94544
11910
72550
4226
16792
61110
13538
8612
25592
1868
8022
18376
3450
5184
2390
15146
11432
17534
80928
5906
13006
6536
2112
19802
15604
14894
5102
39072
10490
19696
2044
67380
15512
6930
75432
5770
2268
2676
14792
88782
8500
1760
14042
9728
11444
83126
5264
77250
18688
324
19566
18954
10608
10370
15028
85462
34890
13316
120
36478
18952
7162
6148
17894
19690
11406
6262
95606
68530
22122
10058
4086
14942
11524
17774
11004
5760
12226
19492
14282
14334
3250
33606
538
13476
17848
14552
1068
13782
14896
3750
15386
65954
80810
12968
12276
16630
8666
13588
136
74336
860
12268
88020
98636
5584
76362
12824
12888
95740
12792
42768
10424
14332
4138
18904
8526
40846
46706
840
19440
17814
30324
828
4276
66938
7266
17544
69558
1694
4710
18984
34540
19526
4646
5918
16194
47258
16090
13556
2500
13758
10274
14774
43566
5854
19878
35362
65452
19660
5190
8338
45276
17562
16768
7086
35044
23866
7200
4146
15780
3012
18070
15304
16246
13104
52780
9210
33486
19252
6744
83940
14618
8902
34096
14066
11564
2104
1106
53168
9616
17382
980
10572
6092
2380
12178
10302
10438
10776
18594
7622
12634
6952
3372
19918
29806
13818
14260
10488
1626
85358
8992
4066
19706
12544
696
18866
80524
13198
17480
25126
532
3116
74404
9000
11330
18232
16180
12888
14894
3978
33466
1566
38184
10578
77104
2884
12086
90458
26880
1410
9970
10790
12436
5580
96474
4138
4848
13542
4008
7880
16058
62192
15816
8644
2712
7942
6746
2462
27898
7082
12616
3424
19350
16840
60870
5046
33848
48676
70538
87300
13112
9104
10064
95660
4826
3510
7882
15100
936
17396
8702
18032
14138
13006
16642
14460
3204
12534
13846
6206
19464
19904
14206
1634
3638
1740
95396
2156
9026
13256
3318
8790
5604
11390
19538
100
16490
82488
7818
2274
10884
38590
82206
682
8644
42376
318
15526
16000
81940
568
9524
88848
4802
3276
10998
11494
53730
8306
444
59470
16968
19520
8844
678
13444
38564
1012
14112
2924
12378
8974
91422
78886
89062
11430
71252
9052
1346
11248
36116
14910
11370
272
4820
4922
9494
5328
9444
9656
1340
19432
16002
14100
20
4512
9282
16448
18374
2818
4674
45784
2644
1052
11620
12656
3214
59586
5678
10566
38242
6536
13640
9864
9742
15110
12318
14316
17254
10264
11716
14012
13442
18314
13792
4606
9908
19016
4170
18532
27016
12866
194
16974
1780
8852
34030
3190
94112
10856
35916
16738
1736
16916
16230
5070
10186
210
46306
0
3966
8100
15522
16574
1822
59310
6030
91658
14388
36146
708
7886
17912
15742
3276
84612
9016
3516
13920
9286
18488
19022
14564
11622
81328
80076
5186
16488
17204
2056
4960
18452
4588
9926
28940
83404
15458
5910
16612
17216
10618
19028
13230
966
40862
3480
15610
7586
51012
5700
12584
13764
28116
3750
2388
12264
964
62094
14728
18800
6412
14336
7388
5310
17318
45204
794
3152
4604
67128
18620
2358
17306
6798
15522
11680
18306
28802
12324
94598
16948
3864
1686
10842
9498
52948
11726
5172
29800
7910
85542
1856
3632
8618
1056
8548
1946
17926
63202
28168
2388
93904
24634
2318
98400
2640
82752
55456
3408
16632
11476
9942
7462
1812
6428
12430
592
1708
12360
14080
18006
14350
12048
11242
1898
3014
7442
17570
488
52756
30040
14370
1432
19738
8002
37002
15686
2516
17814
11696
48872
9918
92272
8002
8766
17740
1768
13462
15932
6670
88286
18118
12202
4650
7702
14868
22790
1106
19274
2768
19980
616
70418
7354
6042
17448
9998
11396
99788
11016
54410
97458
896
14222
27486
92520
9418
90092
18762
17002
12494
7806
496
8990
8188
9692
12930
8986
8208
19922
10056
10518
43432
564
15284
11754
18238
1918
2606
19998
2098
8454
9048
16216
5716
1624
1260
16604
96006
18134
1992
53954
22112
11578
1464
11458
16610
16744
6686
12168
74520
13974
38752
19888
10976
69114
9634
5252
9530
97492
19956
10258
16652
11272
69654
24272
4916
2570
49436
18822
13698
3972
89174
19892
17184
10384
18848
7996
11860
10314
3780
14582
13432
11532
2504
83458
14710
7528
4104
52104
13356
4526
9400
3864
13796
4862
6490
79514
3958
18172
15396
4140
76546
5470
37350
17344
75358
13182
7910
3900
11030
3530
25928
11630
73592
14276
15632
6010
19318
86764
254
12120
14860
14370
19270
3174
16164
18484
17208
13980
12584
5846
25496
47614
9116
10300
9332
9432
14382
5548
8500
33908
56520
6776
16668
896
1302
90756
6394
844
9234
94862
14576
14870
3590
3930
14164
2846
56496
3816
30362
7288
10718
10988
16804
2426
10314
25026
17080
18290
1166
21044
19212
7214
8692
15876
85106
6506
2906
48074
2204
6832
1270
8620
19132
11426
5900
50394
83576
12850
17806
3162
9412
14652
13920
15228
34880
13044
15850
84116
7694
8778
13402
10590
10406
14480
8542
55168
7174
1494
13428
5456
3614
63212
17686
690
31828
10920
92468
1612
11864
5144
71842
50058
5288
63450
18118
446
656
17254
13038
1384
9878
8102
4050
69526
4298
55388
30030
13610
17750
4974
19272
6366
60918
13930
766
15036
8658
95522
9542
7282
93530
9318
89888
12530
16286
12212
3548
18934
72080
14650
18452
10178
2740
5546
16050
2748
15516
18566
1930
8258
11070
24784
18524
182
6854
16014
10256
50898
15826
2668
75796
12310
446
3980
14338
34898
13898
17188
17926
302
14268
55534
12176
5436
17144
12164
8232
6900
37738
15526
13640
15416
182
6148
3074
10846
15358
2186
18322
65214
6312
13964
10018
13214
93546
6638
4994
7092
8614
4150
19244
12548
19404
15512
86
7092
4800
15580
62380
1710
14406
15456
16396
7888
12362
15546
17104
2562
48036
56402
14326
16058
8208
18280
65636
11982
65348
7004
6258
5864
21398
11828
182
10762
12086
85902
99530
9008
13050
8290
1874
23988
81708
79568
15512
17876
25006
5018
5796
37254
3912
2042
17828
6362
546
10370
42178
96918
12000
13210
2014
16432
8736
14528
19940
16562
104
18368
11188
2820
15170
2966
2830
19370
658
342
12272
8084
6260
4348
12428
5832
18514
7404
55756
43214
53994
8668
11636
11430
17138
5586
19176
17626
14216
9458
16506
8812
6904
15324
3778
6108
15310
12198
19280
62252
11758
21034
15580
3282
11730
15296
712
14956
14252
15518
53104
19690
13144
7676
16612
13954
18922
934
5452
98230
88692
18610
4256
1762
60536
4634
80124
15092
4832
5638
2632
6662
8018
18196
69054
5220
15426
12912
15476
15186
3138
10430
4374
10718
75652
17500
16000
19216
19940
7704
11136
52
13046
50156
6158
9892
11126
5894
9336
15750
13818
13048
3486
2706
3322
13252
21602
4218
12582
378
13162
1786
8474
3798
14754
15516
17530
34636
13894
12564
30486
11046
97352
16872
79636
15228
3982
80324
19638
8268
9704
770
5856
13666
10636
1166
11706
17408
8146
17530
4738
14126
65270
51994
88622
1330
12214
19966
33254
2580
9894
732
8416
2596
76810
45118
9934
17666
51948
1600
15496
14316
6084
1498
5938
8934
6786
13576
9002
19630
10424
7366
10636
9430
19966
97058
19504
12748
18272
11160
14560
16350
5570
8378
18720
83770
11314
17352
9562
14794
968
19166
11522
13610
23068
9302
16080
69188
37260
4046
7152
3624
5852
72574
11534
13702
56552
11900
10412
17448
13236
15200
14726
5820
108
10946
5644
3220
13700
73778
950
4540
16494
98586
13394
62600
5454
15462
12132
19704
71030
6324
41152
7840
6546
9600
1012
15110
19766
7926
15118
3642
63418
40874
2288
1058
13314
81630
29222
8520
90430
19888
17502
14368
1958
13054
25230
16762
14418
4064
8600
18998
3662
12008
11134
7964
6884
10814
2426
16106
8518
14570
14756
18618
1170
4850
850
12152
9542
5186
9984
14412
5060
4212
9578
53724
916
96444
19144
11932
16934
5582
40430
16418
12266
15900
17210
15858
21864
2120
10134
4918
3918
11680
18658
21598
88696
46546
1076
3238
86508
18130
90480
27336
17134
8390
5986
8030
14944
19960
9092
6226
2086
37372
1994
7992
19046
3220
1672
2392
3814
15598
17772
19604
18654
14082
34616
14504
6382
14950
52996
19704
5784
15836
9818
17438
9020
16484
14418
5968
10458
86786
5344
14156
3098
78090
17648
45374
7594
16442
17380
9832
47562
5064
6288
5628
99970
10670
82098
13660
8826
8612
9948
10034
11596
61332
13936
13668
13240
13394
4584
55940
6626
8386
12238
14008
10672
6534
16480
8976
7966
15718
97716
1506
12780
15958
19880
1942
11228
12106
9312
4400
29696
13558
39714
18810
2882
10742
8542
9548
4602
2228
61150
67346
78436
7038
15346
11868
8486
758
13460
15936
17314
16784
18536
1050
62868
16122
10936
2474
18294
17424
16826
31498
15350
6254
14120
81042
4986
2392
18848
17292
14168
72620
208
12776
7380
4930
7302
10702
6564
18822
95608
4858
5950
17478
1292
17696
2268
10332
47368
5350
8882
7118
894
14406
12290
6834
14640
6508
12468
4084
5736
18948
3986
6868
16026
11742
10382
6892
86440
8364
14972
12452
72468
33114
10156
76904
59412
2766
12768
22076
56006
10592
8158
302
5102
15394
2004
6874
58414
13594
74950
16992
43804
3584
982
10028
12228
54756
932
10864
15416
4728
26094
19610
5562
488
7296
2172
15586
13600
90348
19766
20094
15384
53666
17694
3158
18718
7186
4672
2692
13232
3448
8212
9866
15142
17036
8740
4314
12280
18984
1120
12616
6484
21876
1116
51172
10568
15754
11268
18912
7038
8610
3860
16858
64204
44420
15968
14952
11218
8612
11974
832
36544
14988
35764
9688
11390
14292
2718
86154
16740
7268
6510
11596
4972
17384
17470
7550
17394
5200
5426
7414
39928
19976
6624
13134
17096
82460
4460
9830
8234
10210
19462
27762
4596
5250
7944
5224
12812
8144
29244
9050
13154
19198
39902
4666
10730
3842
17178
19608
14360
4090
19988
2306
64744
25370
8370
15286
5518
83870
7360
2902
99076
67520
16204
76684
3446
56726
56158
86560
8232
30890
15910
16218
14212
3406
83944
18534
17004
70146
3532
3230
3848
51274
19784
12902
1306
14424
95148
24884
76596
840
5922
10778
13504
79850
53228
11272
8148
1566
8622
5262
17932
13150
5636
31648
17636
7456
10020
2962
10252
6100
6624
15906
14344
40868
62304
6218
16584
18364
18346
13040
2488
2966
13258
39104
17458
4358
33582
58522
2692
7366
1336
5078
8970
7354
48700
7400
7076
9724
680
83342
74332
18614
6096
96138
18856
70738
11926
54544
11944
50762
11700
4406
8090
18970
16628
17542
19794
11414
18154
49354
18816
80324
16290
2118
42458
14694
1884
82472
39382
11612
9046
902
16082
4368
48206
10152
9982
18672
16644
38904
19230
222
26942
11742
2326
17358
5282
8152
43506
23864
16218
10872
13222
12694
69976
4538
43984
11636
14102
85494
8536
7426
2672
3080
668
27982
27752
3128
17338
10710
906
94458
2272
44704
16324
7154
32708
40272
18808
14440
5816
14584
1270
35764
60850
34126
5910
5484
85228
5086
64222
91824
78710
92674
8068
7846
84324
13246
1920
82970
97480
17034
10502
93792
17430
17902
9258
14676
9598
75878
12354
780
10534
19976
16304
57642
1806
1364
2922
19250
18718
10276
17506
9926
11526
26872
76858
17168
86682
1464
32930
6084
61982
6670
18714
510
12500
3810
20620
63352
71106
68730
72684
4642
8460
75422
10148
8932
334
13554
6208
83990
340
12958
14716
7306
3748
16008
17594
8404
72192
9386
18680
3912
6622
92712
46316
1168
3582
1246
44178
2208
12152
4676
1344
16502
6192
10416
464
64740
52872
65890
1848
5016
86268
6028
11006
14380
14434
8052
9430
4696
10404
2134
17506
5566
10540
4700
50626
112
12698
3920
24612
2422
15610
70600
12672
7786
8192
14908
5018
11800
9398
5712
70914
41012
686
9824
15070
17742
72720
11564
13296
13688
14820
12728
11068
13070
17364
7108
18624
11908
91854
73504
10056
4630
17786
9840
74016
7116
5134
16956
14514
6764
5646
18460
13168
6480
10370
4278
15946
17386
1156
2140
284
26914
2946
11688
4934
60312
67570
10338
14634
5740
3324
40946
39924
3880
13424
18098
9214
8172
39220
32722
4442
81972
5584
19206
11874
96662
14658
84456
94288
11132
68492
4420
12898
34544
45838
62034
2722
16210
19342
5538
8280
9182
23072
5468
7824
8620
14186
8940
15010
10908
4280
21398
628
6540
69808
8856
10998
16796
75640
11210
11344
18100
9228
14740
31114
61760
34878
4210
34030
5802
5046
7764
2470
440
11178
29224
15098
10842
3466
1840
6536
30636
3000
7636
2602
17344
6464
16230
6096
19392
28030
16632
5762
54506
17760
6204
2482
10530
7460
19408
13508
9352
8222
51558
8246
5284
2056
1978
14092
14612
2890
11844
19840
2158
10454
15742
9838
10270
6234
5588
11562
15126
13212
15216
4654
12634
802
61512
4894
456
5660
6026
536
4910
6480
12852
18000
6224
16354
5236
1958
3472
10592
19916
7704
16194
74570
10092
11094
14056
19630
9236
12234
36794
15516
14648
8064
10688
10240
15602
18186
10848
4164
95008
50004
19968
8162
15392
61084
3132
4860
2664
15160
8716
12764
9050
11920
27736
7318
10722
15812
8936
83530
99268
46222
44666
98326
9686
6386
16518
12320
356
6692
828
13808
15234
4836
12518
19458
10292
8962
6480
14854
19216
554
10698
12084
12288
14228
12960
1130
10616
18628
16766
4320
2224
3350
7700
11806
64322
11258
16136
2036
12974
17960
47164
3776
8544
1850
18274
7388
1382
7622
38044
10582
12968
9490
13596
1314
1178
19094
11448
19056
86734
41518
4988
9220
12264
5238
99640
6414
8530
9350
14598
16770
6704
1364
3496
6736
18684
9784
48094
59762
1780
7530
8268
780
7090
63768
12732
15002
98880
16110
19552
8142
3514
24088
366
20000
12498
5226
12060
6250
68866
13680
9746
3934
8608
6706
994
82456
3688
7694
18998
8950
18454
5022
13026
978
14170
74056
434
1442
9202
15700
8758
8910
44650
14678
25782
77060
16008
1548
2896
14950
91380
12164
17718
11362
19012
15318
58330
16204
13362
14146
8296
63620
81152
17668
41532
65016
4752
17700
5224
95194
6744
71950
13728
85716
17024
132
18036
5396
10972
10664
12232
12942
12870
11504
3486
14864
6170
16530
16226
2366
10044
13306
6856
3164
45034
1018
6784
2336
14830
75300
72822
19580
12704
9954
19322
97768
16100
85534
1016
15518
70298
3210
19238
11502
84264
69802
15972
2844
17816
8040
3080
11054
15376
10150
14784
13454
4206
924
78252
5938
18514
17552
1596
3854
16092
14802
5332
19696
3592
2516
15932
12690
5786
1436
7320
19122
49980
3804
4560
19830
14354
14088
17208
68272
3484
1098
18260
2192
8610
66876
16616
38024
5308
6120
14616
17888
8618
6078
3796
7610
9840
12802
1964
398
8712
290
4490
7984
47990
15556
7016
12708
17740
29294
4160
39058
28912
2378
8094
13548
67410
54402
14150
10500
906
12244
19870
49454
4172
16696
40614
17080
2458
1012
18404
4768
1308
12886
11188
17540
10096
81592
12650
19318
19830
18808
11044
16044
89826
2062
8788
57872
7464
10622
94188
10038
10976
13484
19586
6170
4562
58668
11844
18116
15160
5682
9550
6740
11054
16284
12832
8870
80172
4794
2360
12338
71520
6190
53398
79606
92174
9078
13778
1670
84166
15608
10260
5934
1784
2302
17972
4174
13868
18564
3650
9082
7886
19780
8740
66340
39884
19140
7204
12558
570
31950
8838
36326
13316
15056
5686
56630
7824
14260
19650
78478
3288
73546
14500
12598
69828
8902
16106
17168
678
12710
99502
4734
19692
69500
13238
10296
8982
9524
69734
15390
93834
2118
716
11310
670
14592
31724
11410
12012
54060
5522
19184
19630
6412
69996
7490
5202
18114
2596
8360
9606
14282
6094
10210
2188
3022
18762
5764
15408
42010
6402
2524
3326
5856
15156
12088
5004
6120
286
5628
16818
85654
1862
5472
5108
51708
68128
9150
14906
3600
5310
1384
12366
9410
16054
12942
13234
81160
88112
19840
13276
17152
41874
16374
1192
19654
59116
13512
9814
10306
524
4822
19346
4582
9894
4662
7440
53150
15280
12174
80724
1682
4768
33274
1740
12666
76804
9632
16794
1326
82842
10860
16604
3318
18402
808
17074
14690
15082
10700
1668
96758
14364
14200
1184
17956
18558
5024
69534
14412
8752
6432
12578
7216
9924
4356
18654
4968
18618
6900
2170
1226
15814
7178
5426
84680
15060
64922
12192
53826
17954
63332
10698
19324
9140
52150
728
8918
16672
13260
19388
8442
4848
7174
52602
5020
91068
13520
13738
9800
5322
2172
1864
14160
15504
63748
35496
15942
84468
71948
13280
7704
5402
19594
12348
33192
278
14042
3024
39908
20272
1070
12018
11706
2866
10150
1276
30792
20026
45198
12806
84272
19442
17238
9320
15148
8518
16870
19872
9296
11096
15488
67022
60160
13142
7704
10134
6898
4872
1204
19256
39356
14710
2406
10902
18980
15780
4016
92366
9912
47494
24434
12804
2164
8262
16304
13024
10602
10712
13838
18564
44112
5378
74498
10962
4598
19788
9104
43660
302
11238
68892
3426
16418
4842
16546
12802
97396
6444
1290
19364
17654
79826
10898
19310
2056
13672
99790
10326
49214
9838
25072
95964
8694
7510
14720
72
2492
55864
17908
22142
10032
1676
19010
18098
3796
70990
10766
6562
14072
8046
22710
8460
9578
13616
13972
5370
9462
17770
2246
5096
20436
28648
8848
34858
11060
17516
4000
9118
11672
11574
6202
8200
2830
41270
5254
17524
11514
12754
14168
16790
13186
6230
15840
2192
49720
84798
15002
12086
1374
6162
11646
12206
13616
242
80748
3144
18396
19426
16198
18074
11164
1064
10388
17598
58462
3492
9836
4486
12438
56786
13500
89594
16326
9824
856
62958
3048
88806
3280
3118
63748
4054
6956
2582
9060
18028
2610
91950
91572
18098
3290
25338
13768
10920
1704
3090
97110
15628
11832
3502
19360
52450
5516
18644
3402
550
4150
16700
13366
17136
95588
6144
7794
6914
12728
17294
4462
19358
18950
8160
4084
8354
16306
3754
6264
4200
19012
8152
1316
8190
2364
4356
56246
95310
6886
450
11184
4730
4038
62612
69640
9012
6604
39124
11572
7954
8974
8260
15190
1952
17178
13546
9410
9152
450
17352
14890
7350
9030
71196
15740
4374
7680
12600
18078
4740
12150
3238
16924
13228
18584
34040
9266
8004
18216
95288
17364
85146
20440
640
18148
11182
6336
10038
13920
8910
13170
19712
11694
15460
8024
11014
7902
16158
18428
2498
4488
1436
13512
2378
17974
4446
7028
3172
382
73626
9188
14740
32252
7756
3064
98422
7902
9078
208
84166
48358
10836
16504
18862
13994
11694
18228
880
18732
9018
5142
1480
6416
45904
15100
14728
4406
6690
9816
76598
2072
40848
248
1150
13774
5162
5036
14240
5444
17046
17394
97552
96758
79382
19472
18588
14714
14584
8526
656
9684
17544
2982
35118
4154
50112
17482
34832
12930
96108
4430
5890
7594
7880
86638
91258
51652
2738
17614
8556
4462
25768
6726
7224
2928
14494
17914
10546
9054
64260
376
792
23976
5404
19196
6238
3218
17662
1874
19820
4906
61004
3772
16514
9572
2786
4846
18886
9410
2510
9468
1390
15364
14242
1446
90
8048
11188
16904
4912
18448
13532
8828
10538
1604
5578
12298
18104
15392
6812
19728
93172
11634
556
17230
2114
1538
71336
17320
18212
20650
8474
43258
15520
8158
12388
6150
2102
7936
2146
13108
9670
17094
10076
5196
13754
4276
17312
3410
8252
1336
58222
71102
12244
1386
7506
12092
6126
762
15394
13472
9522
17378
736
3570
18220
16998
9024
4398
2016
11138
1884
58190
7082
11634
17242
10324
36014
7270
33392
19656
15284
4054
19872
51600
6486
4414
10584
25138
24554
2748
86176
10728
32492
16406
92422
17184
21398
47354
23852
10962
3670
19568
428
12362
16296
9294
98128
13614
48010
19980
4388
29994
2322
88938
18842
17668
7580
15640
864
13344
5166
99504
4844
14786
11064
3022
1194
9632
17566
1404
22784
11058
12958
1518
3144
4220
588
45288
27258
6656
13036
31584
23574
14930
6974
5750
8322
66634
14082
6008
3564
15900
18394
4672
17186
58062
1320
9960
20648
14660
11226
15626
92126
17320
1510
12264
4066
12142
590
1556
18496
2124
57454
516
14846
96400
72802
18768
13786
18766
58850
99254
14948
17110
17538
18980
18636
10824
9646
16398
94642
6370
44952
7308
4628
14086
18344
27178
752
81994
3856
13686
24000
5698
10140
7474
7220
19738
51976
88184
18386
9328
65178
35440
94220
11184
4824
11754
4804
8716
18042
12396
2384
48394
15790
32878
4774
17318
11036
35752
6292
13062
7884
10182
55638
1328
41526
7330
16838
12800
71024
1806
12686
2458
6334
63888
23340
2168
1834
9150
19874
10530
13362
17098
19086
73888
1648
7224
8850
16228
19622
5318
14712
72850
13488
19538
636
3016
16124
15536
26250
94110
19718
8634
17168
8610
6398
14872
4346
61182
5610
13150
17848
80850
5382
2574
14
7170
7796
61648
16244
11302
6238
2434
91458
8670
5526
62338
12962
1408
32388
9330
50998
8196
72212
3548
80712
16372
5580
29852
5290
16106
97200
5976
6336
13758
17894
16098
19872
13958
50360
90694
3766
43228
10434
11090
14732
23002
19286
14046
3898
2000
16268
13272
4800
22026
72
4706
5600
11444
5216
12888
11994
10978
14656
54722
4926
17132
5708
18698
18606
14964
1292
17506
8798
19954
17914
40752
1238
24444
50120
17768
19602
8216
9562
9768
64264
99918
2162
9290
17880
1172
14462
5866
17824
12794
17670
6118
14810
2554
28320
15118
17438
17758
18828
86296
5042
36972
18900
1250
17436
17182
6102
7780
8824
67232
12784
10874
18650
4090
17752
11226
55168
17156
19450
4598
9638
8080
4360
18876
71298
49122
45502
18762
64588
8542
10742
11070
15836
11250
18856
19304
7282
19920
12124
16530
12818
840
84176
12656
93226
19984
15982
9414
49386
10046
3930
87148
29766
34836
98512
1536
10930
8818
2818
47548
2890
14866
10740
7096
11996
7026
82370
17186
13966
10396
8708
39618
3574
2854
11594
12546
3998
17160
1970
4312
220
4252
16850
11412
4484
93060
76118
10630
96488
14738
9158
5490
11070
9162
11124
13826
61592
9438
4222
3888
76112
23328
204
25618
10054
7522
7604
7746
3792
10398
182
15744
6686
13948
5968
9302
17032
12552
16076
7276
14452
9590
4904
4250
16884
41980
57736
2280
5664
3468
6238
36552
4692
20928
3034
264
88102
8598
6682
15176
17448
15454
2852
5798
11470
10512
11900
8704
12416
18716
62654
2956
14862
18146
3350
18000
77610
81442
14980
6498
7118
96356
23836
5652
18574
48062
5608
75980
19174
9934
18042
5456
11916
8012
17700
18216
54966
16026
15172
16156
12880
640
8552
95708
85288
3816
14640
19078
6120
14422
1816
19526
17268
34746
10710
18294
88018
4890
3228
11936
1778
5676
1456
18160
15256
16576
77458
6900
12196
11710
17530
1994
1324
9112
50970
30748
95214
15080
5340
94778
32264
4888
5486
19230
786
6514
16756
6432
95568
15404
19446
19944
39028
4944
3786
3868
80338
4574
19852
2924
12536
4242
25484
1044
11236
17338
8148
7014
18738
12460
17568
5860
9878
3394
9242
2952
18296
17196
11046
95552
4410
9394
560
97516
12016
65870
2162
20162
48130
18640
4200
19118
558
7498
35550
6250
11764
17682
10056
4270
886
2454
40468
15788
75372
5306
18268
1976
2014
2796
19358
7476
9220
3506
8554
40786
20992
9352
1920
11900
73154
93980
79174
10100
12152
11404
13930
52256
3486
8228
88
18184
3882
16848
6790
13518
3288
9048
2948
13886
17838
3192
68004
4852
3544
27968
6404
13388
8076
7510
1566
57712
17388
84490
13126
6440
18518
11432
17304
14640
14072
16258
3948
10936
6564
5130
77602
77340
77252
30344
2098
4528
15564
1886
72818
3282
10824
816
3816
19284
15314
8266
8606
17820
18088
18444
8832
10322
2154
5640
19950
19320
19592
71772
17340
49318
6508
14384
13584
18236
3344
12516
39456
9392
83572
8720
5708
14316
16888
19500
18626
78466
28780
8654
14116
38292
15310
15096
90850
33852
1798
23594
8502
17882
30968
18728
16530
96638
4802
30944
22936
17612
19256
86612
2312
72296
59860
5266
14786
66668
7638
14428
68994
376
2022
54012
13722
15508
5892
69840
9814
2998
2752
86964
97388
5418
13876
16536
12848
15634
1638
19294
3862
2896
13876
13996
18082
5800
18126
10920
11600
15080
13046
1480
75264
9274
69324
8146
14066
14844
4970
380
11076
4664
11650
7966
73296
17914
16466
49098
13110
16442
1346
38016
71798
17274
18866
722
2076
2420
3700
8134
19650
5348
46812
3536
15568
12
8146
8338
16744
10892
718
67226
56492
16238
4080
14054
1034
57898
18586
2070
15866
28562
4154
19482
17910
17914
92
80518
39064
2608
13556
3426
10696
12926
8684
17642
8158
19062
18006
16604
10234
2958
19278
10274
26460
4416
5916
15654
52294
12500
25830
2306
13842
2026
19528
18194
47150
8144
4120
18980
12202
12418
1610
18756
4452
19016
1538
12330
55910
18242
14134
1638
14280
470
60728
11932
14518
956
10108
7232
16594
23786
7946
68434
13252
37144
44158
11026
1774
10944
11370
1758
13942
6118
4984
14808
15674
15530
4400
2206
3396
9204
3274
16494
52924
16942
1964
17590
15550
12978
16204
36756
2592
19514
66970
446
55808
13386
5376
13926
3634
27008
8232
15686
14092
19290
17442
18156
5530
8674
42914
4042
7620
8296
8792
14064
12038
15308
4772
30052
6342
14662
17604
16096
2780
13046
7958
5450
1006
18188
5560
82224
412
1990
28816
12682
25466
6368
19950
50086
17868
4744
7518
7520
21548
3402
12986
16552
2194
65264
56548
11778
14008
17422
17532
28644
7124
18102
10502
19520
17584
16460
8370
70592
94434
19212
5078
98492
10304
4352
33716
14726
8316
1192
98408
12494
5734
6674
49672
5332
7806
3380
3692
92050
12840
40592
94262
5648
16864
95768
6948
3968
3832
7536
68
17104
14220
1484
86574
98232
18288
83024
3986
2738
44818
3044
7708
57926
51976
2786
1552
9054
18032
6388
13390
97162
3200
6506
552
13246
20458
9140
97112
2442
1508
12776
3014
12876
59202
31834
7366
20206
90994
13068
19380
15382
492
18404
14086
6628
4614
18594
13278
19886
504
17692
18200
18538
17338
83608
2380
12156
76196
14860
94624
12354
19486
728
37392
11746
17104
6120
9918
92520
94924
4560
80422
16726
3858
14972
2956
4520
12618
2444
18068
3010
19404
4514
5800
19764
63812
2438
8660
12006
4320
18138
9622
1486
16572
18938
12030
0
590
26524
13084
11212
1730
6922
56496
81604
85942
18348
9174
2914
16930
8578
7876
13752
17768
68908
2158
11514
27732
18820
32
15198
34314
31294
14004
1428
7450
77748
18660
1436
2322
97810
480
15854
2838
95234
18408
9602
4614
17100
19434
6990
74018
19502
15472
13546
31546
87458
82144
10186
30832
2316
10888
11526
13214
6002
9724
11794
17170
7928
4960
1980
8944
77070
14066
19276
8236
91032
17928
5794
7466
9762
4518
10840
14598
56266
12892
10994
11934
40900
5988
318
17722
62538
16166
10140
19662
7652
2730
80646
12710
624
9664
14586
1768
5804
778
12154
61304
55132
2724
20
37724
10280
18542
1950
13686
1662
3636
5998
65484
97096
11134
9256
16132
14514
4230
18046
11594
19328
918
28618
12866
7084
21598
18970
9090
1028
76152
9312
17784
3072
64146
42840
67076
7982
94328
1496
2314
13354
94630
21710
13034
17940
17914
14392
1444
7916
85660
4106
7136
18686
60206
12286
22688
16080
5150
262
11400
29552
12434
4260
44070
15052
6020
6120
18764
4896
7252
3120
1046
13820
26080
184
17726
13566
7960
3822
12864
4458
212
10960
79838
18434
17794
18532
31498
19450
10212
1520
7872
5870
4634
11590
2546
15182
98096
14578
11280
49576
18046
6194
5512
19922
5600
17184
17112
16018
11994
14212
3672
6928
10888
2672
10254
15196
15414
3086
16932
1648
11130
82750
19786
28802
12302
5064
19066
5648
56190
10190
32578
38100
15622
1768
7004
17584
7492
5094
2904
15966
47710
17198
2162
11792
6430
4146
426
6810
56306
39564
4298
14382
4166
3382
6354
4280
13694
1540
12970
1882
19492
14416
11660
19154
17604
2326
5304
31750
2424
12390
25356
40856
17396
954
17734
28766
12840
18594
6652
75022
16418
13298
12076
74746
71544
1328
12910
31024
12900
1980
9402
8346
1184
14138
6432
19812
7362
11264
19808
14864
5534
14216
35396
4812
13464
11256
92718
8734
3322
16816
1286
16154
97872
32856
13354
7866
2772
18706
8638
18340
7844
56926
44464
27550
7728
8542
24552
51572
11986
89336
916
8750
15298
12792
93886
16362
14860
8790
10992
67250
77224
15472
55500
19484
12526
28332
9186
5802
12122
258
10038
11196
13076
10586
12162
13010
14636
7848
9048
12056
19284
54824
4014
57474
8676
19120
5158
35248
10378
47982
1828
13520
15004
592
3996
17394
41890
3940
17988
18250
5124
9154
5774
16562
8510
16320
16292
5360
23318
13464
4836
14572
4326
13116
13326
15336
9130
26112
66806
77582
28242
12040
17010
1494
4980
5838
2152
10478
6384
866
7428
36176
7130
17336
31382
5388
46012
12388
11502
16976
5766
23510
6110
15880
11270
12238
66168
47944
39444
14506
6228
99086
46
15520
7276
7388
13868
16622
1138
3002
92250
25970
12748
3958
5190
46200
3232
4084
3268
18140
18292
5992
16154
14244
54358
8462
15678
14502
4292
7100
40022
5288
86630
3476
9568
5044
18548
6032
11590
12354
11060
1614
51750
82754
52064
3758
8898
16114
7742
10330
18312
35994
10614
2350
12626
1878
9398
7510
15516
12652
9070
1474
8238
5710
28820
14028
55082
18554
11212
8900
2992
12318
6930
14772
11722
27890
16
22380
14240
21954
16256
2942
2400
94916
14090
72890
18564
13302
17144
2430
16074
50320
19724
44296
12758
926
11112
17380
15568
13774
6814
94928
60470
19746
12524
6172
16792
18946
5952
4742
3966
11532
65756
12390
9266
14944
9308
1636
13790
80852
10130
14262
9756
19434
10142
31668
6596
11388
1106
10832
13326
10312
15408
19294
8924
6110
77852
18528
4500
12456
6746
12154
260
11460
17334
13550
13976
2566
58008
93346
63960
11424
74256
8126
10826
9572
10072
2390
10004
12960
19774
19904
8468
14774
18838
73728
17230
18394
7356
10754
4204
15630
7160
89884
17116
8834
5166
260
94842
2004
3772
25682
9874
87970
9406
13526
15486
37288
36470
332
9114
9974
2100
7320
896
11656
3760
15120
12892
89306
12832
19082
15444
92794
30338
99886
2252
11812
6198
10722
7250
7300
92184
6706
6014
13348
4446
8148
14990
8686
3530
7600
18986
12984
17702
24282
10282
4614
9194
19088
40052
31752
15966
9372
8634
1230
10436
7482
12012
41412
18320
9184
11086
11034
5224
4372
5022
7660
532
13148
3532
326
7190
13378
2218
4024
14016
11966
21402
13986
15674
11382
10328
1856
12130
2562
42680
96246
8464
42364
7102
4318
17700
2230
96220
22146
5342
37354
12232
13552
53940
17906
3328
82426
16226
8534
19684
43970
26558
17746
14440
15372
11124
2100
10376
19166
11246
17490
8346
39324
83630
6148
2500
3266
2816
35626
16826
11358
92456
1638
2422
1620
83534
1180
7390
11550
8250
5838
3584
5656
16128
53360
18270
5358
9478
3702
12348
8540
12532
45212
20196
6406
9498
14510
22426
16992
19634
10832
15224
5446
12260
12370
11446
10262
14686
5952
6854
19586
13568
6060
16318
5586
11752
574
13086
2742
19810
12086
5166
9366
10570
73806
4968
10348
19056
14282
5050
5646
58882
5894
12352
8492
886
18062
6374
3504
17638
1324
18804
7354
5144
2742
4974
5664
12192
16756
3690
17638
14268
17556
13154
276
19098
10704
17604
10134
37506
20124
12722
16464
85250
17184
10278
12704
9232
72336
3890
4236
5906
4616
14290
43466
5996
2094
5344
17428
3694
15912
94494
3666
14630
13312
19466
56396
17262
5270
6526
18006
7186
75344
5508
2044
6444
17668
17824
3156
1520
5880
17348
92066
11640
5302
42402
18498
2046
13044
14162
14986
7996
43240
47106
85744
12626
6678
15848
2728
3736
91084
72754
14904
14222
3560
2436
16574
6590
99792
17712
49334
6122
19662
2074
10660
648
15802
3112
13844
12130
41894
17636
8728
2458
15304
13426
16486
11544
74918
17472
17728
11466
5838
544
39748
12348
13082
5596
11596
3086
14686
16620
5324
7324
14258
294
9760
95934
22944
15570
13500
9978
14348
12986
18428
19506
16318
11532
18708
9036
16680
19930
59618
15140
15018
11250
19054
17472
12478
19144
8690
322
5460
16866
21298
5600
1028
4572
25122
9498
2004
17836
17518
66998
7256
17682
6224
25392
9998
17722
19496
8582
33890
13630
51006
14648
416
6974
11302
13214
19544
6660
11712
3180
18524
14360
58560
18660
15722
22556
17392
13580
24576
6686
4026
8892
59716
53038
19506
71562
11236
93220
72542
69050
1264
4130
11278
14292
37946
13940
6036
43696
258
7060
58652
962
10068
12740
9454
10670
7300
10690
7594
10240
2680
57678
11392
5446
19526
8162
6056
28910
81904
4690
15180
13946
17564
8072
18208
10526
5602
10002
11346
10244
3788
62950
2752
1792
1710
1544
19636
14686
8822
11996
11684
9750
17330
9692
15114
19024
18712
8518
19760
10922
16728
7282
17362
2724
28996
7852
88310
43882
1226
16580
5736
92982
5704
15570
9346
76988
2050
4004
10018
6968
49678
16772
16772
3518
15674
9148
85084
15702
12414
97658
97180
60682
12976
19810
12322
14090
11188
19252
950
3674
19514
15718
554
7666
64614
2784
13420
9518
42308
12774
16862
9748
15000
14352
12154
84260
18710
17036
16984
19408
4700
19130
17654
2424
59220
6144
14806
80570
10752
17338
8606
32960
6752
5238
12818
33736
7130
6878
11196
17574
2684
19980
84446
30456
11028
742
18770
5468
78364
1538
4842
13932
96702
12244
10258
17644
15226
21558
10432
12928
3982
7900
2614
17452
18792
60288
10326
7974
1384
17402
17530
16458
1398
1998
59234
15106
2282
89590
12422
4582
30336
11424
19646
8038
7928
1976
10940
14096
9564
8070
10954
69226
15968
11700
3790
9508
1394
16648
81804
14972
5190
13822
69572
11242
58664
2692
8352
13506
3434
15132
62378
6708
9816
8702
12232
24910
18356
4434
7012
4676
6832
16682
54510
8866
17328
7532
6926
95410
1470
13176
19884
116
5672
9116
86734
8834
65954
7770
63076
14866
16086
8712
22788
13920
93392
33848
8878
1150
6824
17128
86486
17968
11768
49156
7026
15560
8226
276
3692
65758
13734
44416
12972
8666
1294
28888
5582
50492
24566
11668
4388
9158
1854
16210
8916
7048
12164
51482
29866
15816
10142
4732
9078
15256
18284
12772
95278
6006
2560
59130
6078
8684
48046
3266
1690
10008
14142
12500
15560
17896
5564
4962
1040
7746
13568
2296
6440
17816
326
15590
982
16216
10928
93804
23406
7084
2930
1134
5624
3576
12472
16688
2476
16240
3930
8318
9152
3664
34542
17928
28964
206
10038
1762
38966
59522
4316
4724
13018
11216
19258
2696
556
9996
14616
15546
69260
6822
13784
11570
7360
81646
15256
9832
788
37554
11302
67066
11492
1214
3482
3618
17596
2978
14084
13258
57424
17558
53462
14022
16832
4158
12430
21266
8822
8480
7560
18266
93996
1064
18586
14324
1648
17336
46424
4188
62734
56516
16706
14714
25120
3842
17294
8988
4850
318
5454
16110
4862
67090
20194
48548
674
17006
9558
13214
19454
158
17074
18616
35900
13310
758
3024
4988
38200
6604
96280
18912
1464
17752
11036
2692
91776
8454
1330
19552
97264
7180
3890
52022
30810
88600
61724
19796
12102
10804
18786
60506
594
8512
21576
6666
7836
13470
10538
18832
8204
8956
76614
1758
18038
524
90656
86452
4514
16820
9468
39566
71258
17394
2294
10640
81284
11746
6312
5234
49132
14890
9654
3102
93402
92306
3512
13718
43158
10726
586
13026
1038
19712
1814
13382
2792
7938
15016
2940
5758
4166
13998
2934
8666
69054
14070
10652
8472
1506
60036
4728
74914
59300
824
2886
224
6716
60516
4878
11458
13822
13428
5346
33310
4134
44020
124
13706
12694
72452
37042
2508
77924
73578
77932
8832
9614
2638
18944
6804
1196
3566
59754
15838
39080
10262
47456
10066
12398
3618
11018
14182
99246
11674
8414
5638
13096
9056
31526
3312
16156
17914
17406
8160
14058
7384
19226
16398
85888
28488
9084
13754
13276
598
3222
25732
5274
68636
9140
6110
960
13154
17296
7854
3292
16554
1914
2046
46428
14638
19406
1620
9044
432
15558
51548
16264
19322
92714
3438
70848
40392
11624
1668
8466
9334
81164
63076
21234
2524
14336
11064
3910
5454
14536
112
15334
1842
15332
13614
900
16776
15400
40266
6644
19270
12588
16068
17546
11102
25284
13736
3474
20914
9396
17990
11530
16400
5560
9606
4422
12950
41268
35930
1246
12596
12530
14938
15470
14498
11682
3878
11948
4654
1798
13322
39030
144
316
11926
17126
5128
6942
3686
7278
9454
9594
7220
9876
75716
2444
61470
26140
12068
69420
11950
18024
58114
8030
10812
18020
102
3882
56192
75130
5094
19176
4006
8086
10516
3642
2502
84576
3226
19406
18440
3226
8506
1494
19612
7440
618
9590
12116
13854
15352
11734
3334
6670
16384
11850
8636
15750
7532
2004
15946
7478
6084
58862
59546
10626
5932
5308
10888
12924
13198
79096
16914
25988
14044
336
12360
4712
2214
47068
47294
13136
4532
4108
17334
16512
99610
988
16940
88592
97504
5778
10964
7710
11364
17196
99164
15540
13700
10726
14724
8432
10298
10540
1892
16390
15182
11108
5202
2522
904
17266
5928
13186
4266
6758
5768
4824
3486
15230
84236
3954
33972
1874
5164
17798
9468
18102
18134
12280
3392
95836
19152
43484
5904
18632
454
8720
13024
2536
17902
2340
632
30536
6356
1288
21412
58168
6836
15034
9162
7334
77746
9130
14196
92772
7284
24260
10652
5120
92094
19778
19814
15138
16162
2850
18762
12700
1564
18454
27798
14104
14828
10850
79456
92478
11662
97084
19214
14832
16568
76996
90
16224
74104
22844
17878
3384
5628
5436
2546
59228
51220
9158
18756
96648
5140
6304
5678
5496
2202
12262
63434
1944
7412
57182
1094
13264
18166
57334
6820
8046
5314
8070
5348
4332
17608
18490
17640
50210
8828
2964
18998
10922
12870
19698
1848
7952
72622
15764
19266
5244
486
19506
8788
18558
14684
3204
5924
2490
3272
7606
4196
55922
4952
16668
13062
3370
38594
13950
7488
18712
17466
61340
55452
5446
2056
7544
66480
3082
4572
3442
1616
14470
19374
4576
19838
69068
8234
40096
85760
8334
10528
17684
19356
242
17784
1358
12524
45988
50732
19296
18290
3120
1872
15310
9496
56036
17030
16496
11772
17380
17742
10506
15656
5632
16642
15802
19152
11874
7100
61796
2626
12838
5210
11480
3482
11556
13294
9826
18102
19298
5906
2970
42220
8050
31428
18788
374
19840
13680
14528
13430
8594
64916
26896
67356
6064
9340
614
2452
2764
8048
6578
5820
9760
32274
19394
188
13758
89320
15920
10496
13114
13696
27194
14284
71238
17226
11598
18756
15172
8892
14570
39216
34590
6494
3756
8486
3052
59278
6554
12748
9426
6442
15200
12724
15616
24146
6828
19804
1474
76172
82046
11146
18038
2834
84802
18500
9822
1348
57620
14590
8758
16258
8802
10984
16416
95050
18686
352
9614
12114
12402
37932
18606
15322
16898
8722
396
20420
7442
11048
10254
8778
12806
7682
19332
1064
7220
2544
14002
16014
73812
9620
16554
88490
6954
12982
2698
14790
66058
53606
81256
12704
13242
2200
9728
31420
16958
18718
1958
15576
41880
3604
16940
1342
18418
9504
67622
14036
1196
8124
13920
8048
12986
14418
728
81734
3940
4444
6008
15576
56858
528
14814
16614
7144
10796
1528
6724
6696
5542
16504
13100
10318
10572
59672
4554
79690
18382
2546
13154
14508
12804
2004
13178
18934
21942
19012
16676
30496
18566
40936
18410
10578
46748
7646
14992
198
10090
5622
9566
6758
19376
7680
31416
7778
59646
19710
3700
18532
13714
12464
2080
17648
64
19898
8898
16796
9106
8038
39228
2468
17654
15448
182
12350
55530
3732
17290
1696
8276
96142
38600
86978
48
14704
3748
19630
74036
1392
1570
16814
1030
2148
13176
5426
13586
9698
89018
988
630
16918
18986
94048
15300
2910
17688
19408
19654
70446
42476
13308
508
17378
548
3932
5740
75216
8668
7154
19492
6024
10944
83510
30646
9674
38690
12252
19550
2948
40474
80100
292
8724
13272
27706
12344
14708
9622
10428
10102
11628
13922
2592
14404
9122
7964
55648
86848
3894
18676
16330
12104
13108
6474
50254
12488
15190
17332
19178
12216
18576
42830
1654
44378
12678
13458
4220
13662
14866
94604
5796
11296
19332
98750
5056
19764
17962
10504
15644
72404
15204
14776
12194
76862
3978
17208
17146
52960
52376
6558
6212
98576
4130
960
2178
1626
15282
39240
28826
59970
7432
57256
18480
9846
6688
18838
4990
91246
1086
17698
10722
70298
4436
372
4958
5984
7606
15874
76112
3352
8552
13128
18624
91460
24450
12124
4314
31164
11942
90
13384
17242
10918
40044
9514
20880
10070
3948
10418
2376
15798
10346
32704
16258
6436
2400
11456
13730
18860
5876
39216
19130
2324
16896
6880
6220
6024
60698
14698
19952
8876
840
17514
4216
10328
20672
15414
2496
19932
15440
18262
66828
7828
41818
97736
8780
6310
24854
2404
11600
11282
2590
3126
14806
12858
8154
3832
26146
15492
9340
8054
21650
10450
35364
602
52590
17888
2668
23162
19286
5252
1306
12180
91300
9132
688
17502
4966
5158
11072
12520
14330
6770
51028
13680
1818
99284
59318
676
16620
76622
16566
19828
1394
1344
35398
3036
9244
30336
4758
69620
10986
18138
1540
13084
3908
13214
14902
5206
10274
15412
15598
8932
9126
1858
38032
45780
2080
2406
95010
7990
13802
83690
73500
13350
10704
18880
90
444
12594
17518
4250
18202
20778
12722
1586
1698
1360
7820
274
4234
2874
14054
262
19258
7088
19410
5402
7774
4690
762
11106
6554
15074
18626
19576
3672
6116
25460
17478
4358
80746
16154
62162
8956
97402
25746
18246
56898
10792
2966
532
3956
19504
11480
9286
57092
13046
40564
98264
12156
16164
1714
13348
7690
73528
13762
60578
998
9710
5054
13306
6446
2060
11964
12270
20572
7548
2954
3076
1768
14418
12236
8376
6854
10694
18584
12300
67888
10480
15320
10462
4034
2618
17192
17416
9840
73032
14078
4032
6382
99596
18334
17922
69054
1610
7958
82686
31626
8006
33140
5372
11792
7926
4706
19782
6968
4366
13266
1308
18372
62226
5368
80316
19454
8462
15512
40898
17528
38440
7808
710
8236
4
6188
5740
9612
9728
2312
17212
19926
15834
10520
63024
64838
12746
14500
18624
2274
7246
122
12888
8056
5070
14172
39732
84586
15298
2470
16588
1106
72664
82670
14514
18300
7800
1132
10262
16496
4432
2778
1230
9748
4334
55422
14232
12020
14024
4512
78
76320
21806
52126
6254
66770
13222
54388
29302
14674
19496
19208
17128
96948
18700
18818
56410
98400
8442
16582
19308
10320
21862
98278
6800
13662
14302
4178
7288
53718
33294
5142
19192
17486
29780
3418
9446
11122
532
2398
14758
5352
6326
89606
9966
59344
5294
15108
16110
16822
17246
4218
17230
15828
17912
58026
17110
2524
46204
8368
12126
15320
18840
8880
10634
14542
18590
12674
17746
120
78296
12942
26644
27778
4610
12588
242
10572
10440
16598
9102
17128
62266
11746
66144
5640
14120
224
17162
17072
13596
37404
1882
13588
8366
5042
8410
54080
16786
15476
20646
6608
13320
75810
7646
81596
28326
8032
1492
59098
55098
6952
13474
1480
10904
17712
17520
19946
9108
6966
18952
14196
19902
15884
95478
37684
64122
92776
6872
19968
430
1384
11596
12374
16126
16692
21856
16326
7298
616
96608
91892
14162
8222
1450
31798
17380
4584
9186
574
10228
7450
14418
15438
14312
19976
3724
2184
13938
17126
6600
17104
4230
61942
17038
87410
56234
13770
7200
14068
11814
12344
9172
13762
58342
47496
14530
80
5956
48000
2832
17354
31838
16404
4806
67422
93810
17980
766
40022
15078
7210
3900
16468
23534
42446
18782
14038
8936
91060
14680
18094
15270
96142
8502
14586
10286
19442
17846
1302
47542
2172
2122
19742
19038
16708
71196
18020
8636
14524
17206
5096
82780
4944
13078
5910
19746
10934
17930
91672
18580
17694
12680
32882
4384
23480
16004
13164
19528
3880
19206
15762
19316
12700
7568
16756
14308
19904
26058
10360
16082
16744
16992
7382
45034
14616
15952
3326
7144
10788
1398
10428
1072
3066
19774
7294
9180
10196
16682
3428
60810
15838
33422
7432
62296
46010
14546
12894
89968
1226
14348
79026
17620
4656
9914
54996
16788
13500
95300
23242
50394
75476
14000
22836
7140
61850
16338
6824
66538
16324
5248
4826
7652
12894
47312
4478
2906
12068
59884
7430
9832
12216
11368
8332
19106
12748
15288
59306
12592
53370
4008
18752
9286
15958
19980
2084
11032
5294
30082
3080
18080
9392
32960
9824
82850
1918
8360
46658
14736
4208
4108
9456
7908
23758
75672
65596
23874
19172
6132
6180
14824
19652
13614
2554
10270
7880
1050
4194
7214
19280
2370
47362
13872
13794
528
14822
10728
9974
13224
9626
5380
11482
9962
67250
10064
12350
34422
8070
4202
2178
11688
12496
63890
5174
15924
12308
54432
59142
862
17942
5862
10960
6824
55530
8382
72340
5916
17560
26
7902
28664
11834
2742
15800
6486
3040
19278
16942
10380
4390
21058
19108
7990
14268
16836
17312
85804
3272
17560
7968
6754
10634
2126
14192
13518
3404
21936
17972
14944
13282
10488
4222
14880
73286
74
14018
45942
2362
8626
6428
1088
6396
16456
10984
63926
22472
4524
3130
5026
13396
3378
8390
19294
624
13166
8186
17016
4446
56420
10468
19238
5770
12378
902
1518
34924
8388
6850
3310
5710
16940
3824
5186
19584
13490
10920
9970
13098
9762
14030
5676
16776
6334
1786
19114
52442
14870
15516
7946
18770
11812
15462
66688
3018
5818
72990
10894
2172
12782
68460
16740
13648
3448
12106
13248
68610
14468
8872
71616
10412
11076
19022
13360
18892
11110
5048
12722
19410
3382
2680
14996
74832
91702
62464
9390
10764
14062
18930
3318
17642
18530
7744
17902
2528
11614
85548
12898
87536
15134
8022
6822
12436
5440
132
55896
13880
92598
22502
4584
9014
3860
4012
72196
19402
14484
10594
4722
5388
9716
13286
6266
15072
19170
97152
9848
12956
54374
2618
34396
13552
12558
18584
13434
838
18044
10768
3634
12766
11464
18716
13150
8090
8916
1110
2664
7588
8908
13738
46884
55864
3288
18458
8692
2034
76906
7094
8226
31946
340
95804
19342
2720
1558
41174
25066
18408
74686
35606
17834
29482
98934
9566
6572
10784
8556
27852
6470
2010
18528
32604
19388
17810
2616
15746
2830
3800
4430
3202
10138
22126
59774
20564
17064
2892
3906
17484
9800
15878
29840
19908
14290
16714
12470
14046
2350
2610
16360
3642
12416
18926
42192
4972
9304
29978
2700
48546
13466
14198
44318
13320
11284
10588
16280
2458
11904
2130
81150
19568
9040
11760
19808
18684
98364
1912
3472
11164
11398
72676
11928
9706
44146
2830
12770
11848
848
260
1402
8992
7290
12388
13794
54166
16774
3362
20448
73982
19644
8910
33144
17572
15456
6296
3646
5286
4680
5930
5078
17564
10706
88944
19856
9736
8942
18160
19834
49906
3334
8068
972
61210
14516
41590
17386
250
14308
11776
92944
98484
17176
4182
22252
23110
33412
10794
2528
4136
16728
3132
54424
18208
14880
4222
5742
16708
19996
12632
11282
18324
816
7448
19174
4780
14568
7848
72756
450
10876
11286
68768
10028
682
9116
20
99002
94244
9766
5020
17800
12362
1588
13774
7652
8956
1416
10430
13578
7296
18354
19258
27678
7206
16778
15692
5266
13034
9872
16346
43638
298
6034
4614
42820
16786
1044
14888
10086
10846
13052
10734
10332
19166
70354
16350
12412
9094
14816
6976
4730
11072
9538
7282
62224
4564
7416
662
38326
12854
19662
5174
9682
98674
4292
2850
17746
43176
67078
19344
13306
6878
162
4134
24326
35874
96856
1478
11740
4954
3120
1596
7842
6934
7394
15964
2024
710
19062
14098
4790
11156
9200
2096
12072
19650
14728
4672
9360
11276
7116
7678
12616
15358
17512
9334
9490
9434
78186
3874
11558
3420
79160
76086
76100
11290
15430
13698
868
5246
10522
1800
2430
1960
8056
3730
17926
14476
15656
6700
4438
15934
11656
2346
69616
87740
16796
7230
30982
4988
6308
946
52090
11030
8048
17624
4866
29586
8508
19642
16456
69804
4154
90172
3384
18144
16282
18680
11168
88654
3088
9004
992
66280
14022
6028
7218
68338
4734
9162
11318
8156
11974
10288
70580
13458
14460
19288
5396
18930
12044
22840
4524
13542
18594
12552
10938
38742
27108
36564
13692
5876
7582
712
19146
8434
8824
29560
3612
12164
44384
6418
16168
204
11300
94348
4486
17030
1700
6670
17356
9588
4718
6326
5112
18592
8838
12932
14590
6458
7198
17046
142
4532
39862
1604
87894
8794
8294
17796
6962
14790
12484
16694
17702
16342
2810
12490
10994
8296
9372
98562
18424
74958
1702
6152
12110
3066
48200
28
10872
3594
17386
1966
1598
17166
18908
1170
2232
2012
2092
12614
64554
6998
45024
3376
7118
15010
16570
1378
392
13214
10412
14658
14770
1182
19928
15158
3364
19866
18308
6690
3368
3496
12754
16952
34786
18718
12628
18976
17082
6526
2150
1364
920
17572
6212
17664
11394
14408
17872
11950
52434
19440
16684
5216
4652
15792
1418
10820
8770
76066
19816
20562
46528
16888
5162
80558
12590
18354
49094
2280
2006
4120
68576
75898
7816
17836
6240
21002
18490
36392
21044
7332
5468
82274
3798
16424
10454
15752
12776
19744
14502
39192
4638
9130
9672
16018
1698
15840
78592
32312
13998
95972
15556
11952
14236
13066
14916
1332
12374
7684
8716
12014
9224
69788
11944
15036
5972
2890
8466
434
11856
15670
13806
3736
19226
10772
3150
13006
4960
1006
4408
18366
6846
15358
98364
18228
46646
9470
6782
2924
3532
13202
2990
70384
16558
70768
51464
23006
32008
84860
13358
4792
4652
17652
19406
85280
9504
1126
4628
12816
2828
12352
10472
788
11072
4692
3752
6648
6492
61978
48450
6578
31718
27452
19310
19502
2160
17072
116
60594
89690
42738
7556
9130
17816
98660
1656
7540
8600
14532
2900
13680
17490
23240
2698
4492
14060
11428
94982
15036
53610
122
48872
2892
11430
6948
8012
14176
6644
16508
4570
19152
60424
13834
15544
66658
3402
15918
3220
15686
4104
17782
48408
7738
17234
66862
12992
41162
13156
5206
14164
16866
87486
6380
13010
12948
62580
18032
98934
17620
20088
19030
10418
3478
11186
15736
14214
19766
69830
17990
93012
17438
960
58128
14444
12698
18068
18732
4556
11550
65994
90042
2630
10104
1290
11830
142
6016
19476
5928
14654
16098
15172
50528
4628
590
4912
432
16618
1182
5600
752
19684
5936
6194
6908
93504
5508
21786
16334
648
54298
12612
13876
18814
7838
9446
62812
3014
56318
19580
13368
16254
12464
16152
11858
8294
48686
2148
14060
90314
13724
16846
8770
9720
7492
11572
14056
13646
48288
12832
87840
5054
15096
17186
16642
58106
13386
19990
8250
14110
64198
24150
10012
1952
1044
17432
15186
268
6456
19774
18584
15316
16056
97370
11316
156
936
4512
11506
1258
158
11254
6060
32348
11252
2120
15204
7618
84418
10832
3294
7830
18876
5466
6050
54628
14224
69846
65080
1674
16248
6304
11470
11212
54018
14134
99118
30592
10622
15618
9974
11712
7206
1024
74772
6110
3526
6546
8196
4600
61610
69092
41860
8432
42780
940
17226
14484
462
1940
7668
14138
7696
98342
2416
16188
60732
10810
19338
4096
74888
3274
48220
7508
89600
89544
60444
2962
4988
12100
7938
12000
4742
7782
8366
11854
14468
6054
2094
10852
794
8478
2786
6654
8150
12206
2770
40548
19176
3888
3512
13368
19154
15324
12772
64528
79232
5298
14002
2732
16496
5098
19454
13010
2474
14504
15088
15860
880
18508
14784
14484
11346
30612
6438
8982
338
43274
12362
17062
16198
1120
60590
1810
10360
14830
1546
1556
19810
6740
15048
9750
17578
4790
13892
3154
7980
37322
2348
10274
8012
1968
10174
94
17544
5538
7734
18028
2516
70690
13470
296
18524
2816
15692
69856
15264
19414
15928
6034
758
2646
3266
15528
79866
7910
11966
23614
17468
62026
7100
17336
3608
96564
8676
9958
11906
15486
12956
12762
98648
14016
7742
3810
16416
4632
51524
13132
13162
12506
77752
826
16200
3224
17194
9386
26098
4580
9458
2254
12810
43056
6710
26
3618
14976
3170
5704
3350
9682
3692
17428
6788
74480
890
70894
17650
70790
15828
48370
18308
7580
9118
15938
7464
7438
2580
18894
39000
19458
5494
1888
19604
2110
8658
4756
2684
5580
5140
4064
668
3742
19116
13122
15742
14686
17060
18892
9334
14706
1862
4416
4070
17900
64006
66654
3110
17514
308
16138
10268
7970
13366
3084
15104
68040
78802
74318
19552
13450
18368
2904
6922
19332
19176
17380
41848
3728
424
13958
65620
5626
7268
45488
3948
51728
17264
18952
1486
19728
51806
5352
9694
10908
11198
7680
19200
4052
9124
48550
5050
10556
11206
8922
19666
6036
2186
8324
75176
33932
43880
13296
35926
12948
19602
8460
6812
18180
7658
12766
1726
284
81642
17082
11064
1510
14044
10022
18982
4442
1052
19836
34104
6166
3044
16652
6756
15416
14050
15670
3964
7416
366
5906
5624
8858
17210
50084
28038
8048
7690
10110
32338
33090
10158
5510
18112
55486
1008
9158
12052
19690
13478
2976
16866
2134
74594
21056
18872
10122
6304
2128
81270
10192
37594
10642
27314
5868
2492
2312
6540
10470
5938
19452
24618
5718
12524
14180
13874
5500
7658
12572
8192
2142
17752
6286
532
50210
10012
4874
12404
5822
6154
6268
9826
17654
7802
15486
17262
8336
16636
11860
43032
18416
4376
11256
8814
710
11382
18330
17138
68918
15714
21082
13988
99304
75304
6864
3148
81646
1468
4082
88554
1232
19290
4468
14920
9002
72686
16918
76320
17658
8460
13388
14992
728
76784
2784
77712
30588
7040
8542
14680
12850
11746
10674
11098
16552
654
12594
9584
5920
6798
68226
14252
10736
9116
544
13400
18894
7514
10186
8660
93530
15454
90392
10850
36300
1090
63310
7886
16072
5650
9858
2336
8170
9420
13342
26784
6418
11494
2770
2602
38520
18942
10926
6828
9632
16504
39322
84188
17176
15558
7084
13596
6366
7064
9216
19500
16668
12370
8014
17602
4932
12148
13816
1566
7202
78522
11708
14024
13548
70872
12858
10260
16692
18162
99358
16248
16246
69064
9398
9346
63814
11604
78474
8314
23604
51460
15260
15574
8688
22952
82916
11622
19554
6544
2490
15438
6814
19278
1058
1524
9100
13402
11700
4914
9518
11252
10928
13848
11204
46250
37056
76338
21766
24824
946
94792
2298
8044
96664
67404
30196
19590
19384
10300
31372
10428
14674
9066
2506
10040
13928
86940
13380
0
15124
13486
12562
4824
518
4362
11242
96830
17260
2220
5376
7586
5912
6092
9364
61358
15766
17530
5096
1794
7086
89720
1056
10076
7982
19358
53204
16394
8556
9910
20348
19846
3378
5454
49612
15756
11708
90420
73252
16282
3128
6670
30006
6156
11642
6408
13710
17514
65778
17276
11948
3896
19736
1896
88486
2488
92612
63292
17000
34496
11310
5826
6734
32726
10192
18740
1344
6424
28522
70486
4164
5670
5144
19930
95264
7934
26818
33316
16874
15472
58690
2854
13158
8174
11676
1768
62038
6218
10068
14738
2880
3270
73380
17990
10250
13328
14160
10008
9946
18296
6020
3220
19592
5002
10052
3374
3428
70126
69876
3056
17250
5244
4390
36186
4632
16496
39914
16358
13176
12484
94510
4784
6342
16270
2828
364
7548
11524
4346
14936
6594
998
15180
55038
16164
8324
92940
4000
11456
10966
1464
16768
23022
4830
87634
12454
18100
5960
13712
9844
54536
13078
19888
25460
762
2732
19150
14274
8506
3072
63152
11612
4408
18312
16666
78038
12480
7786
12758
1718
4192
38094
23018
32804
6340
298
83174
56318
14654
30438
504
546
3972
8400
88294
10572
18352
18662
2404
3998
18460
11850
14434
7842
3046
73586
1844
63434
4130
12904
18238
16728
13238
89300
13560
63480
4890
5464
17524
5204
5398
52
3630
5054
6870
16710
13994
9764
13840
13418
16462
13080
18076
8808
18826
18836
4802
11710
2658
62254
63220
5198
84034
14986
31400
28436
9538
70562
5126
10590
3860
16154
10964
13312
10428
11736
14280
3656
14436
13984
260
26530
6768
16524
27998
71904
1232
10724
5086
9200
17180
17742
7044
19666
12502
1598
17036
14282
1614
86342
55990
6684
9830
2358
63730
77492
12278
17268
15924
11334
8930
516
19194
12876
14332
8758
72808
4514
1574
6756
9794
2062
5018
11436
5030
67766
5592
66846
48508
642
14876
10486
2926
70630
8512
19900
15652
8748
12956
18388
732
65008
18434
3278
2118
12276
5018
9086
10052
5412
3286
9030
5826
8012
11020
15592
14578
12426
19082
83098
10686
8628
6888
10024
14152
16142
13452
42900
20350
54816
1760
7896
3688
11794
15290
1668
3596
10912
15150
7494
8612
2350
54394
15850
11546
81380
64140
3402
8858
15984
12894
12258
10290
4736
12218
578
96292
11272
19588
15984
16434
13394
5090
17396
8600
3852
13452
6992
9894
9848
3334
19428
78272
3146
16144
16028
8046
36316
10464
1366
7102
9286
13186
15120
19938
33208
15076
1022
1288
14362
12556
8836
16018
19574
17334
3206
5114
11964
7744
19180
13166
11564
76156
7868
11666
19474
16024
4196
17640
2796
50208
33954
238
6210
15338
60616
10150
49714
7372
18604
2048
55130
732
360
14950
7480
77272
93494
71096
87326
11228
13600
15428
54656
2238
16598
88562
19112
4136
6426
5446
5452
5212
30826
96752
17908
4808
60124
10434
8654
8940
12198
5926
10388
2502
3196
17442
11226
12518
44586
598
4730
18108
90762
19434
14052
3266
9156
30520
4408
2440
17112
7960
1954
34586
5536
12752
52
12938
81434
26056
346
83328
17808
15238
19782
15832
15818
2152
6078
85402
9238
16912
1616
3374
18818
7410
41212
9744
13126
14070
3576
2730
10580
7558
668
8196
18648
18498
15942
7518
11018
35006
19534
1738
2264
12246
3270
17852
12820
352
5738
10882
28778
13040
11170
72628
4606
13874
820
16712
9054
4638
99098
12060
16498
45182
2708
11864
10690
82916
8312
7132
11310
5338
9968
2896
17794
2842
12046
19100
18554
7226
19754
16146
30674
23516
11318
14806
95120
4244
12516
3054
53208
7596
18194
6842
12620
3778
14860
13228
14272
21230
7354
19238
14910
7640
81920
1460
5800
13768
14784
16378
54606
64600
10
9204
25660
14378
7116
90962
11286
11170
41258
14908
19124
67170
59176
74204
33786
15862
95514
10048
67454
11504
15116
18522
4970
18894
16610
810
19004
16628
12458
11430
372
69670
19576
13360
17018
13426
15608
14510
79796
12274
6720
13312
7300
19308
14550
2798
14344
11716
18150
5648
1064
5502
5372
7924
4688
19312
53060
738
902
69524
8472
74
11264
6248
17618
62350
19620
4474
7944
1590
12534
54720
18208
17422
11162
3814
88194
8386
11470
38764
210
14550
9918
67862
978
13902
14634
898
1376
19336
42122
2462
24480
32192
10682
13588
97576
4316
15464
15860
17018
2498
5160
94368
13392
3706
18920
9844
272
5988
16598
146
2574
5858
10230
2598
694
5216
118
16026
12010
28758
17360
4504
2232
8816
4312
61882
586
11648
18714
9036
1664
13048
17516
64780
17788
44724
18770
86542
38580
92796
17526
342
2880
63984
19476
4408
2472
17416
3266
15082
11958
3500
16264
15838
906
11480
4282
18426
11560
7432
18516
122
95412
6478
19184
5292
3378
12188
36368
6914
78146
19710
634
81164
15056
3626
60602
59194
15326
96390
12630
19702
17872
2296
18844
81580
7720
14228
15108
8450
10016
11226
80612
5398
12332
3614
13306
10072
16990
25636
94888
7418
17496
9726
15430
13720
24006
18598
19706
11610
15658
9436
73150
4534
8574
1082
19646
19510
8794
27686
63526
7920
3724
6040
71904
2156
10756
416
28620
4124
49198
10812
8942
10032
18848
7940
62340
13612
83084
2700
52662
22604
5444
5358
15236
7742
346
6644
18440
1242
1820
14852
10214
14798
8172
62582
1720
9310
8144
16144
2004
14512
55080
49442
10018
95308
628
6946
19330
65450
15360
7288
6492
16742
7252
15774
11152
6822
7536
3324
39992
15586
22836
17652
15028
7920
1468
2378
4112
4326
928
2940
11680
16338
19258
54966
1714
4990
59210
71546
2578
5120
12198
37248
16734
24664
87746
2986
65252
65782
7314
10160
8320
28962
15414
16292
61164
3972
71422
7556
16872
4306
73684
14108
13450
2438
17578
14174
4306
24
2396
9474
10302
12628
11746
13762
15092
60116
7070
13842
16552
19426
1446
9322
13682
1640
19656
16824
18260
19460
9208
12802
12644
92726
13356
82014
11544
11574
98102
11484
19372
13114
17572
12458
17170
15700
83998
58
18152
9514
6328
11524
580
7316
942
49090
13118
17052
19136
18666
8364
9306
6698
2602
15754
1156
69664
13692
2240
64252
3308
9972
1488
19910
13178
9950
2928
14380
4802
1060
17342
65364
7008
15390
15796
602
3256
18258
19394
13620
9278
5036
3390
1886
12286
58020
778
11208
1026
1194
19206
47364
16252
15014
16710
10152
12836
6624
9242
7200
1946
19014
7320
10066
7406
84450
9108
18616
13524
8894
12696
16270
11770
19844
5136
5084
10724
1824
4174
4248
9402
12524
14798
33380
2582
16994
1424
33406
41758
16608
21568
13526
1422
3760
48508
15984
9630
15922
1102
12504
13640
4604
10582
56942
5088
5244
8504
4888
17832
45086
8004
50762
9836
7416
34400
24136
12460
19240
54546
19800
18800
12556
8640
3030
94430
36270
96042
36408
12398
98544
9954
13408
6926
1482
2572
6488
16896
18426
10224
11200
50336
3794
19242
10148
1262
13568
9006
12660
9696
16492
6968
6484
11588
12770
15524
4996
15478
1790
8772
7038
78946
19024
17210
19800
52364
7494
9466
13254
29280
12624
5498
14774
2140
18236
16020
71980
1186
17492
10888
3100
7400
12730
22794
14444
17072
19642
18396
19132
97454
8268
15312
8074
3490
1754
79768
128
14564
7270
10262
10156
6618
24846
3382
2420
18800
13864
24784
774
3040
9624
11686
19394
9152
7644
17006
18502
11220
5300
3568
868
50688
40
27260
19190
12606
11402
12644
15650
14954
14890
18608
76042
5070
16230
4988
45700
18354
88950
10798
51928
40110
70858
3030
2562
51644
6578
15780
71184
1092
11968
3318
7502
80620
3880
35916
11108
19248
6158
68626
12882
6836
90138
14674
9698
10736
160
50248
7776
4334
3244
12946
19110
67462
19802
27176
5688
1756
2628
3640
1814
10704
13606
19182
18410
8268
87406
2874
20158
18220
6330
9926
12302
26714
18372
82660
7144
8640
17340
15276
52114
13522
67552
74916
4538
2352
17376
4576
6990
17244
13028
35932
2068
7318
40386
8578
14298
13878
10382
99886
13560
76956
7988
18920
18728
5886
38338
17486
13182
33328
19742
19108
18600
5420
61028
13580
8458
17046
8136
76256
17764
3700
35222
7292
13960
19824
802
16372
10942
11394
1828
12734
5468
17388
19980
11676
4978
8730
50850
3808
13002
736
6234
9730
218
10468
19314
16046
7450
18718
11762
95872
11346
4784
14792
2796
15710
12828
79774
17290
11636
15172
33640
11952
58228
5254
1002
17794
13038
24202
16650
18940
53126
93218
15280
5612
1288
88380
2726
14462
13984
58090
4892
15464
2098
736
4512
8302
29090
5248
14086
6858
10690
10722
2994
638
11908
24240
9946
8386
4220
5666
1560
13708
14804
7884
5030
17332
6238
4664
55998
14970
6706
14244
4638
93432
19862
13616
7244
13968
18288
10012
6760
53322
8280
618
14282
19014
1002
9416
10854
3270
3112
9808
13528
42276
19212
3142
198
594
13366
13620
6394
5322
12204
8012
4362
18110
62516
17964
14942
9966
8880
10028
13256
11136
6502
1530
2848
10800
10636
14266
80686
17802
5804
7242
14586
19252
7796
11754
89946
86518
19430
17810
10140
37202
7214
10762
58668
11942
5932
11554
14514
16250
2892
6172
19412
7322
10008
15326
4678
8194
3410
12748
18676
66746
94768
1276
3572
42004
6720
17094
12318
16842
15024
2304
16632
16914
7446
16246
3466
8074
18750
15700
19476
3444
10758
1592
48878
15916
17008
4768
18376
87122
3436
8460
18854
7952
18626
132
16266
19082
58952
10244
8278
60592
1416
19054
42328
4438
11250
7610
14808
94454
12812
8490
18996
16888
16898
18602
15140
95012
67692
10296
7306
85126
18092
15628
7146
25104
6898
14510
3206
81074
12710
6334
836
84
17516
19132
6250
16418
446
6196
19262
4256
63650
1416
7346
4528
71456
5196
10274
10846
57320
5106
1756
4192
15796
9568
10804
96698
11696
11294
1372
39502
13470
8240
13700
54794
67244
15404
3642
3530
8168
98258
4832
466
62588
13278
5040
4896
90912
864
9700
18266
8136
8410
10610
64578
1672
13364
10906
16374
17658
10210
48362
4484
6280
19680
13468
17024
8000
12354
4656
75586
93768
6020
18488
11048
13120
19840
15146
2198
34130
1828
6840
1086
19632
5360
70120
2420
6344
7576
2376
5162
12382
19968
80
49402
2786
13692
1822
36504
86964
15180
9166
1774
18338
17742
14578
17940
28144
4938
16990
23380
41942
18904
9538
13732
18992
8870
430
74650
22548
8692
8422
64910
15106
18026
8210
17938
54192
118
99428
10422
15012
1732
31326
16840
14868
40074
5080
2008
4466
4804
29332
12374
14336
11192
16144
16906
24360
13034
346
2432
13152
15464
95658
28402
19090
4036
54406
11828
12224
8848
13070
2776
2804
92924
18224
14416
3882
16856
13118
3366
1290
3390
1796
9346
7408
17954
14504
14844
9622
1758
2206
18698
26716
1670
85058
11864
5786
1574
9470
5356
7524
5754
390
42562
15422
19760
15096
10936
19632
19496
79152
8336
41888
12568
8450
5430
2732
3702
6920
1288
68022
6148
7528
75540
12958
19920
17484
12344
156
61972
2896
80004
1520
17070
12810
2582
19274
16892
11056
5600
1478
14554
10836
18924
6850
12250
10398
14462
3580
3818
1858
87904
2320
52804
13902
99912
10534
5436
11696
74008
6868
14874
6506
17428
1306
39372
13716
11342
16230
4398
10874
5372
87768
83474
91834
99922
2104
56950
8368
17688
9994
9656
8122
33590
17944
82184
43624
14082
6000
17540
8894
4720
5928
14020
16496
14908
17752
15420
9134
8452
58654
50880
3786
37850
19046
47922
106
19728
14866
2096
96208
12348
87624
3632
9134
89204
9652
7942
11450
2290
73684
13174
4334
7864
28138
80992
13726
8268
10356
33386
4302
14728
9814
1732
14416
43102
84494
13560
5306
14960
66156
2052
3444
2506
468
6094
15998
1556
74550
9790
16732
13150
11588
9714
940
18054
5766
2490
88590
12492
1358
61430
55718
19848
10162
16432
89810
78852
63034
7946
7216
41962
90830
15082
5490
5220
47260
70020
9600
14500
82984
4462
17746
11072
4718
12408
51876
16574
83322
7420
77360
20950
17594
7270
11368
68270
11210
42738
4228
79364
1196
10832
17390
19136
1994
80592
4146
11284
78740
22968
5348
1368
4992
11066
13452
7304
78964
80050
9606
13616
18280
2264
19128
9354
15080
12810
64992
332
9126
8668
14130
7478
5842
2310
41368
19734
17518
14342
13868
51346
8576
96372
56574
75278
15996
18190
6760
4218
26186
8026
948
7906
16532
12318
7334
13902
1746
17960
2480
554
67968
47092
6478
15020
14740
16760
2322
69934
14138
12060
19050
9692
16208
11246
12152
23330
62494
51456
12672
2718
9842
9378
93288
11304
61018
12024
2020
89414
16404
2434
10266
2198
6060
12262
9694
1966
25290
4440
12638
8586
842
17920
1856
11874
7928
3000
9322
57450
5664
14302
722
2956
2900
25082
5398
18732
18618
880
15676
8286
7754
62586
266
19474
3730
9914
7642
16460
15498
7022
14168
15128
13630
16172
4208
3816
5420
6678
7332
9502
10004
5332
19736
17858
2300
13504
11810
3834
34114
19336
5048
7108
12862
47118
4966
14124
72256
9842
29070
31150
7132
18454
3772
82800
10520
23954
6748
750
8158
8634
14084
16156
17014
12806
16250
5028
15048
2464
47388
854
85202
86036
3040
1796
14400
24060
95146
6742
13072
22976
19456
13192
72022
19810
4486
52482
15112
16158
10428
290
19004
2152
1590
6484
7084
1002
13310
17514
9606
17750
18088
5606
10978
170
84602
17190
62600
38530
18034
55958
3688
3746
75158
7036
88076
50828
17780
6756
16024
18434
45232
7880
1066
7712
14384
10196
8960
15714
54832
7564
2894
13116
14986
5526
15754
3992
16822
16804
8826
2604
5840
10210
12426
29526
12490
10056
1016
69158
16920
13096
724
11196
8834
11488
42996
16408
69776
8370
50338
2932
23578
8934
10314
11074
66422
13892
7564
31302
13554
4510
4908
88506
19236
8750
3242
14582
6804
17378
12046
1812
62576
79110
19184
962
19810
13316
11818
3718
13494
54028
22524
17290
18414
15526
24446
13760
15958
63348
18886
4066
5938
11644
12686
10790
2770
82386
66362
37094
5522
392
2190
14640
10028
9324
10450
7674
3850
47898
5318
16854
2984
1512
14580
18224
33558
9300
11070
2454
7844
8866
94222
9234
9450
8034
11488
17754
6988
17526
67080
84478
18178
6818
4538
10672
14952
81912
2712
18362
2120
81438
88384
9096
66
18902
13648
9852
53788
2676
96352
51602
18892
9942
9894
84156
16914
64102
44212
15822
93342
16238
1850
18366
39270
5654
3106
18182
92168
41756
18734
27916
13298
638
14102
6660
7044
67316
13430
17354
3552
38
44760
15478
19454
22774
8058
1990
16780
13660
76968
19006
1198
1150
16870
16534
5064
14260
9976
13414
43068
11390
15556
8814
71768
4364
12948
9048
19596
16454
19200
15618
114
25288
10938
4886
14334
72062
7396
4096
70978
8378
12164
49186
1080
80482
8450
1284
7440
14178
4804
8904
15682
4100
18282
18832
810
11736
47516
13374
6844
16140
7112
36976
11630
5220
17026
4580
48718
5790
18996
1158
7516
1742
19138
6802
1114
14606
6472
6442
17608
87454
9204
2702
15952
21656
7180
19412
12178
3724
13794
12636
12652
11682
4720
16038
17674
15190
5154
986
4766
14754
19742
17344
6690
4350
18222
18748
19766
19896
16968
47684
12198
5406
16704
19058
75128
67552
978
382
14234
88682
1206
14998
9752
15434
9758
95628
14042
18334
2916
20126
10974
4804
69954
3380
18546
7930
77902
18768
13586
19782
11036
57882
18228
10498
9370
14268
12058
15398
16074
1754
2982
4798
15326
69828
7256
5496
12796
15112
6090
6700
16546
18490
2140
12826
3146
1092
9906
14116
750
6810
40218
9968
78624
18272
45912
16844
11896
9154
14114
760
16240
13592
11984
18324
9356
16082
55638
18830
53414
47970
7660
17992
62674
18762
10870
11296
31518
14498
9926
14500
17322
90744
14582
8650
19864
86598
7022
12944
10596
7854
18698
12776
19930
41678
7284
7608
17314
10812
3672
3346
12742
7704
2080
17888
10816
74998
12508
9818
1920
13184
9050
19098
2684
6102
11076
7790
13272
11506
13394
2298
1454
9918
17076
7040
4292
74522
13142
7320
10342
848
11098
15790
16994
1020
9642
81038
17758
12280
12608
2968
19908
18952
13144
12244
11672
18860
19434
18886
14352
14190
16136
254
10196
4836
6684
18300
67924
3322
2742
19364
4602
6380
11566
4416
8688
1708
47944
2392
81758
17108
12626
14710
226
3480
5940
37210
7520
70898
12142
76272
3056
3862
1574
28318
3978
4316
50148
99782
45646
10634
16644
19030
4444
4936
9322
64674
18184
16544
3454
96372
3530
13256
26344
67094
5350
4618
7114
192
13268
3382
92980
8294
13338
90924
16368
53640
18080
55804
10670
18546
23910
21514
10892
85732
4314
14966
13052
18268
17902
65662
1330
4640
8984
4688
526
11766
14518
43480
6242
17486
13310
19818
19678
45590
12802
57446
17184
72540
9616
12298
61964
468
12694
14614
31114
12786
17698
258
10106
4176
13106
97920
74140
1506
12110
16306
9678
2060
85174
47036
4832
8962
6654
11192
71154
20090
17120
60488
2048
3538
1852
4920
11794
49840
2872
3900
12172
22182
7534
4894
4156
4048
2790
95844
8458
49650
9082
29844
1014
90548
83632
8690
6448
15256
83138
17824
9952
4868
3760
17396
3038
18540
87770
3572
1396
94298
10182
13382
15176
14260
63580
15514
9248
11364
74658
9846
17470
16186
39542
9680
4202
6638
2214
88994
6112
10850
8176
11976
17276
15456
8584
15492
12414
17440
17890
59220
16402
4238
15486
2366
7048
12780
19796
12170
4464
3122
1128
9684
2692
8628
3990
12702
9376
19360
19578
10022
15116
6708
19502
15690
4012
11874
7962
96104
41578
15314
824
6750
9912
9880
16262
17784
18072
2254
17152
15602
1758
37148
18764
16354
7122
7194
16090
96462
47610
5248
7506
62138
1342
77536
14760
3854
88860
12986
10146
16264
15040
13194
11574
122
14722
4562
18010
35746
43722
17654
19038
47856
85986
17602
18204
14428
8566
7060
6472
59238
11800
14118
1202
72544
13010
8950
7588
6630
8670
11142
9080
18428
17066
14188
5046
43764
12740
15324
2894
620
7388
8270
17334
13460
18984
11842
18102
68794
8454
8084
6466
47338
13438
12906
16270
13098
17028
15994
6868
18316
6836
60448
8416
29564
7210
18198
17946
9756
16100
45164
19886
16056
35070
902
2456
19980
10090
6
6010
13522
85456
2444
19170
2850
17188
32746
70392
8194
99376
19752
2934
15768
876
18752
7574
5946
96550
3872
5938
15010
10012
5682
16676
18598
5184
67588
15366
11928
14546
5142
16020
3884
10998
3140
81150
6736
5992
13556
19208
11150
18082
18032
2058
17162
19822
11362
15690
97484
6964
45498
73834
16258
12538
16056
16146
11490
8644
16980
12688
8496
54744
30262
7818
14526
61904
4250
11944
16224
182
8942
17176
10316
53908
884
11448
1066
15794
12274
7074
17486
13202
6112
3960
19688
17198
9066
23824
15026
9004
42
12658
8438
61186
4624
16924
17464
19052
6622
71716
13992
12912
24894
4472
45764
94760
8664
19484
1758
18860
2286
2908
16030
15824
34440
19540
12836
16964
15120
15378
6432
22846
8636
10532
12162
15500
6892
23004
65080
6010
6084
950
17296
14178
1980
17752
3922
98604
13078
48628
4172
15128
19602
17068
33428
6786
52566
16400
10958
86194
382
2166
13252
67626
980
55038
1172
89168
17624
9874
8810
6430
49884
11510
14182
63064
236
54382
15702
1892
6196
14800
16582
12778
53596
2710
17014
16468
54220
25458
18760
97020
6550
24412
12180
11214
1772
11848
1236
99566
72716
7174
19672
41644
66952
72368
104
23846
19436
11574
1970
80674
5352
4782
99856
3060
10694
9574
2568
17422
1276
12598
36556
27270
4076
1066
1832
65428
9432
7126
67042
15906
6702
17216
39708
10796
10728
3438
2772
15924
6152
4524
8994
96922
3226
6050
67858
13722
17234
2596
11090
7984
16818
13868
10758
54314
14858
11094
9638
9230
3772
62642
16724
8364
9518
10892
13532
11832
11544
6892
10898
2548
86556
4394
14634
10804
14810
16158
18822
68488
3848
16852
9452
8136
15398
556
9338
67734
9312
10174
13632
8688
33830
4344
18468
13820
16008
10808
7240
978
79034
8634
682
4060
5014
15816
6466
57096
34834
6616
16266
26478
9270
64090
9494
11016
67648
44554
75568
48138
15848
13586
1768
11668
9880
96090
16472
1664
2602
12142
81806
5198
18974
7586
18218
1514
7948
75080
18866
87848
91606
800
24378
18082
2564
12104
42702
13300
1080
6220
7776
18698
16376
6060
50958
14664
2056
6922
9284
78954
13506
14164
8944
37708
17814
16792
6080
13262
15752
13534
982
18310
5454
19636
73276
19460
10722
18010
9906
18562
12718
2892
8428
19982
18646
10974
10716
14324
4724
9146
5000
19114
18202
69156
19304
13706
17018
3988
17620
4558
4780
4468
18356
6086
49694
7548
18284
1744
28430
13554
9856
17066
84980
1686
63214
12616
10666
14724
12184
80342
18402
1772
64212
4316
82780
8556
19714
13572
41706
12046
8366
66546
8234
5818
9562
16714
8192
3268
37994
10674
18822
17290
710
73588
3318
10374
91738
17806
8620
44330
93748
15590
73838
6710
16054
1560
4222
17954
13178
16560
2536
16090
11914
19762
8756
9682
13316
19614
4348
5904
14064
3704
48254
16508
25864
204
15700
12002
1314
354
5018
38340
18014
9420
6590
34448
14646
5078
8054
4136
8156
5884
13474
1416
6594
13560
64532
13714
8208
10870
13794
4548
51712
15500
4716
10290
252
66692
77228
1364
88
2490
5826
17122
12552
19622
5904
67838
6148
7524
7580
12142
9236
10474
74866
1836
96242
4760
89206
4846
12974
13508
10954
10842
18792
1130
2122
9986
1074
3228
7252
12822
8120
13652
7802
15792
12068
6340
1734
17702
35664
8634
14710
4806
15152
8832
3646
64696
5558
7338
94106
3032
17664
17340
12404
12286
19800
7756
93766
2266
65502
19322
12400
17962
2412
6942
69254
16368
19730
8444
1414
9698
66522
63784
12078
16300
70094
20878
12842
404
10496
5972
19036
5246
4216
70202
2124
14290
654
864
48872
104
2228
18734
18210
15314
6432
85482
5506
11294
88666
16086
26520
19288
12638
3294
11004
19656
60096
16084
10418
67450
18446
19426
39568
3936
68286
18642
80234
17388
19982
1470
11694
15300
17200
15494
17738
4282
16058
8588
9244
19896
10914
10056
7706
19804
15390
5814
1182
46232
12450
75808
4032
16084
2916
19178
6908
1230
2500
18188
7102
12888
16894
15644
7714
10862
5624
19602
17984
53236
4058
18300
19362
97232
12070
7560
5412
38014
2710
15076
10998
21058
18600
14396
1816
15804
16218
18432
9850
4112
6936
10460
8114
2506
10826
1036
38444
80218
8902
6162
12226
11544
44438
53630
18894
17558
15092
88268
10632
18762
7464
18978
8932
3478
2210
4780
97726
6322
19154
44
17188
16544
13620
3722
5098
19208
14688
62068
10048
2540
10646
1230
59264
12962
3030
74006
5286
9892
63820
57202
5330
5828
50214
8212
5558
8190
128
2730
8064
7506
12550
64632
53972
1624
1658
8186
88876
30090
18942
66854
6222
2442
2798
14
41686
3496
13086
16862
19902
8292
2814
11002
6282
6456
11784
404
11158
98286
28826
14126
10468
14392
3240
15512
18540
10786
9962
5576
19164
33452
5242
19908
3698
9314
2754
16816
72004
96162
3964
5518
5040
3954
24000
9894
39942
16582
10066
16488
17058
11926
17816
17774
6114
98624
12634
10712
33340
60916
95590
10268
4898
18340
3116
2018
4502
11772
17484
7726
17796
404
4834
53002
12878
2676
5180
4568
8294
17592
1288
82138
10188
6484
19334
16170
13978
15392
17664
16358
4392
14706
5848
1696
7164
12136
22446
19606
16156
38958
15136
38030
5990
9480
77260
17426
6794
15904
76936
7664
10454
7192
3388
42184
16752
12494
5452
15054
13974
15666
25206
7610
14962
7568
19728
7708
2642
18958
2650
10444
15320
11342
15376
20432
12286
18302
9748
18934
13090
11354
16532
13584
2316
376
95864
8428
11762
5612
12148
11030
6190
10728
11502
19064
11612
3260
13458
11226
7548
76214
11648
320
63932
8250
7776
4664
8546
15952
81094
25182
46046
42608
17858
16906
2068
88986
94736
11576
60266
10490
35728
5282
10392
75458
16318
48502
10020
6744
3444
90128
5306
27056
63820
19052
23452
17450
612
13680
12196
1226
36906
5014
8284
2858
4414
13848
18026
14600
6276
2104
19876
352
4206
56712
10202
8382
6714
4250
13478
1474
58564
20254
9576
3996
12004
14916
4362
15478
4808
4190
19554
75476
15212
2788
2514
19656
93308
92654
18144
79500
15600
12158
48538
15226
4220
19872
17466
49256
5266
16602
1272
3830
10454
16426
16704
31074
14950
49274
17646
1002
18964
10212
1312
3504
15874
86846
6314
33898
17672
7812
4594
9138
98766
7718
14680
18466
1018
49870
13778
21104
1786
2446
6462
9144
11348
11410
7176
8748
1180
16912
13538
16492
90522
97046
41592
4436
33874
1024
14926
298
22838
10168
2228
42778
3460
12026
17610
9158
752
60714
13396
17098
8958
14200
9578
16304
8478
13578
3766
35396
15276
7566
10692
1540
9624
954
4410
12326
17370
15822
8400
1960
1868
7456
3312
77974
16390
95158
13236
41082
730
17280
6278
16764
9450
8108
8660
69670
32700
4086
12032
15552
8052
15082
5064
12494
81472
10832
4524
5072
2392
53794
2176
884
908
16016
13172
6680
1082
4212
10134
13888
14342
8006
11976
93470
4458
13906
13412
10244
18706
10192
4642
2794
10794
14370
10378
5052
4168
12082
3488
19022
60756
43982
4376
18190
7536
87000
6758
63680
42464
990
16246
16288
16660
14780
67278
9656
66940
15510
15808
8960
8668
8036
13996
1732
284
17434
37788
17902
14990
11960
85120
7466
18430
9510
12446
3298
724
53312
5148
53198
66428
19760
3032
1980
7292
8286
14428
13012
67260
3412
9720
12918
7130
1924
7572
19152
19578
17404
8762
80282
11714
7954
16362
8670
8602
10036
11610
11600
86462
42714
6324
16154
9432
4708
3488
4348
56680
41154
6836
4238
3354
8866
9068
56458
12760
12012
5352
7582
4022
65902
4450
4300
19762
15624
9566
11092
5560
17232
37672
13762
8942
6886
8682
7510
79874
4364
17040
99680
18954
11294
390
46
5410
6346
52948
88408
18652
12538
64992
16276
11680
3650
66674
18360
6374
14848
18622
26780
6866
81220
7462
4264
6316
56064
60808
1692
40958
14872
12226
878
13498
606
1926
5662
15648
5132
35890
9150
8038
10594
1238
6870
10742
87644
11494
11820
968
6442
18048
1856
98
57094
80928
5546
56656
7242
26170
17898
11454
15878
17734
160
18842
9950
9720
14342
8128
9544
4192
16438
11112
4090
4400
7404
8860
10614
53980
39166
12650
6336
99268
95234
33974
12374
1098
18340
13744
11792
14630
2468
31276
14310
4954
57970
86060
7738
14746
10388
15488
5246
6970
34354
8714
19582
4824
53904
77480
8860
9592
19306
11290
16676
68924
19002
14158
97264
1644
48910
5210
6826
85052
11934
15852
29484
8164
18106
15002
18876
19234
7670
9992
12724
226
26
63730
90476
19848
6734
8802
8056
73170
6194
16894
17566
19728
78170
77826
23618
1424
814
12364
9108
8110
24112
56408
2598
15996
57186
18344
12502
15020
2598
82652
9864
62602
12276
77294
17154
17668
10078
5580
11846
28324
19802
15404
6790
18740
5276
7168
19176
88700
40868
18454
468
4026
4542
220
8948
53890
66020
15826
8712
15224
12446
9722
17958
7558
3234
10160
13128
14748
13090
82106
12610
8246
12912
11560
16388
11206
38306
10184
10506
29254
2032
17604
17340
18294
4704
9800
4644
14126
18152
1330
19900
17570
7606
14148
9030
12448
38308
14148
1226
2874
1822
17824
18568
51334
648
34220
86624
702
8244
10596
16322
4372
11648
12866
2450
13502
8288
17146
2386
94956
46176
14950
2916
10752
13022
76626
52432
6662
91120
18846
17602
8202
17494
62862
70734
36078
19108
76644
13912
60176
13792
5508
12888
90342
14142
11858
83602
79974
15774
19864
26370
128
16202
99522
10250
36672
44624
14882
4214
11970
18746
8978
70160
9984
55476
5992
3074
13926
7726
11560
5100
4308
10584
17644
9060
1758
10284
19506
9300
8966
28032
9276
6212
11354
9174
19668
8084
87566
19144
18514
15256
8682
9904
46504
394
3152
5698
10764
7914
36936
16022
7228
11618
14444
14338
11696
7380
10156
3496
3188
12766
3464
8094
18910
4178
5872
1670
29040
3218
8344
49174
18656
5164
17680
63326
9436
82016
18512
4312
19780
48972
3666
3592
14470
7942
11882
2868
43692
2934
6126
24402
71326
62624
1502
9046
44848
7064
9506
5254
18462
74840
8286
244
15184
5410
77858
16390
5150
1538
86488
78462
61890
3486
7152
12194
466
1420
75442
4604
13896
15592
63346
12112
3950
18112
15154
7906
13800
7216
9404
66360
13536
89252
2130
13460
10908
10242
10274
28910
87458
16374
12668
18556
19002
13494
7492
14670
5028
12948
16902
4576
18478
4190
8702
15726
68268
45946
4274
12992
8946
4716
60224
6058
15462
2538
15946
19344
3992
6562
4868
6232
5444
12100
10014
4360
838
14172
19386
45970
17882
6960
9634
13200
786
14362
10180
14120
69450
18414
158
18516
6892
16566
11664
22148
10990
10950
13996
15620
12352
4794
4676
5204
9966
13528
99394
15518
55452
6304
7894
8238
76416
3452
3280
59092
12658
1578
87266
16454
70608
17036
15428
42204
8210
8348
52218
11802
13998
10616
2840
9820
18396
49864
7710
91362
906
18982
8776
19188
4430
6666
16180
8116
19984
76
5168
910
7046
12026
192
7878
11920
2398
51766
71770
7104
9538
19452
2606
1490
4004
13972
1144
43976
19804
8024
14958
10492
18850
450
186
19064
2594
69310
47860
42828
60488
8426
86886
83040
2382
16148
3776
1918
92410
4370
17466
24348
26976
7778
17028
17868
46490
18608
5856
41984
412
19670
48140
2492
4548
11478
14774
11826
1406
31568
3234
18480
9506
7048
12656
870
2734
16564
14188
81378
17596
4446
20924
3140
16618
8406
14164
514
1336
9792
11074
758
390
6466
17100
2432
11230
10562
86
16442
17948
16036
7624
16520
14812
1622
18320
7444
78916
9636
64530
50446
254
5354
14894
14506
4506
18504
17928
37096
3536
5164
6332
13996
70246
2390
98188
964
1358
2104
15370
8950
82208
31628
12872
11522
77662
16718
6396
2934
8342
78698
19796
9756
2628
91094
88316
2046
33080
55962
63944
16378
13176
13634
96606
36940
13076
3158
18620
3098
10040
15832
81170
1314
4998
18190
11468
60020
5312
4454
6212
1942
11576
5982
17174
15540
11820
16346
15026
99650
44926
11122
520
8352
7952
13136
6404
17318
12586
9370
14906
18258
12874
11364
7856
18122
13640
13278
5096
10926
49588
60860
71174
1852
73872
8054
1936
4364
13052
8368
65006
13618
5614
17306
5962
45552
1052
8726
3840
10042
9518
31016
15308
18868
18600
9464
2654
17414
5886
59354
16568
12028
3644
13364
16092
5688
70776
19222
16420
42744
6694
17310
69106
18674
67202
68
10356
54220
2466
7216
82928
43254
50750
15254
93098
10626
2496
16486
8224
9824
51274
17532
12580
60440
1554
29306
74494
13786
19344
866
19494
7940
10142
4818
2092
16090
1210
292
8724
11468
3354
5396
4546
6258
1444
8332
6134
82992
17730
16758
37518
5656
12814
54638
17956
12186
15140
12474
14832
8560
2020
9368
8836
12852
15586
16000
17472
28876
11598
5558
10552
19648
10604
14312
16048
19948
19432
11140
15658
19686
6846
14238
10218
3266
19222
8932
17546
144
7532
7744
14208
4370
18072
12552
494
74938
10068
12870
15930
2682
2852
16396
12760
4480
9362
88994
4280
65250
1994
19874
10538
7876
9056
15420
19356
14654
13674
67516
10574
7322
8256
11554
5068
5584
10844
92194
74958
19416
26734
16114
42268
82952
5738
18434
14028
5310
13022
19162
93890
4658
7342
11122
14340
18358
2938
2690
57076
18488
15392
49016
91218
6608
19930
69166
10934
9316
10232
14232
712
16748
734
8062
13356
17274
17222
14706
5882
11446
44718
16632
3354
2160
12602
8034
7582
12244
2844
9874
14086
5922
19820
31424
18130
5188
2188
7872
83638
13538
14996
14906
13632
14946
11700
10840
1906
16522
10840
52782
3638
1654
6694
12172
1614
4432
8174
2694
2288
17040
932
4694
568
13846
14418
3476
4040
9730
16614
5150
13764
93726
53420
14848
18968
1786
9236
18572
15662
65202
1100
11836
6758
3658
17896
8666
18328
2772
19314
59342
66954
70342
10938
2202
19134
12896
9606
76696
10532
19142
8448
12136
5118
88984
17640
8376
304
16452
15992
11358
4092
59486
1424
7486
4694
11262
36800
23650
10144
15120
1062
84918
13872
8132
3202
9766
15968
4178
31508
8788
10604
83936
5870
6592
93602
16052
16452
2958
26844
12820
16648
11748
3598
11952
74578
13806
19078
25654
13780
51324
13346
11194
12140
13542
2350
19234
6156
8544
29782
12228
13240
4214
4760
14078
79118
60880
12708
18134
15784
16628
13380
2794
7354
5308
1668
6712
6002
11388
30298
4362
3948
9226
326
12794
3536
2964
16462
51944
556
67554
7412
20580
4912
394
11412
6752
11560
12244
9480
19922
2126
9762
24630
5220
604
4176
17162
14564
12482
10644
7512
13538
18244
4956
7956
90784
14066
96374
13534
28794
6548
28398
3076
5360
2574
19754
6850
13890
7488
9952
16616
8068
10694
9170
6306
16100
5668
19700
1010
84298
11306
6484
3526
5088
11236
14686
63256
3214
11216
8176
13198
18200
2196
13042
9306
58286
19778
11650
19640
51188
5544
29676
9060
14474
8788
8062
2780
11534
11350
5456
70688
18594
8810
18466
776
37174
18412
96074
6216
8388
10480
13410
30068
7788
90260
64990
538
1112
19090
68168
13116
16894
6824
11946
97482
12570
35338
9330
15062
12544
10720
13426
17400
1362
77454
4582
7322
48136
17992
2184
18934
12976
76178
78048
570
14542
8198
12298
15826
3296
82
10680
9404
45400
16026
10408
14764
7994
8232
184
11196
13948
89818
7898
1640
16956
76196
1904
63320
3096
19326
75366
74994
8916
86634
24280
16896
462
58518
10336
15296
424
2304
27286
24576
17008
10492
14450
50380
16256
13168
7600
24250
9052
3516
10418
69540
17158
3578
434
4122
90982
5738
2220
19100
6432
19698
470
5440
9262
5944
14694
19320
7478
4570
17768
13720
71010
24754
70756
88626
10490
29310
60598
6960
15412
17490
9508
6370
3274
13350
18626
14670
5910
12512
5466
81854
10122
18052
7288
3454
15396
1850
14714
14820
19428
18306
4416
7460
5114
14546
14346
11714
6084
422
424
16016
3628
5562
19564
5732
11192
15248
13266
13572
8478
3104
10130
14830
5822
9844
58950
16980
10588
13738
19776
1590
17058
3414
3374
61244
15608
50436
11282
15070
13776
1214
1974
17434
19938
16514
2218
49272
10604
5814
10486
14034
9804
11274
7898
90840
8002
11782
10518
11108
11050
17382
37494
17544
6636
55302
39050
12370
17214
12768
16752
69522
15160
52890
5892
48258
804
18234
9144
14544
6074
3144
6200
40318
18740
31832
5756
49218
30
71348
7884
8214
32424
67254
12060
17666
10428
17360
51330
116
7610
7360
5194
14126
10694
296
14638
17912
67222
13978
86026
14308
3026
12014
13690
17690
17570
9572
47566
12668
17164
90550
664
11844
5802
9484
6994
2556
7998
18156
1372
5166
4988
466
6798
13278
1608
9304
16370
2644
14192
51396
7292
24530
3112
3208
7696
14140
4708
11888
60110
86
10854
12398
18838
3410
16758
13990
12538
13584
1970
12762
58822
576
14488
10992
3470
69772
37576
56366
782
16108
9432
15420
48946
39332
76436
5822
55888
6928
18750
8718
458
2216
500
5620
12282
7990
836
23988
76848
8276
7666
46108
16370
8346
10380
2162
18100
9590
18972
188
43580
17984
5930
19218
66426
14432
91766
5174
14092
1490
27476
7470
37808
19664
19686
1774
5530
5516
19672
4978
7854
16574
58756
7600
12876
6896
19394
18420
17188
7364
88516
8344
57680
8054
97434
16886
666
1874
8924
86998
33868
908
35454
6926
5582
1702
9466
18756
18612
2350
15872
21294
8394
17296
16518
17364
15950
15690
9112
13266
160
7180
1902
15398
4848
3460
6322
19470
5040
4350
19188
154
19032
11960
596
19912
10766
14454
14108
9490
26726
3232
13118
2276
4896
18136
11084
12630
40542
16880
7214
11726
12014
13012
17606
44668
18312
51028
988
8320
19738
9980
10782
16038
14730
24840
19282
25222
13664
2222
11946
71034
64090
14768
12612
1026
8218
15404
13154
19022
1676
660
3588
16282
61126
9106
24154
5292
85910
16588
14874
75618
95520
12686
15158
13440
2298
8640
10872
18216
74994
3616
70466
15632
17996
92512
96918
41790
93690
17498
5392
19086
13248
17360
11392
18358
12054
7434
9112
13642
17354
18528
16188
4038
8370
3128
10008
1936
8904
14566
1478
4030
13854
1322
19898
19146
5286
18408
10818
10010
6754
8474
83624
19634
12282
19548
6386
73458
10540
78372
12000
15120
51900
83480
27842
62284
19232
4680
19336
14094
16238
18292
13148
3500
7352
8426
5170
1928
3962
3262
13002
80928
15738
18
5102
95452
81434
14088
10674
9686
15024
19906
58548
17948
15960
73372
4438
42012
77462
11394
2354
7606
10438
13794
15810
13714
9264
15314
87156
1468
14280
12804
3522
11498
6054
2118
966
15442
4424
1816
76616
14268
10582
138
5856
3732
13496
56376
7328
16402
2400
394
2220
17016
10908
6120
12390
14534
93412
11694
12198
3610
988
11396
16308
5126
12238
13056
8746
4150
11260
96896
17896
5678
61676
19552
13078
14118
12546
10968
2060
15812
96988
78554
11902
19170
17070
10962
5656
6484
8230
63808
650
16138
5226
8808
2922
12342
4872
76560
8134
4624
8574
78936
16712
78
17302
5498
14506
18296
1426
18204
8226
9896
3912
72670
15974
19708
464
592
17754
99694
63214
86566
3956
6310
824
1092
3680
1580
7252
16980
14158
97504
6040
50920
32740
13592
13696
4492
29840
9522
78722
53852
3760
11360
6230
5200
8764
18350
8632
10518
5640
18962
8018
8510
12104
11598
3930
12802
16786
6916
18830
1878
16426
12978
3290
11524
12634
18466
44906
4264
7408
4840
92428
70534
6106
7128
18628
11896
10504
3884
436
16514
8040
1184
12090
9150
82104
11562
16708
5634
12552
6426
19592
4654
77092
4550
17656
5702
7558
36090
19900
11284
81642
24288
4396
22326
14888
876
18482
580
12666
18722
14902
11952
9094
9236
2398
7108
7808
4052
76516
75960
95118
13910
15936
53686
4448
3196
2014
18064
8202
15344
42730
2782
14646
15586
11330
6172
57028
10632
7404
36996
4198
16138
5946
8264
11110
3494
17076
11280
3270
56958
14154
49788
6212
19084
90022
16564
43114
22072
9350
19262
8080
16480
10192
15558
12560
8008
5820
7908
1788
10394
2660
82154
9496
14584
17214
2236
18660
14238
13574
2568
95260
9520
10748
96778
2118
18358
14358
10884
26770
9200
16198
13844
6444
19116
11568
18438
84678
18684
15684
5036
37712
18026
4040
988
8372
13362
19534
5970
10544
19206
8302
25602
13026
458
258
8688
11568
15850
55768
5716
9600
97216
75514
4210
16916
1470
65262
4072
5088
2094
7114
53556
7700
14156
14662
16308
8214
37048
10970
15796
6776
296
19342
3018
15410
29832
5974
23910
74124
18888
15772
71684
13510
16302
55776
2952
5578
7544
13866
8026
1652
11410
12676
95080
4730
62718
12442
10490
15550
32270
16358
7338
9748
70594
13604
2358
12414
19968
19906
13266
7750
18778
14462
9768
19008
25012
2084
11038
13136
540
12906
4754
3870
1762
2530
1850
15148
27270
85722
6700
11924
6402
82444
8072
11956
83272
41388
19518
17828
15098
2004
9770
19160
1210
5968
19828
19704
62684
17992
15670
4170
7106
3436
4216
18740
8578
5130
14238
17554
11786
2738
19906
88982
12268
19346
13554
15496
11946
19660
7212
11846
91668
16064
14324
4958
17922
5810
7300
11692
91194
89094
3402
6352
19614
9840
5132
10150
85382
9076
10516
4944
52162
320
36108
66322
1614
1608
82938
10174
65956
11088
392
344
18416
92882
75110
16116
54078
14262
6950
17958
69404
12586
9688
10828
7184
14554
18810
7498
15712
4846
14102
42316
2432
5940
9508
16342
10262
5392
9494
126
4278
864
18470
19502
11644
83806
13424
18746
10390
19872
14386
15882
50388
11954
14456
17272
14758
86316
11348
67474
8018
17538
8598
19690
28456
51870
61960
15692
15620
7766
5170
7282
16882
12096
2382
2666
93764
81482
16146
17624
48958
6140
25306
932
62426
10474
3712
12444
11938
10568
2200
9084
6058
4118
81518
4414
7676
1812
13316
6624
6380
68290
15476
19178
658
5124
3932
2
18354
10656
16522
18088
15600
80956
75694
19266
79722
16890
14330
73990
16368
16336
10678
21458
1810
9578
11920
14538
19680
19980
23564
564
50318
4834
4840
5188
12642
10896
2568
13938
2216
10468
18058
77972
10344
19342
18122
1122
85642
16214
10334
18042
67784
12840
15636
17090
12154
14858
786
6222
73574
14694
4210
10406
7940
920
44006
17062
49410
18242
3658
18792
2766
3388
82
75850
18558
17340
7068
18326
16444
13928
16904
75492
6518
13944
13558
13076
12168
65860
14708
10718
98
14480
4286
390
5860
17470
16454
844
10490
89284
6920
16510
11788
4880
696
3740
9380
1942
9926
3830
450
3894
3754
12016
14310
9322
9026
11674
1356
60878
9858
18144
4262
756
18700
1216
70386
10084
10880
11412
16586
49524
12902
7128
15964
5398
10656
3186
17168
7722
9724
44114
13334
8118
1154
1142
6936
17982
18026
91268
13668
5430
33694
18852
14336
18990
14674
16312
97330
3790
73252
93524
582
17876
19750
5918
11954
12484
8556
70468
68456
3660
11440
3538
13186
14824
5300
19136
16324
19148
84000
1216
18482
14788
7586
2934
16254
13902
9100
2702
8272
13676
8680
3432
14094
11304
16390
4700
13568
9364
12094
18786
3752
80674
8332
15894
37698
6204
45208
19470
10658
10238
82288
78
15920
3966
8568
55422
5582
4062
6266
10666
12628
6470
14098
2892
8382
67196
290
11520
4342
67450
15768
12050
17732
2022
8974
17222
21734
15426
12820
10054
6040
6942
3450
8134
15396
8108
13416
14652
76300
14234
64006
86676
96104
9596
17610
80004
19122
18846
19892
2388
16022
16216
13214
8540
19776
20598
63296
13850
85718
6118
2478
6762
83394
484
9908
6794
17498
6542
10448
3140
3452
9160
370
13872
1910
98248
17318
67888
29432
9044
7896
17830
67116
8522
61618
2766
12372
402
6008
12452
9492
4624
5720
60754
84808
19828
11038
18030
39190
75870
33014
52074
13624
1976
1086
15730
96274
578
17152
18492
82600
6026
75396
13710
26502
48104
3044
18256
41490
1374
7406
6420
14856
9192
18958
328
5080
1704
12816
1296
5808
57294
16830
78836
17506
42516
5512
17462
10818
40010
6788
18838
5722
62988
3674
8152
9690
12052
2794
13166
11828
14892
1880
18808
8834
7100
19616
51742
11480
11976
9178
64064
17682
1266
16376
1026
1776
3786
4744
2548
11880
85578
6322
3604
69120
19026
602
2732
1014
6550
47366
232
76986
5706
70228
18580
12704
4274
13060
49716
12422
1718
40468
254
2808
3966
19072
15240
52774
3608
18764
18156
380
10902
14448
7626
5154
49600
12094
14162
5966
7858
920
6084
89108
12332
3204
13572
13874
9660
6332
14606
9422
9862
12032
16330
4952
16252
84644
11398
3998
15222
88502
17172
3778
18148
32928
3468
3712
8456
8620
9592
16408
11936
74586
2436
46724
15398
54562
16
13182
10166
61612
17784
160
242
31896
72862
31708
12678
1204
4118
17440
2964
17116
2878
970
61666
12474
13824
1004
2090
10392
4254
1874
14342
4866
29846
9180
5652
2284
53222
82000
9556
14302
17306
7498
28184
9628
2400
13850
54302
7350
19582
32818
11072
7800
13846
4812
16228
8424
7654
14192
8858
10304
1104
9436
6984
3414
58088
7932
388
91214
1490
17548
10526
12312
18264
89060
448
10574
9118
16004
16328
8764
12160
99784
14156
15656
13976
11804
11888
30026
15848
10478
134
7020
2706
35148
13036
14668
584
11746
696
11608
11472
18694
2208
14644
12798
1626
6732
19868
5632
13958
32432
11348
24618
69968
15988
848
17456
27068
6598
4020
3858
19088
4572
39466
5248
2664
12784
4488
7018
11272
76218
5728
3804
54236
9150
16278
16204
6604
16118
16058
43578
33268
10142
388
6066
19460
15766
12110
14920
9420
1650
63160
37818
10812
70
95324
17936
19916
99544
9678
5968
15084
14870
17058
3260
2340
4868
10506
2412
6798
962
6150
1452
8524
18898
17212
57794
3394
4568
36528
5574
93100
8168
10542
82194
18858
19160
33738
390
66302
14404
46882
5552
3656
18148
12312
16902
19530
2214
7598
14716
59530
19612
8072
6466
9118
77366
50318
3136
6844
8198
12964
12000
1020
15998
21998
7622
62192
16636
6698
92320
4072
898
5870
7612
10550
4464
17528
15768
18130
11160
11602
2298
75858
3286
7694
1090
528
13634
16168
13158
7632
18778
2262
3056
97368
7216
8024
3738
53506
7548
2528
21102
7042
6920
3194
96114
1666
57590
68636
1476
3162
8856
9782
14142
15668
11802
62108
13912
37616
19854
7170
14454
3920
14754
24482
15620
19834
7672
10512
17600
19806
13578
8618
14268
14636
90598
14654
6076
10308
11846
68484
62706
9194
5710
12896
10352
19554
1160
23150
8436
30280
1090
17656
15686
2364
55620
67100
8432
1606
9626
9596
8350
53018
12616
6914
17546
66006
13312
18074
4652
71944
10362
1982
6304
15416
2592
16618
3498
12584
12218
3850
10810
10100
11082
77564
29258
8412
14182
15762
83464
70760
33306
7494
5120
3984
13172
5312
12312
16708
9584
19454
11974
16550
5898
10102
17768
16662
28822
51728
36644
9142
19518
40592
14992
10636
32100
8720
59234
95398
22622
95292
12598
17838
13276
19006
9476
16486
598
15616
15676
15640
8344
81606
79344
10538
4850
18444
17628
13874
17636
10046
14998
13116
2674
19706
11952
8294
18902
6900
14260
85040
22030
11632
14662
3826
12280
77156
6964
19372
13620
9928
78370
15770
34546
11646
81350
27262
11966
22394
11794
9242
9246
17636
10608
12760
48372
8752
92032
11030
15512
13434
11084
6020
10942
18522
48286
14722
15404
4682
18736
16630
85270
18196
8934
40654
13970
22994
13882
90818
6140
14258
10034
5650
19662
57416
11808
15792
13044
76668
15668
15302
8390
16088
9434
2116
12766
14034
710
81700
64970
11280
12720
11424
15610
15740
4650
15670
692
6444
10088
95958
6832
82956
5826
76648
5752
9132
3200
2958
18914
3860
5718
9846
8612
2232
91092
15142
32376
11704
3142
39016
6178
93778
27806
99002
76652
18994
7104
9504
93088
15782
9404
89454
12612
15706
18018
10632
7982
5874
82244
2598
95426
2444
11722
10812
5174
19868
10000
16744
15264
18296
15970
7882
17252
8794
30388
89018
77990
15976
16312
12568
30938
590
5418
12480
9230
10378
2434
1644
9360
2538
260
3350
4412
9168
8142
5898
14344
3266
12964
11716
2586
12124
2066
994
62374
12102
7380
32008
82540
1516
2148
80446
6244
14778
908
50568
3396
14590
6982
19514
1450
186
9482
13556
18074
5178
40878
54218
2
6838
10964
19448
13200
10258
55500
17776
9068
30938
18254
1012
24264
64428
10348
2294
18748
73272
4950
19674
8978
16200
99554
1628
53642
63552
10380
268
42168
13130
27456
8632
16390
3592
16122
8448
87924
16350
3794
18286
32730
12094
22760
94386
10822
16058
5582
17970
10684
54426
9492
9796
56568
8538
13250
614
1984
1428
4058
16770
5792
8258
78228
4684
13466
16544
4910
20730
12522
2574
346
17526
8672
11794
5050
7392
15318
3432
10252
15040
10564
16196
2632
14980
3632
17592
20712
82030
5866
12048
14312
14020
83204
14202
4300
19794
5794
7620
3844
348
97576
3628
14826
67650
17522
13854
80798
56750
1782
95526
1472
19136
57560
12814
17478
90712
5778
5412
13270
1992
13596
476
90740
11720
1260
13218
42072
13048
14996
12178
66102
33842
12826
12412
14272
4970
73198
65510
12994
45278
1780
11788
12310
6160
27944
5824
9040
18008
22570
8788
14390
15174
93248
3174
90230
57684
27330
20584
10570
16884
7892
93866
894
9064
7376
10262
74274
17486
16268
70306
8026
174
15318
26676
10318
7948
15396
16008
18904
14924
12068
6162
1564
1636
35500
91488
62960
63044
6872
86576
17758
15882
12542
5392
86
11286
6022
4588
67280
12116
35344
5144
2640
14342
15530
11322
11842
3944
55026
802
3032
33346
106
1366
68978
14018
6974
5046
4764
12538
19132
7408
6654
4942
5838
99000
1678
6510
1486
4872
4032
6722
9734
4486
17536
29110
14098
9408
76448
14008
6388
10034
61302
19534
56692
13784
3844
17794
3566
70000
3532
18040
13462
7858
26076
256
6886
7274
17208
7840
18676
4756
5030
8470
10168
17900
69746
9934
16372
12736
5248
15618
19856
13978
16496
6722
83638
1896
88924
39298
1414
968
19030
9652
1650
15292
17158
12980
104
13566
72922
5696
2228
91360
70752
12398
13072
86086
17156
5230
1538
5354
17834
12366
760
2460
19554
9354
19976
19808
7108
18270
6950
142
11328
53878
17390
92218
8902
89990
8354
10430
15002
37758
5988
2300
16526
13838
13598
10490
99408
82460
9950
796
18210
6934
5668
63834
7902
4152
17232
756
2630
10486
3224
14404
2550
5474
35654
64330
4506
19470
8258
3644
17846
7406
1278
15648
4418
10122
77740
13138
444
10880
9642
12654
19656
15918
10374
64950
10356
59412
10946
13824
5718
18760
15178
13762
8890
768
8512
16932
7646
17614
7752
6648
99406
4516
8286
16416
6118
14114
27916
13154
8804
1696
10228
2594
18992
4772
11980
13066
2528
14022
9350
24766
14218
19820
18564
30954
19572
12852
19426
60488
10190
52586
3148
17004
72446
16086
5120
20556
61260
4276
18018
14998
6470
6496
13488
68956
72410
3472
14660
17438
13238
2152
84838
8284
4810
734
5770
15020
53716
18850
13562
14124
11668
10480
57282
16066
8630
13474
16656
18776
45198
18002
16334
19644
18380
10368
6136
2284
10588
17346
5396
1628
32972
8970
670
52256
4386
16220
9150
9412
4766
10128
14960
16346
9252
27050
15480
36970
12888
15754
16708
9692
332
2440
19544
18318
5692
5408
8114
8508
4216
13882
11424
81582
26594
43584
19402
11218
15386
18608
17326
7490
11492
65910
39318
49222
8690
15314
16846
13578
48370
7842
19998
7820
14738
8830
22692
6856
36188
5358
3300
5978
4986
16740
8388
16244
86220
15216
14932
1908
926
12156
22616
4264
7120
13260
8366
6624
10966
108
85014
1722
16090
16822
7916
16944
10774
6252
14242
45580
3566
59392
8772
19208
7356
67490
18634
5424
4810
584
11530
19768
10276
9308
17804
84766
67332
7336
6710
14612
7460
6984
16222
12546
75446
15230
1656
668
25680
17312
18450
17098
15206
162
4102
49792
1750
75286
90
7070
70210
47288
18228
18858
41988
16316
12608
5864
16894
15588
2910
11400
8524
6762
4390
23444
14616
3178
9822
19946
3768
18496
8852
18830
70378
8608
18116
18830
38494
14638
29758
79042
49952
13566
180
1926
3598
40454
3884
6274
17408
4278
82502
3454
12230
2528
13186
12334
3022
1788
7686
48
32
71406
11212
9964
13738
71748
15006
38254
15616
9858
1922
14194
688
4976
1786
9730
75866
6088
15900
13702
69178
63832
15166
414
9710
19542
16080
2302
13692
6632
18858
69522
1840
1654
3988
1788
15060
18880
3880
18812
15376
14114
3404
9340
1056
12688
18006
13768
39492
16752
16812
16058
10188
14820
90668
16538
7102
13214
71342
14116
78588
85826
7678
1170
14426
10630
10910
11630
6370
48322
4960
2878
10732
17100
56310
5222
43922
73176
19958
3900
14724
10684
9126
5494
7098
12244
73518
15374
31244
3870
28222
16798
7906
19012
23450
14420
9956
10002
8576
11374
17902
3218
7298
5102
18500
29520
5260
17526
690
13956
26550
17124
9550
2644
13980
70952
15626
4984
56478
64
15360
976
17002
11292
9178
21526
15716
19312
62244
5788
220
1924
11976
17036
32106
19316
14260
4990
9952
15342
3294
19326
65380
47770
11890
18762
328
13222
8596
37548
78072
83742
15514
10726
5420
5646
11808
8648
9116
5958
17124
3840
11104
19726
3264
12144
33454
17880
11878
52560
6710
456
7068
7936
10472
61912
7220
7690
4742
6700
15812
14170
14324
212
7296
402
8486
62688
17144
9988
5592
9588
17728
12420
11380
5888
14804
14016
40608
11834
80690
12468
1982
17644
4452
6646
30838
80316
658
12126
4444
14720
7046
32510
57432
78172
11058
17852
13808
15976
14404
97050
258
10904
6038
19114
2464
4916
7306
71162
63266
11918
83794
12744
9442
5194
12564
5538
17748
46936
13364
55234
4308
12668
16966
2462
12322
14172
6632
8616
1210
89372
4978
2312
19078
12376
6078
12230
3466
8042
6246
11806
10912
13604
61414
19046
9832
7020
17926
19084
54
17970
88024
24070
3006
20474
9250
5714
46782
840
13564
16632
18296
9378
8912
15988
3700
42778
16198
74614
18318
7328
2380
2486
16524
9974
9732
1528
15366
15996
12314
8566
18196
1078
17222
81934
5442
7484
5226
66766
14442
240
4296
3502
16034
14672
554
8010
84740
88928
3010
89868
5464
7164
8574
11274
14860
12984
18560
18834
3174
22438
29102
5926
2110
5566
17800
2462
14704
43150
18536
18350
31922
60858
9084
12698
7740
24698
84924
16086
9250
18722
20942
6706
11496
6776
3670
44574
10664
24674
18880
3916
1162
67602
11072
7252
960
14520
19218
39638
2
3058
6602
13748
7826
1634
12578
16956
67434
6572
3314
16526
382
18108
12840
12358
1434
10160
7902
8780
178
22330
8376
12128
67284
9516
9422
1920
3458
19588
6998
3110
11404
17114
19790
518
34692
65750
11256
18952
71102
80486
11610
56774
12826
4762
16882
9298
99180
11330
18286
85408
5394
114
18208
30528
49800
11120
15986
9678
9550
15368
19072
58722
2110
67622
11636
18346
26518
604
96380
15416
10326
8332
14714
19446
13526
1244
99980
17062
54218
17088
14110
14480
6490
14406
16120
14020
5682
10996
6624
2630
3056
6110
91562
18874
2268
8712
3152
14716
11500
8786
18142
6158
6922
13306
3384
17798
19170
11598
3574
1994
12542
9102
15712
15188
11652
10842
92754
11566
2546
10016
18794
5086
510
95884
87454
270
11282
3508
17324
5016
10930
8064
17744
11054
35442
4002
93766
17336
11432
6722
25596
64414
14190
490
17736
1738
17278
3426
15556
13166
2134
4030
10760
16042
95842
19722
15892
10044
9088
14302
3812
52404
14220
18096
8050
10400
12210
13912
19642
41430
5900
7424
15592
8666
84096
6246
2582
1320
13286
3578
54806
7652
690
72058
7558
18916
14546
17934
14136
11606
31370
15426
5246
6096
76066
14464
7044
17500
7138
88882
45266
6174
15778
14334
4682
2142
9402
5588
6716
17650
7502
10224
10604
74730
79252
45426
3200
16772
19412
13186
616
17126
55196
6368
9770
11990
3408
14206
17350
54680
86618
1236
4254
13176
44192
5586
15312
12370
17862
14218
30248
6394
16916
14792
39884
6600
226
220
106
17190
7530
3668
13166
13514
6058
6474
13340
3136
7662
82266
5286
18296
2462
6800
6074
16510
1118
31582
15946
1682
8006
2380
82070
14910
5062
10150
470
13554
52882
2324
992
2886
17596
17402
7972
7254
17696
18590
1896
5086
44094
16936
13948
8188
8030
75278
4870
5712
5484
16766
2800
5218
1702
70960
962
18874
16096
2772
2538
93578
20114
14336
5192
18410
13756
17972
16508
6088
14702
18224
2300
7252
37030
15046
23320
6168
10872
7870
18644
26452
15548
13528
8224
13604
7984
15584
12174
2804
86478
7254
14840
16250
67472
19968
11114
13564
16810
45146
10224
18532
44916
12364
4276
10628
11514
71108
2038
15708
42682
19258
2346
34210
7672
13468
5302
82
16642
24056
16084
5136
17986
87174
10446
3936
13538
3330
19450
100
85854
6770
7696
9960
15432
19268
11762
28644
72892
11942
15556
12386
4864
352
16232
104
12920
11054
82762
9300
18750
938
12436
73480
28760
6346
77736
682
41564
12272
15172
2994
9612
12682
79184
10892
67440
546
6242
5918
12212
17198
10166
19294
97120
1644
3778
10492
1186
9474
6322
7308
89000
10932
12790
18472
79006
5396
19900
720
9542
2298
2776
9000
62406
14402
19548
1340
11226
18252
8176
6872
65672
17264
77940
12132
1722
7736
14922
12440
99456
19004
6610
4344
19708
7146
19310
10276
14796
3874
23946
60072
782
90528
9102
46656
17312
19266
18724
3966
12734
8832
17068
16586
19106
266
15692
7600
2578
58930
7842
1250
9348
9222
8532
6102
14834
9834
4932
13498
19712
15074
41378
9084
79816
2960
52202
8274
238
17894
18312
24060
13562
19606
3772
608
12192
15738
15390
3482
7060
98724
10560
14806
82670
9976
12924
32056
15702
2196
5940
14406
17284
13230
49682
12854
17502
338
38666
13436
16898
892
13184
9070
14826
10248
9730
8140
93812
9412
3568
12460
17722
2498
17400
8344
41432
772
19306
614
12626
9464
13086
13722
1256
98788
7158
10358
9844
8924
36098
79790
8744
4764
16948
3052
5718
18698
6466
49648
10770
10180
22610
8772
10500
12392
5742
67710
13578
454
17518
15952
43670
12078
47780
14024
11862
2082
2016
17748
13478
5686
9918
2494
87240
16716
35010
47544
47788
8590
64938
14082
17462
13854
20304
16750
8128
16606
14896
2390
8430
15178
2890
10396
17552
38160
1696
10330
13686
2558
13156
14114
11428
14886
14404
7810
7602
17534
10136
19526
8894
36738
10498
552
5402
6904
11630
26268
93426
494
64860
19064
1242
8898
6854
40848
38636
10840
12048
12536
86190
16312
11308
14502
7196
50072
19738
9478
966
11504
17678
11582
17922
6120
17344
21982
18542
5900
16702
14604
396
2332
18430
11840
19284
88502
580
58316
13746
10464
12358
116
40518
17506
86528
17052
10754
18996
1044
1132
4156
13118
19182
80648
47282
13070
89856
16216
5496
9760
8368
55246
15652
3316
2644
20054
5926
6416
16000
29438
8278
76826
12854
13772
2170
84056
7204
14514
12014
816
3486
45266
168
12656
17198
2968
18636
27786
84524
12556
55100
1234
792
39446
7704
16080
4282
59412
8260
82152
12476
12892
14882
51050
14848
5390
4004
1288
5272
23332
8428
17466
3430
14944
11298
8894
14042
17672
14894
14740
7380
49480
15110
61968
9158
19764
22716
96542
48500
15828
17692
13178
7116
17630
10348
45374
6946
17844
15170
20280
12866
81420
8580
6628
76906
31712
47632
11190
15436
38488
46518
11434
2940
5742
49506
956
1734
8460
426
16892
2590
12036
9914
7590
10438
15218
36628
4374
13260
24
3104
79490
76218
68162
10938
13704
14798
408
214
90008
14192
10064
15488
65864
60744
18652
15288
6086
10404
12446
18666
16098
7244
18760
12714
12640
5278
52656
986
556
66260
2024
2512
3198
12450
7290
1898
15978
39784
19366
2996
19942
65162
7534
16550
3002
18994
566
17940
16674
13388
6324
18864
11512
88416
6554
18592
8180
17282
17114
8152
4750
8538
13906
4726
17588
9510
13338
9876
6586
17310
9890
792
5644
10996
5530
19306
10228
17242
12374
15622
49260
6134
3150
18362
71556
49220
8392
14494
53070
15322
5966
36914
13142
10848
35050
5832
12146
3418
4704
9734
14884
10718
752
14404
10896
1426
13746
15060
3768
8182
14946
16232
7696
19878
5782
4178
67488
17730
12676
44772
52546
15964
11562
3494
32936
18962
1068
9596
15154
94470
2604
18906
7710
61074
9230
268
4412
2406
14496
33776
70484
11078
19712
19354
14774
15972
8270
17240
6300
17624
5242
1464
54264
99300
12748
9680
18514
13788
4152
61810
4242
5524
12610
5846
25734
92668
18992
3936
92312
226
0
6392
5038
13018
82790
5064
6246
2310
17772
13896
5572
46878
97374
12830
12002
11416
28880
93570
84
36630
4392
5460
97902
5068
13398
17626
7788
5488
12794
19090
17714
8824
11506
1736
7526
67114
17184
14926
39464
48974
7062
19954
14242
19656
10524
92756
6814
4900
2826
19174
1870
99916
14044
10738
5138
6130
16646
3140
8626
30600
93718
35858
5298
11048
9858
15848
8436
1444
5710
18108
87732
65428
724
84650
700
93064
736
676
16308
6890
62178
4812
4222
12242
75268
17930
19652
46
18418
6916
4992
6134
9352
1218
11302
1302
14694
60404
13924
11780
82002
5220
89816
9464
7956
27124
89654
14400
17582
3096
27442
13682
15078
2636
8654
37644
5044
504
18470
11280
7038
76716
44540
82936
14722
11704
10874
18266
12588
67196
13964
8760
85662
5498
10154
86866
7344
1760
11544
8684
8168
14572
11440
8700
16668
14912
3874
10202
10778
12636
6416
14004
10972
2150
19350
3952
14446
67706
11410
9154
18836
3380
8064
39890
15080
80556
2652
3536
12366
15098
6346
8650
82
88126
5086
8462
13618
8890
19806
10018
12792
16932
6954
13694
2970
17250
15052
10366
1826
6194
13574
5326
14648
24754
906
45390
4396
22600
16058
4584
89666
9894
68148
14476
10518
3082
13622
7442
16986
6870
17046
7922
10060
7730
8574
5650
12116
1828
43740
10460
30166
70228
80978
6804
9272
16852
46366
1792
3264
1090
2432
12462
15878
9722
6802
13602
12298
47270
12014
2418
5872
17932
16230
5604
3100
2888
7462
32492
6486
16624
8624
10222
5552
4642
52218
15420
5520
10470
67210
51084
13290
35194
22228
11978
19802
11920
41642
1686
1170
13724
7388
11992
72670
12144
2074
5040
6876
14376
12764
1386
11312
16000
6832
46534
20432
4120
12724
9466
8252
12132
14908
22034
12834
10590
1274
10586
13004
85120
37440
5544
1380
594
7834
18812
1218
93884
3300
8068
7934
2572
2978
39264
40182
3564
4732
18146
3952
4312
10808
4772
19484
9412
4870
4308
1826
3162
14666
19778
5278
7726
19202
94340
7644
5300
12472
15882
44090
17020
15996
9366
17608
19532
80078
11890
2264
20454
8
1302
12848
7780
4222
6150
63824
5368
16052
6480
19256
10526
91460
14760
45622
5972
6364
40472
14160
5242
5262
49240
2710
10662
5352
19706
70434
898
9544
25552
32568
59228
10206
5256
5072
12112
860
18588
7428
65672
13598
44794
15042
11546
64826
7676
17114
19086
2610
19968
7938
18982
8780
15800
11322
6066
15630
5960
6260
15794
13806
29180
19758
85922
71618
9342
11470
3210
8178
12478
25418
12484
4566
22
10908
68362
54626
33540
2034
68228
13450
9936
38720
13374
16626
18664
26468
18626
15854
6566
8736
9470
62586
5106
10490
7370
13368
9664
59108
47230
11312
8732
3924
2128
13476
988
11964
2556
6104
11908
13166
14556
17990
14248
12494
5350
7626
980
2598
2266
3576
9502
302
19856
4220
16686
19214
836
19142
1790
2022
6302
9614
42672
57122
6814
13574
8680
2404
1314
8994
6780
11402
304
11940
16828
10370
13606
14110
11720
8758
17116
2358
688
3946
4310
82144
5114
7546
3762
10974
2596
76940
15428
53560
12116
8626
12874
13822
21364
16348
10406
3980
24722
16358
44496
14374
1042
10032
5792
654
14318
1128
14040
4204
7544
73412
488
96324
18844
2436
97434
55242
842
86200
14800
34496
96968
6052
14662
60094
10990
8416
11662
6282
10838
39482
8538
15702
14204
12900
56498
2720
2296
42420
4444
15346
8882
13960
16308
7652
14926
2182
98
4414
1762
7310
2726
7174
3180
79558
1794
8156
12626
12692
528
4948
10662
4600
13144
18422
74850
75478
2864
22608
52
882
5914
15646
15840
13500
17322
6774
19110
11352
12812
16162
11152
17240
1208
1594
1746
1410
6120
19350
1168
12148
58664
2550
9434
4154
13688
1578
5900
19148
1386
3020
16538
10174
17582
16164
19984
4388
32278
9144
3066
82682
10906
1330
16176
6522
3446
14606
4334
62236
17640
18314
6482
27718
16242
14068
11798
81862
46656
10648
61350
16180
19610
85072
3428
15014
844
17686
68
8160
180
7842
3172
73086
804
11386
17046
11584
13124
18432
12984
8710
26288
19332
13062
14226
38520
5534
78184
3428
8800
1232
12502
5900
9904
74036
10848
2982
19258
17724
13130
95514
45162
14738
66172
19872
89760
7644
18234
2760
9952
7334
7358
14456
69510
1212
2028
14364
15330
14508
7080
7136
5888
524
9354
41750
17602
64812
6640
2568
5230
13974
148
99760
2904
13998
86278
78428
5244
4240
13812
4284
7160
10800
1360
9848
11034
7620
92158
17268
46016
12352
71124
742
8436
17400
1426
13252
7376
18214
7304
65160
6598
544
19690
3420
9550
16258
748
2034
7402
51292
56326
29232
17294
8240
2848
6530
18352
9970
10078
11470
10108
4354
6552
1950
1818
14018
10908
1132
6228
61770
12574
7206
14822
12748
5922
81834
11674
3052
49346
10354
2108
16656
40480
54658
13650
11206
17284
14732
16234
1970
2238
12812
16140
2816
10044
1972
19272
13510
6626
63260
75918
78472
18246
15680
8542
7352
15436
9276
6332
212
17422
5352
11666
14140
43702
12334
12730
12118
11174
8468
9992
16716
18756
14710
11730
13084
5554
1608
54340
10868
8518
13032
6582
366
18422
15350
19878
14622
7864
10850
39234
88086
11572
16964
8732
4306
81098
51464
10182
5790
27954
8504
90204
9880
16892
18282
1532
14790
8352
42818
10070
15248
11500
14944
17596
13324
13226
16016
15522
50742
16228
9560
7060
94600
3844
13610
35766
10180
13012
17876
18912
14142
12886
2490
5902
18660
43768
16188
18088
1388
79748
14520
8770
18702
19978
14944
5652
10336
98334
848
6196
2298
14466
11176
9370
3140
65332
87880
43688
93054
18538
14568
19780
79106
76988
14006
99392
3832
12818
59024
18138
13114
41148
264
67282
5728
31604
5258
9826
14782
19520
18982
19834
18704
14712
7616
15730
14044
4126
6428
2194
48364
12152
6322
15428
16894
7550
14206
9840
60880
18990
3836
13230
45426
13516
45280
888
754
19022
19982
30008
5730
8606
64720
19728
17742
27832
6784
4402
32372
606
4948
16556
19522
25364
84
12042
9766
13952
18310
27982
12722
7780
1008
10706
8850
88262
6572
8984
7872
11720
6422
3528
11272
10890
4260
15530
3530
1546
2176
9594
13640
18644
12078
59666
6684
820
23576
29768
17034
2690
7100
74572
12614
19938
6408
19914
4132
19116
3818
10968
948
5866
11268
42646
93476
18402
17678
9844
84940
13492
10828
3186
18682
5340
1034
79042
9476
18538
6520
48
18976
12990
72478
870
11804
16624
63550
12410
1402
6196
4730
1070
87472
17402
4682
17688
62526
6550
17836
15670
14816
2704
12064
92740
10022
6724
14972
15032
30176
53598
97662
3852
21868
2354
7954
12656
1096
9048
11724
3576
4428
8218
3392
19092
10660
10708
94996
10590
76538
8812
5090
18480
2006
1918
4232
4772
3534
14132
3152
60356
7672
1238
11232
37762
73912
37264
13530
93868
2884
27908
2106
6784
750
14900
12502
12080
12784
8052
17968
6296
10072
7892
12880
42964
22964
8644
1826
6544
18722
446
12032
8858
2250
7582
10856
84464
860
16070
9394
36030
68848
11462
18760
2754
11014
10222
12060
13898
10400
3146
4200
4638
17186
5622
1956
736
29970
15038
70326
3484
7994
4770
10996
87592
8002
11890
69774
12218
7164
4538
2140
498
6910
13902
10072
9240
15666
910
68668
4524
15676
23084
36630
10018
13090
15500
16978
44094
19386
10016
6936
14674
9500
12462
14654
6224
13462
1312
3472
9262
1562
11670
4198
2164
15846
21076
4664
12102
49280
4530
18084
9978
3660
2436
13306
15454
10072
74174
1298
3670
17270
96026
2226
3856
17862
36826
1966
84842
12088
87604
5956
4266
5824
9906
16694
9358
19030
78454
9212
18068
844
754
15056
2210
85236
10052
1980
15968
86710
5570
7570
6712
14016
57564
13016
15024
17646
13340
5530
14434
9694
80770
13684
16968
12284
15164
51764
3352
17038
13610
9334
6998
9086
11530
14358
978
19696
1998
14482
10116
12230
6896
644
6416
8590
15424
11516
3552
18830
11710
4166
12016
5326
3426
9460
11638
5112
72894
5100
8836
10086
4430
774
1680
114
18704
14994
11156
2020
34004
16826
1542
14790
77556
1098
7818
35362
11222
6392
1940
34
11382
18622
3718
11002
88136
11508
13006
8662
892
42366
18668
13234
9746
13496
6110
11880
15278
19736
19340
18892
11052
11588
8866
6940
5836
16228
57590
1482
79954
4698
8316
19576
86408
13114
9602
13024
15930
15438
17360
6992
87624
3402
6770
11470
19022
6810
11930
41548
15252
1448
17178
72104
6130
18030
13078
13426
3592
42192
12976
12006
10190
19186
19266
1824
9758
2536
1140
12452
4876
76002
12016
2704
1458
8688
15234
41882
13580
1076
6736
5516
14780
55942
8798
13016
17606
11706
31144
1026
61972
7710
6098
15898
3780
16100
3736
19750
14880
19060
19556
4574
4284
99550
11408
8428
14518
15676
71152
13278
15878
8464
67714
88216
50874
460
18336
9260
6586
6372
7148
3682
18884
12748
13296
16962
724
12098
7816
1620
4688
11946
6608
516
186
18360
7278
2850
3652
15474
5784
18636
5748
13356
85968
18696
5170
13650
4126
8078
95248
86946
10136
15444
16876
11324
3434
13646
85690
16586
24038
18392
8610
6810
5798
8804
10790
44336
19734
12768
4386
15870
4838
10334
51208
1644
12856
18954
6090
14502
3164
12930
2244
17912
9704
62596
49456
13934
152
64698
62428
95360
9988
82770
3062
6952
37642
14858
18786
2858
13094
11958
73842
76704
16664
2074
80046
75118
11818
19020
19560
13514
13302
6022
12394
10038
18786
11384
9480
148
6458
53022
58896
13700
6472
15332
8898
8958
4754
6092
4298
34118
97376
45138
32142
18884
7620
6684
10704
5788
11970
18334
16584
7704
3312
10290
10570
7128
13974
9658
28576
2550
2112
69900
6408
8558
2788
8534
47678
16576
41806
3530
13440
4610
4820
17674
19394
53384
18056
5692
59798
3882
13684
3276
16850
75996
12096
98238
3498
62236
13704
6562
16950
34546
13574
9528
30712
14068
61774
7422
650
7762
2562
8508
13684
12282
30236
14856
19490
12
12708
14780
19466
4614
55762
14090
6402
3464
14542
14818
18290
8448
8470
3834
4712
11288
3954
10972
38
3368
9664
17742
55632
19758
36474
82490
11326
19298
19066
8454
2024
12854
1842
10816
5258
17132
3796
39472
14008
7082
60458
11760
11952
3540
80718
81096
16784
12838
18860
10946
8838
13336
13278
16296
15120
77306
6952
64890
10906
6398
12100
75704
17084
16466
4208
17632
2002
15128
17056
9066
19018
9804
31160
18544
8628
2332
10158
1086
15158
39270
4672
11820
1080
12124
15888
15244
22586
8240
76492
7584
14836
14468
19910
2520
14
12950
11586
3226
9270
5556
49944
13372
1368
2048
16822
4964
19252
10410
6900
142
11662
3068
8412
78426
18748
11384
62204
15780
914
16204
9598
17830
4468
50394
8048
18286
10076
74312
18700
47154
18396
1738
9652
1348
1606
8344
8616
25376
18544
9524
35564
83442
6370
7658
25566
79490
4976
33090
17410
12546
14214
18644
7200
12326
17072
2782
892
1990
7718
93020
13078
82868
38406
11660
10368
11720
8860
2276
6200
14790
17148
19392
71398
544
7586
8598
38860
2304
11304
8562
19896
772
11966
4536
12330
11140
2936
15754
6980
44158
10484
58730
1718
59314
12818
18836
7714
67472
10852
890
3666
67728
9920
18040
84394
128
1864
18000
81110
6184
5572
14812
1790
8228
19562
89418
2438
6842
8988
1710
15950
2214
4920
98308
19510
14680
11704
34996
7032
1826
19898
6932
756
5188
15300
14316
42842
5380
13692
6812
11940
11390
12042
65934
2094
5606
10686
24308
18572
9730
9782
6816
14010
79224
5746
13678
86590
14038
85234
19120
10592
15928
10536
13330
26848
19630
19040
9176
28732
19198
10256
10858
14954
5428
12382
85472
1518
91494
9810
13344
71084
6014
1036
3348
15226
5332
5174
5726
7346
5718
9230
12524
37618
69548
3142
58488
8636
15442
10324
4310
10774
18360
17896
7438
9610
19756
2180
11384
11408
98648
4690
15514
10540
228
1446
2942
9892
14990
2072
9408
75478
13880
93994
3154
27050
94
10558
12762
3342
14820
55282
11866
12026
6812
9530
8930
538
5338
16676
31770
44506
13338
18686
15244
5702
1140
10184
3958
18800
12112
81062
78040
95924
23882
72680
13884
3694
11960
42522
54412
18238
19690
11796
11942
5246
2018
19104
4304
74506
3618
70942
8250
14252
88644
16296
636
7382
2520
888
53924
19212
12574
10954
81516
8548
6378
13864
15618
16774
8800
2786
17714
17324
88
16902
2864
7552
15506
5236
3072
5452
14488
15246
32882
16488
19716
8050
15902
1340
28990
5640
1654
38574
1774
17008
7838
34708
16872
18408
8368
15590
1126
38510
11164
97490
6106
5376
3194
4076
7312
32540
16128
6868
7344
27768
81996
10882
2976
7306
11384
7622
5350
1536
10966
83766
18120
9428
2664
14800
1754
1426
3464
55104
12368
11070
6982
18842
8034
63606
3290
8874
19848
19004
19328
18462
17256
19184
53630
19134
19456
11526
4806
1804
8214
10046
34124
11820
18644
62
70366
9288
9998
11898
16934
9580
5244
16764
17502
12906
10420
93434
814
2692
18286
2504
19528
14314
16358
17266
7032
15850
37366
14460
11862
4966
3786
10398
20196
17270
9012
6096
4502
14918
25710
2254
11322
15646
1702
50960
19520
99184
18202
79774
12216
20
17348
15074
17892
43490
49670
2870
9212
68438
27986
11358
18478
18952
3058
3266
19714
5942
16282
93436
4420
66
6216
19274
10458
10114
9298
14868
19522
412
18516
7068
4860
6420
24184
30622
15058
12326
4382
7450
16900
16316
5592
15732
18770
15922
4434
5472
17684
76580
30238
9938
94566
43482
5334
58126
11794
1222
18694
2526
17708
2948
94116
16604
3496
11740
27384
90104
12202
682
15294
1936
4142
12744
15444
802
22534
13466
11428
10230
15556
51034
14778
31936
17916
11996
12726
1554
34044
2548
6290
15550
63280
32238
17080
46944
31328
12472
14438
1214
14888
18250
5714
5244
39976
10682
12888
9128
7292
76688
9728
19502
27018
11086
9244
6684
8376
14806
36472
15788
16154
14424
9092
63952
38718
5592
11796
13984
4826
19800
1722
7516
13046
6194
16762
7278
14030
11402
11246
18550
6066
32564
10418
6014
3060
8556
15246
1992
13626
23506
16768
17278
12098
85884
7352
10508
18410
14710
15830
11450
5308
1894
9936
17372
15644
16878
16210
89204
14846
14126
83072
61606
16762
17364
13240
88476
19508
3548
19740
40806
74096
18438
5056
5604
3456
276
12062
70548
2416
93332
65988
12000
5934
8050
7250
658
10214
55860
3550
15806
18492
57876
1878
16156
464
7278
17180
54886
2994
6212
52560
83508
15070
8666
15036
18084
7670
3458
94856
14660
5550
13558
31054
13096
14500
1688
15136
16830
12136
13048
2336
12382
17256
51938
25374
2042
33138
4904
4338
5546
18336
25482
1170
2510
17892
69650
8800
3666
12518
77194
15624
25198
34402
9990
13944
5880
4974
18592
4426
97342
86436
3982
4778
15882
5108
53184
97996
10708
5146
5134
30960
38602
54520
1650
15288
63080
5590
8252
4532
8030
43518
15168
9420
16308
45466
5064
2952
4268
3468
13608
15146
16974
43314
16028
16350
28096
9806
7548
18958
74710
14716
14318
12396
5132
99780
60878
98408
1360
16146
13598
19508
8422
62038
8672
13336
15132
3866
14752
6472
15256
19070
5718
15212
4784
42744
69494
10498
17506
4196
9998
9490
60022
9014
6196
23940
5088
9838
13622
18462
6594
18124
7046
8152
10908
7154
13670
5304
88662
13610
83474
9936
4874
7244
91718
6612
15292
2398
2554
79890
262
10180
35098
66678
17312
12466
47768
7974
5256
3706
15160
73084
18902
12332
19664
11936
14390
99364
4492
12144
19778
3030
18948
58652
1162
15994
462
11006
9472
13534
18140
17240
6476
71586
74680
3290
8076
2012
7492
85920
82356
56216
6092
9562
7232
12332
8430
3670
6512
6610
86356
28288
9844
4402
19498
60714
66630
15550
18272
9594
11010
16654
83480
41224
10934
80062
92856
91198
9428
9668
9160
698
9836
13088
15506
10542
68726
1026
14422
17904
4196
76506
7042
11088
21100
4188
11508
97966
6006
68396
6754
15974
7148
11756
11866
16038
36122
3112
3832
11502
7786
11954
13476
9632
43114
2834
18976
7218
17944
14994
50274
19940
16826
2746
65850
9128
5704
5210
15856
13910
6524
6622
76420
5052
19642
18002
17482
15584
5018
15470
3370
13008
4480
19330
11590
12576
19424
4208
91632
12968
18526
58182
9358
51008
2744
12500
17756
932
4100
1352
320
13396
7564
4010
5626
2914
11602
6528
2026
51516
16892
30292
9534
10528
60358
46060
15210
11040
79076
15364
35872
9616
65394
85722
13152
5734
49056
51748
6450
14966
15182
12442
1826
1912
11028
12510
1460
95442
11702
11830
13976
1548
13426
6854
8344
3514
8508
8912
8518
14284
16868
61726
12706
174
92374
5090
16830
12696
17404
35958
19060
4754
18558
19412
7220
3466
90028
19788
13542
3188
29700
11862
260
1048
76496
10466
4132
10032
2834
16984
5506
13228
64170
2634
16030
6756
15102
94626
7840
16020
13982
65170
8094
75452
2050
16994
62006
13888
11060
7028
14934
3132
8252
6366
17530
6396
7676
768
9280
15512
19422
16548
14608
9690
10330
8288
3764
16004
18274
3464
10810
86860
16042
56634
66052
2132
6814
12426
17872
13624
13700
14050
7180
8732
16120
10090
11122
16994
52624
2858
12078
4434
14598
12530
5144
25586
85382
7742
50552
12316
15956
10202
24386
93226
19182
3996
3668
1800
48552
9022
8044
16748
3714
83652
4430
26944
352
12928
14272
3160
85740
82244
16652
15302
16776
65830
84434
11648
19036
3242
19620
19712
74622
1774
97188
5796
18712
32638
6690
84640
13032
13946
19870
9884
684
12624
63378
7480
61530
54278
8930
1288
13336
3118
49222
5824
56992
15610
8148
18668
2314
90770
18586
19352
9862
6750
13898
13054
18604
16086
3720
45710
10514
2236
49710
35792
6466
87122
9966
18886
67536
2174
1654
10870
1394
966
56656
14782
13252
6006
84346
7134
9794
39542
9578
77648
16796
15804
71580
2452
15368
9644
19978
1148
84882
8766
4370
11162
82932
648
16066
13822
7368
1978
8992
2630
13754
10452
12988
15774
11498
13896
17408
76818
14282
7018
12190
14698
15174
2156
18700
99304
16142
15672
16038
46
14370
13890
9064
5996
9508
20010
348
17860
1310
9398
11156
60306
2872
17710
9962
16750
8904
6336
252
19048
12388
13194
838
6782
12194
84370
9402
12664
48096
4696
13714
590
34630
4918
15088
8476
5360
10024
12236
98
10328
14532
9386
4936
13890
4766
53192
14040
18200
16458
2302
4734
17222
17306
14042
15066
7840
12750
19760
7334
6654
6412
17268
14076
6888
13058
17344
16800
14660
14210
33434
69662
4654
1216
19764
50884
16072
11792
18996
820
16920
19556
6454
57920
11496
12930
5054
14218
2888
78918
14970
14558
90554
78082
7500
15798
2214
25950
18880
14096
18814
49840
11846
15922
13908
8398
3844
7712
9162
81896
12764
17306
19846
17580
71570
4626
702
11938
43918
13204
98566
15590
13000
17150
368
18112
59198
86600
11628
270
19292
76194
18626
8772
10256
10706
8758
10172
15308
11296
15982
7394
62150
12506
94098
2014
18804
14568
4898
14066
12414
2770
10608
51056
21372
364
11904
15604
81652
14316
7970
25072
34190
7874
69458
320
14248
2304
1228
208
13190
2650
67964
11350
48710
40548
53864
11662
64396
5946
9950
17566
60518
2748
18736
2798
72694
6522
1696
2592
19128
1362
11442
14264
2134
14134
47350
3668
2086
88012
58176
16464
2092
6250
69250
19696
17378
9024
17864
17020
19018
71972
18882
50744
6130
1848
2448
1550
1710
6218
18708
13382
17900
17310
10680
18074
8906
506
7922
14020
10086
6118
26742
12214
14986
15464
13078
7374
1548
71444
96600
10116
12822
67278
3190
7246
26898
12286
76722
67196
11432
16754
68838
14030
17622
47886
82428
8146
19720
8734
4978
97800
6248
4994
18562
12700
22394
880
13846
55650
10108
7466
3300
19034
14314
4378
14746
18094
7182
52678
17604
8622
5324
17498
21712
12644
6424
5920
8658
11940
13218
92412
17414
10932
25338
11806
95466
7052
10734
12204
26964
61152
17808
63648
3490
1616
79518
8968
3492
17382
35002
3740
55532
3036
97844
3620
1164
13324
74398
71844
17574
9518
61116
7698
13074
16262
11814
11540
1492
7490
4350
18384
14020
12490
8826
10148
3528
12846
12612
91914
13234
10982
1958
6770
11820
6542
6454
3724
78232
41476
9486
9734
18928
14600
5756
3612
12460
13346
5574
17900
17126
55830
3936
10292
16238
17292
14646
14798
15618
13758
15960
11190
19324
1820
16606
57900
10774
16580
10362
10262
4130
12094
87354
51050
8228
13956
31420
1570
69890
3842
10662
8042
11452
22630
11776
3132
3576
9790
65966
49870
13940
87856
2904
2348
16606
188
18802
3346
9800
33324
11744
19084
67072
6206
6968
1188
81210
12912
2552
87824
8428
17054
2246
17722
4584
42268
23040
99186
572
12620
11152
716
12374
8574
4074
1558
16818
6914
5810
12372
4544
79896
6774
7272
62464
6800
12642
63508
8530
11686
4614
11994
6750
11270
93836
6220
12096
11360
96992
4752
12446
23342
15020
8364
61190
7940
12672
2256
2916
14228
10172
5124
9454
42718
1380
17694
18846
5480
8510
15154
6148
19558
18780
18424
5098
15812
15928
19544
14588
13046
3346
16812
10914
46456
14028
13874
14878
2630
2564
2338
16902
6888
8576
9872
16754
11002
10864
14878
16596
7570
17050
93652
11862
9382
6300
52622
64514
2098
16062
9388
13760
22784
76694
95236
4968
53522
11728
10514
3452
1520
2516
6990
41276
3360
6868
11906
3162
74724
7354
5022
8498
4146
73644
37440
4180
8652
15558
1190
4084
71480
14436
16384
30282
11564
3290
13850
6100
5730
12884
11642
13582
1330
12676
93744
2836
11180
18598
5766
17962
9610
4510
18322
14320
5296
216
48214
9312
19112
17500
19890
98604
406
18372
18644
94644
18552
17190
94644
36164
94468
15076
3856
2734
286
9472
11036
10710
12990
79386
6696
15516
16536
19434
13382
85748
17466
17672
55202
2912
2196
13274
2760
8292
47098
13190
9508
2560
11588
2174
6714
4714
18784
18258
91538
63340
19982
6194
88340
8382
44686
18590
10924
3322
17962
13902
160
16782
1458
1564
19160
4066
9894
9562
1952
466
7934
15702
5292
72630
74346
5984
13498
4444
8746
18838
5842
6942
13036
9476
856
2740
9058
7774
72450
11056
6086
14172
5796
3206
17986
4994
12588
8508
90372
15996
262
15336
500
8088
3326
61700
2450
6986
14412
11478
51358
15530
12754
7722
15682
92134
12050
2830
1162
10594
7442
6542
44426
12542
13622
8238
28800
7728
3288
19490
7430
17674
9866
13508
6470
9916
22308
960
60786
3850
11658
64906
12424
2882
10030
6414
9878
6020
4444
10652
10118
10518
19516
18616
8376
13314
14356
18014
7248
3908
16258
12698
14194
4706
2500
1340
8560
85934
14828
21904
6448
684
55302
8280
540
4108
19830
6586
74186
41906
5006
6142
73244
54274
9334
15938
15762
14204
10018
6092
16836
6372
2916
6754
15996
18380
18026
32402
20152
13664
15858
18568
9718
57108
17696
10098
11622
4036
25454
17848
10690
39690
13720
6026
85762
10268
2346
2772
18532
70138
12078
6224
11054
79216
1506
86148
1418
488
7292
15814
2332
1614
6964
4552
89226
11882
10830
3190
4564
5048
24612
4822
6706
18134
7350
11774
3930
96356
15386
51934
14998
14384
15328
14338
40496
250
9602
19436
13372
9980
8526
12346
8872
13202
760
2116
18254
18546
4042
14386
5674
87362
6830
154
7786
48632
9488
95916
3806
2472
14352
8164
22770
42
56642
11132
9248
5596
19352
18298
20782
17042
8640
3652
13412
12378
13384
55782
88108
10828
35028
76078
7880
6416
10490
9642
7958
5200
10964
4002
4214
17500
11466
14142
16156
3886
9110
13452
56004
33944
42360
1922
3292
5824
33238
88342
11170
3224
17224
3956
26970
12582
6268
12146
11070
19400
86764
19404
8868
90496
4606
11028
2672
12534
4680
13010
5900
18178
15352
15068
91470
6512
89702
16338
14536
11406
21654
8372
54
92712
16946
3092
2576
16750
3026
59438
684
9684
18582
19290
10736
7242
514
2996
13754
19956
9068
2004
11928
2838
1434
14524
12784
136
3482
13170
8768
60738
17644
4438
1014
88446
17396
17146
29286
17516
12884
7416
8336
27306
14414
10128
15112
7288
13432
72918
19100
248
55716
9650
82530
5162
28948
23744
1830
12790
17268
51822
37586
17876
18178
11330
8198
1670
59940
11998
2894
40830
61632
11352
9118
14036
12770
3116
3674
35580
16192
17114
578
17250
6282
18666
19322
73644
11110
15086
11450
7786
19902
16818
17546
16898
16514
16924
6264
8286
4752
19756
85008
7106
4058
108
7878
19100
7116
448
1554
13774
10134
94350
520
9962
11112
12
11532
16004
19588
10646
4686
15104
18468
12808
19812
97972
3650
6320
13760
89550
6150
13386
13586
6352
14584
15564
79692
79990
19586
18694
5894
3252
8914
15142
91328
8676
4530
5368
15476
1250
15482
11074
14088
9676
90028
17584
12630
19388
818
18808
18906
15114
9120
30576
5512
7888
17626
47760
5716
2462
60718
12792
15556
6422
14418
44242
5326
7446
16434
376
10436
10154
16384
8158
43414
25504
97838
19702
13716
15088
44666
15474
96
2488
18714
16414
56558
13740
628
12196
1298
11504
5340
13036
1858
97998
17258
14864
19344
65014
784
53660
2414
12524
1352
69068
5124
14214
6140
3722
17716
18394
716
15056
7432
12858
946
79820
7094
9148
19916
4612
15252
83126
75108
8878
70850
62622
6102
9618
5118
18400
18032
15948
15604
57456
11288
14384
12926
68062
19062
4506
7932
17634
18332
31952
4730
17084
6808
2832
15746
7880
2226
18342
83598
14578
45798
2534
22388
17166
5866
18628
27178
90694
17102
14354
9264
5724
63320
996
10630
9700
4726
73116
13334
17408
10418
11342
4346
2350
7648
4106
16442
15868
17420
14094
13998
3540
53222
13430
33432
11466
13590
3506
63878
5404
10100
4380
12642
69028
19696
15934
6410
35038
7814
5894
15174
2704
2644
1960
9110
1686
17484
10322
63628
15920
7096
5912
19870
4174
28688
7898
19010
54424
8158
16808
17182
19674
16292
18926
79396
86908
10974
15538
6210
4706
9792
19992
11392
952
12438
920
15314
1790
39272
75794
10864
17428
97364
5814
55114
12740
51786
17364
4580
1404
5660
19198
18582
97186
2620
1246
2424
3156
86558
6888
9138
9524
70816
5412
84034
17610
79246
12182
1766
6738
14120
7926
15212
9402
13964
8406
60576
7182
2026
47374
7600
11598
51810
14242
83058
11648
17630
13854
56388
19742
74992
4540
3052
30476
11982
85774
6404
5518
686
3914
4180
63232
13518
1916
6108
59338
11256
15364
19742
29096
3610
13604
83760
1358
5154
9688
14064
94958
76022
12162
3260
95042
11344
11302
15604
6238
15516
6136
2324
12742
3618
5668
14380
87670
91742
8172
13570
60312
16174
10252
86
3832
13260
8752
7852
4702
10920
5640
2532
86686
1446
25254
4586
1804
4300
1392
7700
11774
1614
17312
13914
14646
508
57486
17580
15262
94088
3264
15960
1440
13720
13200
16470
14076
5990
6450
650
11414
10006
64598
6528
15172
1992
65804
9022
76028
8426
10286
9822
13620
12994
8334
3934
16548
568
442
34382
14534
14658
16026
564
7872
5842
5912
17766
7312
5388
4628
47404
8800
3788
3886
13266
17662
77290
1652
11516
4016
12490
8786
7822
6752
86610
2792
4206
19294
12742
49528
10486
65566
17226
618
12140
11090
3228
47784
7318
18072
6310
17612
8392
10474
6488
2870
12020
9774
91978
43194
5270
56676
79450
15398
78824
15962
2188
11840
1448
18512
6024
7632
1246
12716
15744
13710
98362
8
722
16562
12720
11776
3286
18222
18912
2848
15754
14114
11830
7780
16156
6494
6494
8580
4410
19390
18968
13246
15560
12932
7140
10392
19380
56668
5556
13632
94420
95154
11086
17324
1784
11458
18080
12066
8048
9496
1284
11402
58044
91608
2798
44434
5360
77996
6870
16274
6156
16446
18248
15526
16090
3072
7402
5718
16102
77246
10186
8574
2174
17316
2036
502
31826
1932
42086
9052
97170
262
8100
94804
11640
18302
30224
15272
4824
8184
13778
62244
16964
10166
18788
68928
91478
6424
13014
78080
1458
97404
16886
3888
19954
16740
7300
37210
69266
3974
17520
19026
2308
13210
19014
18810
40686
14992
23514
16460
75616
12346
9712
75602
19566
10476
15202
15806
16612
15150
13482
6296
8132
7700
49356
9142
9256
5756
18428
11070
14638
17846
68244
13192
11776
15070
47538
8144
10886
14378
19128
16642
492
40502
11354
16380
7142
17124
16322
24178
19074
19700
332
6174
2722
9240
10044
2580
16122
14880
17888
57390
13008
3662
5188
17314
19192
8390
12244
26162
52848
4628
12838
43396
16562
5372
16136
8080
3310
13046
2026
2510
3890
236
10930
18752
40800
1476
2572
99722
732
2580
18194
13028
1144
10238
2944
9678
15808
53654
56546
11318
10736
6006
47058
64598
2456
9884
2854
13456
770
12512
16794
10082
10904
14628
54328
5876
61558
20188
18568
11988
8508
12872
13992
82898
3246
47258
10122
4904
9026
14194
19134
10366
802
8698
11506
2486
56344
12406
98456
8436
13238
6698
14934
1130
19098
5666
9182
50870
54770
846
18380
5184
11874
19846
12556
51342
4960
12812
19088
37576
76162
3922
19906
9602
34174
6942
870
7830
3692
5568
3798
18694
14750
18778
16102
2796
4608
4892
10690
8156
11840
12232
14148
17806
37994
11600
720
918
3392
14624
2950
14060
17426
17636
17568
9510
17936
3170
12300
15996
17142
9332
14390
38548
41282
4556
53056
14180
18224
12868
2574
8236
11218
88350
17742
11376
9092
9274
14508
7038
2554
15014
1100
10542
11462
18972
4200
8802
7600
12262
19242
168
19780
10424
54580
17816
10558
904
75510
16
14050
44536
6394
14698
4092
9346
15594
16972
4236
11418
17000
51152
13924
1682
93356
86678
15528
140
16856
42418
96056
66716
3768
19442
4724
11320
16092
6932
5138
19038
19012
10326
506
5498
19584
4462
80766
18698
88868
8212
42128
1112
5594
18052
15328
1052
15766
3410
11374
12444
4862
442
18416
12096
41186
26550
3836
31044
4596
16718
12556
22822
96464
14964
57978
3590
14484
19094
50762
16410
8128
11268
700
4782
18868
9150
6676
7512
18492
77878
13970
2438
6032
94314
11132
19494
10616
30710
9896
16274
15326
98668
26170
6180
7298
39470
15406
8706
11088
2838
17466
91210
14216
3610
55662
17758
12300
11234
3796
17102
11074
19574
3756
12660
19026
15592
12906
13862
3930
2888
14762
23040
20080
18572
3836
20628
52508
5936
8892
12596
8700
94522
61186
16836
16418
18980
10824
28526
98396
9338
72520
1336
47984
19740
17492
46858
9292
1618
19932
24384
74578
13130
3060
7076
6246
15420
5518
12608
7786
14644
11034
18828
14110
16904
12304
1880
14470
12108
10682
834
10752
16344
8896
11710
6412
2788
14240
10886
18504
53522
86852
4842
13444
16840
236
18280
51232
2650
1304
7140
17210
13886
5662
17402
2780
3810
14412
3226
32500
14740
54876
8626
14244
636
4552
65246
13476
3028
8408
11470
14432
11562
12810
18796
22338
28744
54686
19250
63872
9852
18724
12258
3588
8066
14966
48454
1576
13228
13182
4972
58994
7884
10510
19454
13250
65502
2152
4290
1912
14340
14272
1396
13812
1598
94556
4792
13710
6760
99592
11734
13746
15108
78646
13652
16544
6684
14240
10992
8518
79296
20712
18048
6626
4344
1882
10626
49196
13076
10120
14848
12196
3708
11144
16616
13588
18204
64496
3488
8474
7758
9426
3628
19232
11922
81186
12392
6856
6798
41100
18090
16826
102
5108
30968
63830
8612
31482
68192
3402
6240
45562
2554
2370
9964
11202
15514
70884
69390
6606
3382
4024
1414
12018
15714
4002
14560
11288
42638
190
4274
5840
14748
12616
7116
6310
11652
98556
14798
5236
28658
4374
41192
284
95812
1820
15438
8410
3820
3060
8046
2548
3758
8598
1574
44370
1534
11154
74734
13122
2914
17966
66964
5950
17344
18798
98698
11158
5942
17326
728
13408
14276
15502
10304
18736
19532
92630
8398
2388
9680
7748
8572
2156
73242
16688
15252
3948
4750
8734
18774
9122
9898
17210
12944
10170
10766
8600
12056
19214
4340
1816
7188
18982
7676
36992
9228
3776
37340
19696
8648
4826
94854
6814
342
81418
7134
15100
7902
48030
18326
1666
11260
47800
19640
19076
91958
87762
93980
86856
47624
62002
7740
9940
10546
11902
16692
3076
8686
15092
63734
13334
15382
71468
80560
43218
16560
59978
11880
11498
8798
14822
1146
8506
6960
8572
9302
108
4662
17078
16474
3280
4198
66908
52118
18806
7674
18542
6072
1296
10116
85510
19402
13232
46386
5206
12390
14692
602
19606
83026
10738
9620
13418
19584
596
4624
11934
6188
5300
8272
6504
8468
19054
2016
10756
59116
6898
8776
6012
8530
63316
84720
11370
7440
12996
92298
66110
5050
19522
12038
17132
71354
5208
18366
18946
19004
17434
18318
13314
86248
476
13104
11158
43596
9342
45646
5722
13934
8342
32530
7652
584
5304
8542
958
11452
9626
20610
78004
7430
14510
18380
2730
8604
19192
11404
810
8690
9696
14650
1442
10068
3422
16784
87920
18886
2540
13126
5262
3756
46152
19080
2066
17154
450
15652
50884
19064
19540
3356
95554
16426
15310
69814
14964
14202
14568
13372
14442
13734
14524
9716
2230
3720
13264
68372
12174
38120
16194
17108
16078
10304
8126
6684
2876
2682
18240
3840
18730
2214
1744
4234
2676
10010
18352
10266
18632
19268
55924
44748
1850
2218
10554
90650
15656
16676
85280
5912
11894
6326
9440
8994
10144
1990
70616
3540
9574
14298
4312
20196
5710
4886
7716
17144
834
13442
51566
9914
9064
19076
11792
26132
18662
22668
16828
10556
19502
4534
9124
5034
6558
4320
18092
56164
9700
9610
80004
8648
10690
7682
99376
586
76530
17690
4232
16958
532
5644
17574
15784
18096
8784
10272
19974
5930
35852
17942
684
10492
48448
5718
4898
16216
9992
8778
12842
87600
17204
30678
17802
19492
5464
41506
6276
16452
59464
12948
19126
2656
3072
13106
3634
7430
10420
5850
8518
11704
53732
5056
1680
87622
84542
53324
5736
14824
7154
16878
67806
17192
14350
49138
1650
1710
144
92186
14896
14244
12510
11908
66626
14474
32270
10392
7678
10890
85736
19326
44162
19402
58144
1834
19468
15024
3432
42120
17186
1438
13132
17726
18822
11572
8590
14894
3794
52170
78538
2584
744
14620
10816
12826
9642
12070
13716
9950
54134
19840
18468
84350
72240
16110
16882
594
57534
95444
48718
62
21272
7350
17478
3944
10254
598
45686
6360
7530
320
12096
3454
52674
7210
18716
944
8864
16870
17872
17730
11958
18548
4526
19112
15760
19346
17102
18842
71918
18938
1276
1022
14052
93634
6438
49172
12696
18724
17868
1280
12446
17622
8400
8980
3932
2682
11240
5454
5742
15052
3356
26090
4442
9876
7348
5286
15576
43552
12200
11266
42024
4822
3950
7260
12650
7662
13694
11972
14390
14442
18736
9014
11550
9868
63432
14428
1996
17636
17496
98048
3074
9512
13124
4122
16302
6324
636
19562
17816
31192
764
15430
3830
87948
40508
6662
8196
17694
1560
6010
1852
2898
7564
4918
8460
12096
11468
9292
15800
78154
16196
5724
14350
80254
29938
776
12842
14724
18934
4116
69272
15478
17428
45044
2798
37158
19826
46778
91382
16178
19664
16392
43092
41148
48476
18198
14232
1100
12738
10636
3346
6290
4276
16628
58090
6004
6016
85542
3254
66508
37386
8694
1524
2278
16394
3856
15776
72078
14124
81142
852
3194
19552
1644
7078
82334
6982
17532
53798
9930
3332
12476
3264
10692
5024
8906
75908
16804
18676
12228
90722
11370
19068
53052
3250
15132
5720
19934
5392
11130
10514
5724
8142
35420
6050
42116
9352
18680
61266
8102
14840
17886
8236
15380
39464
12292
15890
18464
14542
2636
17808
13966
15820
9794
18950
25040
15294
5564
3648
8984
7126
9362
11660
830
5972
11864
632
10646
9200
2324
55558
4154
10748
1112
4418
50684
28392
15976
16746
6204
7950
26052
8296
1090
8612
3436
19864
14336
2144
24372
8610
6584
30014
8222
19386
33628
13822
17286
19944
11800
86274
45494
97390
15626
87040
75816
16874
13258
3436
16624
9366
15556
5920
14830
62328
15118
15630
80574
1298
11202
18090
6252
12230
57168
7590
81132
10098
2324
10542
4926
1678
65124
70176
13138
93988
17688
12040
19262
1476
8350
3340
9094
73616
13166
18484
5264
10968
17652
17062
7368
2912
8158
11718
87006
18938
16438
42786
12904
10546
16382
2872
696
17594
20014
6724
74804
2950
428
16758
53662
19016
71312
38826
83734
11326
19952
5302
2786
18804
6596
14958
19184
40482
29572
80816
71690
69278
4466
6222
814
1586
15544
25824
15104
9622
646
9698
69184
3836
10598
17942
6624
4326
49180
10448
49656
16340
3376
57580
976
49002
3426
12444
13380
17308
18340
6212
14872
6312
37126
12880
17226
13536
11790
11658
550
2174
18570
54412
97604
11402
6268
64154
7752
31006
12702
18652
1902
9500
67294
19248
8512
2304
1230
6710
15608
14812
14074
9438
28740
3254
20806
13344
19946
4726
1980
18062
9816
10850
16948
4658
1806
62236
57120
80290
11376
70168
19678
7094
13482
1078
300
52922
16136
7874
17184
44628
95468
10936
11938
1782
15830
10032
238
14636
15142
42294
6988
15074
60234
7674
12932
5284
64210
6822
6910
4486
50394
29346
13462
15818
978
1840
10706
2788
5420
19162
1428
35848
642
8860
1174
1416
1748
96998
51642
25376
13398
1796
15752
72976
17258
10726
9934
11518
15216
17122
10994
14244
58436
4638
16194
754
6886
11782
13362
60912
4508
42686
12628
11642
16684
8998
14748
9428
712
7286
14958
78904
3938
1662
8040
6984
7504
84274
11508
15300
9750
81332
7132
14234
17572
4680
14126
59324
70904
96910
65258
18160
7178
8022
16718
89142
55170
10222
4156
88682
46138
15316
690
772
2574
11374
66274
3174
9798
91434
17078
19850
33684
18178
900
2356
14364
97684
256
44392
86454
3828
13302
8546
12790
2266
13230
15776
344
8086
4986
92316
2200
9744
2738
40
8102
3452
15526
4128
14800
4590
5928
1170
46584
86678
2012
8232
46784
30700
2576
9168
71786
2184
17202
14904
28732
16218
6856
10468
9672
6210
3492
3116
9578
20466
95676
6326
3384
700
56476
14730
73970
15820
18236
70408
19244
13402
3624
9684
50658
9222
272
4382
14438
8198
11360
16974
17552
5792
14532
12414
4246
1780
14214
36580
14702
9296
8880
4026
19292
14418
4710
254
92964
13626
9066
16054
17000
10868
11332
44286
80318
64250
8456
14950
10206
74970
16700
45406
10894
48986
6036
43848
14612
12960
240
16968
3626
15624
64498
16190
84364
4600
2702
40992
25916
10006
4924
9214
1546
17858
6906
12220
47550
1076
4104
13478
6496
13614
6184
11102
9966
19848
17760
10520
34970
60576
10328
8114
19544
16296
10330
5116
2906
17812
12906
13722
7990
44218
1136
3190
3682
5642
15216
11672
8490
3728
8540
76180
8856
72000
5946
75582
8962
22300
7392
6562
8542
74162
18522
9894
10656
10836
17428
7000
97846
59234
1190
13988
11928
14180
8950
17962
7540
9782
10232
19004
96210
6706
4906
5406
33228
98040
15512
64412
5228
17014
31014
2630
16864
8648
54550
14680
14314
79034
106
17428
3182
8298
3756
4688
19752
2690
15300
3732
18726
15148
686
8908
2116
19194
19712
10432
3976
83050
12794
4292
14544
9720
5498
88662
16430
7164
980
1620
11326
9046
2860
3820
10202
19082
53450
3948
39752
11756
18662
14992
72474
7470
10974
2336
14248
1728
4236
11764
78844
6976
1508
70770
17308
11792
16410
17458
15900
2578
13718
16986
9254
5758
7794
12438
19734
46770
1386
4790
7398
12822
6872
3632
16982
17488
10496
14170
16610
12246
86030
1464
1726
8354
8746
19984
8020
87178
66198
1446
13850
18150
74218
14400
10908
4492
14762
7056
1350
12802
94796
4124
706
17752
72044
68646
9350
44808
90130
17186
7162
15312
14198
17842
9334
35236
1288
13558
10700
14224
12630
6872
18084
3714
4684
4604
47630
57246
43996
7566
18700
6094
59614
14612
7042
1504
32126
6582
14658
94562
48536
15438
11370
2646
4254
4252
788
6852
9364
15540
20922
10546
15482
19722
2648
99164
4406
13482
10228
17892
76706
2868
454
7146
93672
7706
79766
6510
73028
2046
13566
9454
75128
10470
16550
2448
19972
4952
18956
7730
16070
18986
11236
17124
47570
4822
1270
93340
16968
234
7524
4642
16308
14410
1134
10124
192
17562
8828
11116
9554
19598
3018
85688
8614
16364
7048
16608
6218
19758
14390
98272
21388
7864
14568
5732
51434
31888
4998
59428
1508
12780
1834
40664
18360
2170
81412
15336
17694
2864
14012
14348
18448
36428
650
19224
17892
1902
60448
952
4916
19408
6932
11288
15686
5276
62598
61940
86192
1378
13648
67800
18478
1410
19230
2854
470
36484
57068
716
77672
14458
4156
5276
17110
58738
7560
10538
1784
29686
15738
492
7820
61636
6498
768
15350
2708
12124
1746
89572
16630
24680
12468
7364
9162
9974
3678
16482
10072
61336
9382
9668
6416
27398
526
1444
11104
2664
11806
11462
104
76336
4980
17542
19546
56174
18658
8240
14522
51222
5772
46828
12484
11562
18068
1942
37926
17412
6224
9734
18892
40050
12110
6034
56698
2490
12114
97878
14246
5480
8694
14856
16594
55984
14736
29890
75202
3276
18402
7222
14460
60500
94038
5736
11776
7898
80840
62002
16196
37206
91606
6058
40782
754
26166
10248
16186
63792
30960
11260
1478
18370
8760
17384
12188
83998
87738
4468
65404
18390
24984
5244
60736
9882
17448
9730
7618
56494
84382
19380
83558
13632
6512
4938
12080
68080
15246
8224
44738
7570
7180
8926
11850
93708
38742
16924
9538
16136
47036
8622
370
690
658
3482
242
2974
9818
11282
18712
14316
13640
53076
9434
1944
9868
82752
66468
16868
7510
17308
18294
12914
14980
19044
87554
944
4702
35996
7314
9640
10008
17030
48142
17792
1722
5466
7304
4154
10228
7832
38428
9584
12442
18010
5916
18340
41692
8120
16636
11608
17574
10674
3044
16914
5760
15992
8734
26046
8492
16296
90010
28648
4726
1250
2348
13404
7096
14346
8100
5530
62154
12802
18002
8688
11582
14890
18294
14748
93996
6176
14050
4476
11982
8486
2
5914
14672
14830
13482
19054
19794
12170
14070
49742
7554
6592
7556
5922
12914
16352
1900
10768
678
17670
71450
7854
5802
10478
85164
8656
19764
12892
10672
33024
17048
1512
16632
9152
6940
19172
12816
19642
67688
11008
41472
62552
13656
13554
2656
90592
5176
82602
6832
19110
12694
6106
3942
14994
14674
97294
2194
15942
5842
9176
7334
77988
12690
14954
14260
13066
8952
13414
1638
7234
15260
5664
7082
18204
2496
16076
11958
48966
2432
14870
3390
4652
18794
14344
3838
66302
80588
9832
13496
64
9638
8552
19410
7670
72254
3248
13486
99894
91384
4348
17684
70236
13986
16052
14014
12292
12194
7820
604
14838
366
18312
6414
50334
18798
2172
4888
4294
15372
16294
19028
17596
4050
42828
2248
8550
5606
120
18382
5598
43532
9638
76770
13540
15498
11776
13040
6002
66512
26878
7156
17364
18706
17106
18936
6134
19620
13278
18874
14672
9714
6870
94432
8580
79900
10548
5056
4370
12726
4642
13528
19466
81776
19798
30190
13426
16060
3750
1506
2594
94588
13162
1522
5246
8190
14092
4284
5464
11260
4620
10184
8516
72614
3558
758
8448
23452
3470
6198
13196
11406
10260
12762
18366
9934
62410
19642
5790
16752
83186
16090
6278
3254
6438
73128
7744
86872
11998
95694
14836
19102
22796
18850
17928
18550
15478
8448
1928
3424
13834
17708
27072
70462
17294
10292
840
3292
15092
15856
1218
17738
10906
16614
11168
8246
95692
1762
15156
16174
16836
1000
2962
6346
13690
10236
4036
8650
6724
21838
18074
67744
5702
6224
54018
17166
7504
5478
28336
77404
13000
15936
10376
8202
13754
6222
43268
4902
19044
5040
15522
72232
80614
7484
6694
1280
12568
8876
14710
6890
12812
16068
54434
5964
182
33474
61932
92282
95848
16526
19348
2474
6778
24000
10548
1360
16850
526
9788
13440
14990
8990
4528
3828
4780
11006
12570
7930
1296
5060
13930
9696
14454
67392
3132
1812
73506
11422
40700
33816
19552
6948
3600
12800
18138
14536
6912
3716
37094
17576
17028
8848
6960
10632
8306
13118
11720
11646
16424
8558
11006
1438
1648
18988
15566
17690
95826
17848
59914
36
4786
18998
1144
11986
1588
4348
18536
604
28
16286
6356
16480
63216
5334
48888
12692
15234
11326
16160
11580
10078
4724
78834
3406
4700
8144
11714
18368
8520
568
2586
15932
4492
3672
10684
8898
16850
504
9786
2398
2310
17498
114
8086
83516
16046
10972
59784
12902
6234
42536
1300
5832
59106
9940
33446
14580
13918
46900
60682
2272
11948
31112
518
2716
89322
90272
76080
11312
13086
85744
6594
6758
4938
9248
3100
11620
19080
98184
17206
1088
9970
16880
1862
5360
7484
36960
12776
7576
12716
10938
16650
43036
8676
13464
76604
59996
78694
16076
4866
5142
19378
5396
2842
4528
174
29426
9456
11716
4898
53068
23536
73302
17164
2734
76292
3104
7288
17114
2312
11106
1540
12842
19646
15574
9820
1910
8726
4798
13646
5078
12946
13234
872
23548
10012
12890
21338
66784
7140
7136
15750
6872
15654
19766
16152
15778
44304
5774
42134
10220
2362
17654
13506
3472
16536
3460
19110
18142
19964
9390
16548
10210
1218
18068
15010
2956
9642
93272
6148
17078
85970
88240
12400
56162
12686
12832
17546
10384
5974
8612
4218
15842
9810
15842
13772
69194
22166
39786
6326
16108
72432
7998
2364
15472
10846
38034
62960
7400
2222
626
17856
13618
18064
19760
38080
1572
1280
10354
718
12492
414
16826
10344
8552
16510
17252
8066
12276
27350
3516
12794
1418
17660
5960
3070
16576
11464
97262
3096
83206
11986
92400
12580
29036
18274
12380
10014
6446
9238
7626
4642
15258
8788
71868
2114
10782
72290
2526
20438
12546
1884
16756
14018
2494
17854
12480
57258
15436
14826
17734
4896
16318
4384
85040
3664
76012
19158
12220
4996
9572
71322
19070
91576
6400
75536
9938
93064
12836
55864
9950
18858
11378
79570
2150
13898
18942
81448
17346
13906
698
7426
83052
72782
2958
9308
16362
18934
17150
12562
13386
16368
2626
15804
7436
19036
18816
77826
11278
15906
7148
57112
27660
4992
19278
12544
43932
13608
13752
41306
14906
16524
7828
5824
6814
46142
13534
5712
13776
2336
1512
15490
14704
15028
12138
96660
9886
15356
21948
17792
19234
8372
9590
12512
892
3522
36
12888
5434
6560
8530
15382
16684
89988
63984
4916
4128
26848
12610
65410
15672
10020
9728
1840
82
9346
20166
18004
5668
16370
14058
15486
900
93142
16020
4640
14212
4810
8690
11238
13016
99150
74
3146
13602
3334
75302
5362
5016
25048
2062
4566
684
11910
18706
50962
8526
6362
89424
8718
18300
14546
15348
9912
60730
3698
15304
69364
12632
19674
2868
7726
5916
324
19242
12600
6366
3352
16458
18226
12402
1110
63514
3750
17174
2024
8866
16730
15404
98770
98740
21284
1084
18394
2012
5244
3638
18016
12896
13470
6084
3520
12764
23100
16918
1788
18578
19036
44478
8670
8890
8638
13106
2808
95188
4192
19362
12614
9090
70678
6164
18376
11056
3892
5784
34990
5584
12368
11274
5730
1252
3730
79228
20274
3636
7338
60228
6430
8688
1948
66920
7316
18634
19020
15668
6122
15710
95400
60
14104
17630
2356
29110
4698
49872
5932
2336
3026
15566
16302
4748
2596
5426
3194
6764
6766
22450
18962
7416
18912
8362
63190
52494
28980
16912
7528
7576
19270
18606
15462
89354
15116
1338
7614
13078
736
224
15864
80148
9230
15092
24514
15154
12066
8056
96936
2150
17152
10104
49594
15090
8556
10980
35918
11750
5584
6722
1358
18232
11880
2082
17202
3388
44
79390
10652
11126
19508
13004
18320
4414
64394
16248
63330
16758
17924
14742
17592
6220
15452
3668
3878
4952
19908
15738
9336
6602
18342
11302
2400
3764
618
8876
64720
12344
18870
51292
12464
13950
448
8902
9612
10488
13404
80822
7142
9712
83910
96026
17334
6310
18484
5304
6830
19740
67358
34870
7418
13384
12212
45738
6008
18578
11664
16262
6394
16278
82070
5172
10092
18436
35824
17982
4642
3640
13940
9234
67104
19630
41276
606
54908
19588
12154
10034
12878
19464
9824
7102
6186
7608
18130
3212
17724
3714
18602
6196
5386
956
76104
11188
5386
17592
4032
1562
14076
3540
51968
76516
1940
19418
17726
11836
2468
10170
16186
51628
7718
87186
9894
9610
7330
17248
13316
49302
50166
160
44086
4810
32156
18800
3460
18288
17516
8122
10568
5080
578
17070
15064
95352
1680
12352
7108
8374
14756
16882
8712
12630
8972
5098
8476
6742
82500
7196
25482
224
3246
13270
39866
5786
1530
36480
2920
390
3558
19256
1688
16470
16220
9568
12662
13684
14764
1218
7722
15558
14940
2656
12246
62096
8608
5418
17544
59390
13256
1846
10054
18912
2988
12470
7418
3216
9748
12150
9740
10184
99354
63928
18090
18454
8916
10284
94194
80604
14038
28714
9558
2682
10742
860
23322
11708
14104
8856
3218
3578
6076
9848
5702
16966
58942
31092
17942
15178
16778
9462
7846
39536
14972
16154
6944
2250
15280
16296
19408
11910
41372
10444
61730
18694
10318
9552
1770
17942
9400
17712
18296
1066
8622
9778
5052
1632
12506
8132
10876
18806
3306
11648
89360
14024
11132
10888
220
5926
99042
7828
8330
16460
99724
12988
10250
3202
51086
988
11874
16068
4078
43252
97264
7872
14018
12478
9802
3362
8808
18696
9426
12930
10038
6978
13860
14320
45866
4072
1764
10590
6230
95364
11756
9690
6100
45288
6934
5096
1534
3850
1332
16026
17960
1100
85466
18318
16924
18722
18086
14840
74566
76342
16614
6550
31588
1064
7004
17446
5894
9614
1460
8828
9990
19526
12340
87720
8690
8034
9236
10372
83850
12042
414
11018
12082
18712
580
5978
24626
3658
99732
17560
72250
3620
16628
11934
1616
17822
15284
69400
32016
12654
4540
7424
15644
100
31768
16424
5854
12878
33512
10538
15616
17238
13256
12184
11100
2956
19142
20874
7564
11734
12612
6826
8432
10072
19918
1982
1014
42084
726
29470
78882
920
13036
37412
19076
15428
9694
3182
16480
9404
15860
42992
83740
4866
8394
9412
81976
18458
31304
15724
2296
17200
97092
16504
18568
2468
12576
89612
4158
19478
10042
11276
15256
6914
1506
17084
7266
87366
8976
97654
5106
9572
7580
10020
71102
58606
15758
14204
94402
3230
2304
68802
5420
17404
19164
17712
5372
18378
12588
18108
50434
12170
8074
10770
5656
8666
9376
630
15388
3364
2838
48126
56462
15758
16748
2580
7300
14358
65000
12258
36050
77880
7594
6348
13318
8592
79710
14702
12174
2410
11572
3046
4752
12676
2508
14226
3726
3048
15850
40990
42746
36450
9306
3236
10398
9242
3226
510
8784
23656
7364
444
19836
5226
15276
13036
19372
15172
19384
18878
7410
18218
22888
88602
2506
8548
3944
15924
10502
1608
17234
76414
17918
3874
18036
6596
68190
16904
9794
28648
64192
57806
30928
592
19174
2930
18124
2636
16062
90134
8906
1822
10498
8270
13230
79350
3280
12472
9516
6290
6578
9410
70458
12536
11274
7204
66294
1488
17924
65566
4778
8876
28128
17012
17564
6196
17604
9682
12860
26728
18802
6028
13844
18456
39742
18606
11696
13952
180
18014
46120
14576
4450
1316
15170
8984
21952
18918
542
10604
15486
12270
27962
87698
13128
4546
16918
14486
26762
18970
15994
9782
2762
29214
6954
17138
958
14660
5458
17388
92964
6998
18432
83990
18398
77714
2264
5510
59342
8764
2858
4138
7114
32404
7038
81832
8650
24656
11162
54538
784
16872
16844
91454
9126
14972
17734
7118
63322
10064
18000
16188
19628
12994
18164
16162
18074
9792
14396
5118
5602
13060
53288
10966
13354
15130
15904
12676
17832
9778
73378
2780
55374
2732
1238
40574
55452
3758
33774
13416
13016
3316
13100
5340
5934
18382
5918
5126
6386
10222
1138
37142
7024
11706
9734
11272
17402
9350
18782
36174
16106
9078
15004
38022
47348
18206
1214
1558
12756
6906
9436
15582
2496
15626
4854
29702
2998
810
18294
7568
69860
98318
19430
1876
7264
58270
3752
48862
4684
1858
9742
18640
4188
14584
3186
9528
926
16416
94892
5342
8718
9202
11918
13376
48600
2604
25508
38278
1462
7896
16190
18948
15638
19582
13262
13714
13830
13000
53498
32160
16724
19142
9120
47852
4646
13868
53534
6540
9296
9400
4364
13076
534
16832
1404
63824
33138
18368
11984
9594
1878
2804
7434
11580
14984
1086
15034
48394
2988
1620
1174
97382
6934
55702
68812
14082
24896
19910
42970
39564
1428
18380
10528
6264
33058
3170
18786
12070
5664
29188
14398
12826
7100
1508
2826
15412
6704
1448
4952
6588
13006
9402
3968
5112
74842
10208
91488
2070
9642
73532
5824
3872
15670
4000
17860
53740
6688
19136
15118
6514
4974
2440
44202
8360
12490
12720
19812
6596
69432
30258
19414
8448
12582
9548
3696
306
18126
18280
14802
6556
2020
9706
6620
44752
6916
52054
56086
14518
16430
104
11462
17540
10744
7822
18302
12310
6510
64612
15940
11076
6740
19542
4170
17328
8136
13232
3204
48010
13250
17008
6692
15036
16036
2602
9414
11750
6252
49796
5280
42306
4884
89808
35780
13652
12514
1760
15224
15082
610
17790
7854
17120
40770
19296
8786
57220
50380
25820
16942
19396
7304
12758
4750
45732
4836
3592
19178
16458
15424
8402
75000
486
35962
17776
12632
5994
19566
87662
5786
13508
9326
4258
4092
11390
3986
19246
7448
10164
15424
3160
16464
60696
3808
14652
62
6522
19382
3612
4690
17892
16912
8596
42362
35368
16614
54684
2998
91132
99672
3796
15642
60410
69050
50036
4066
48532
15376
15030
5374
14848
5342
12346
6068
4498
7176
68250
7872
78264
63390
14172
8648
8670
11866
15266
11902
18622
87216
61204
11732
5554
14380
1090
19178
9288
10474
57340
1246
16448
14816
95736
19674
18454
7808
11994
7722
14038
4788
114
14432
11594
66668
82520
6190
12260
3912
13564
11400
15490
18268
6722
16100
534
12882
16924
1766
16756
3818
10930
53796
22602
2186
18076
17896
6106
15370
4034
15142
13674
8056
31780
12244
93006
17306
7720
15622
19276
18538
11098
664
1628
8450
15490
2352
10496
9432
33942
10766
5976
54106
4504
93418
44182
11858
3752
984
49932
6244
14208
10592
4042
4174
6720
1794
92156
954
15736
7104
12562
15320
18372
70336
14024
11254
1962
9494
3128
7506
9026
3186
9188
664
16912
45144
3316
4798
76786
11740
9512
2628
8536
18094
33628
17994
12604
7180
5716
17588
13434
17896
880
13410
55176
13292
8972
19892
30566
16110
19324
18520
7998
8286
99674
7132
18120
14894
85826
19532
2030
5524
50652
15540
10144
10808
24144
4898
428
29994
14566
2206
2382
17918
17684
7176
1802
1440
106
8770
8290
7546
4394
15398
2106
10872
2834
8930
4320
17214
4350
11188
9830
42626
358
20900
16788
17074
15448
9776
3498
15002
41700
16614
14076
6222
9140
11632
18302
1470
16130
15184
2362
19906
7760
15454
2896
5570
61814
6330
10432
96090
10818
61114
11368
9686
1288
16216
14142
81994
19254
17096
2668
16542
1538
1052
18936
61696
15176
25908
12076
14352
73252
13318
8178
12230
97012
986
83680
5766
15386
16234
47432
11820
5106
14282
12596
12650
5940
8686
18472
54804
17764
9542
96
13212
89086
16592
99750
7838
29216
7518
1034
58972
15674
6888
17432
13640
11470
9280
5516
10132
9540
32652
7068
12666
9430
83820
2044
14438
8428
77760
4096
1280
12932
16404
17542
13722
210
18322
3170
1708
16610
14382
56110
2032
7698
18398
78284
39120
19614
12828
49582
10324
88428
14296
31708
1172
12176
10570
18852
9542
11472
16264
19154
3620
2134
10490
3038
16816
1970
14100
15550
886
77282
10320
80634
7168
10686
19170
6840
2950
1162
7922
38822
71242
10914
19738
51400
18238
2630
85488
5416
20432
14040
908
24576
2132
16624
69248
6642
18806
14122
14020
34784
566
18134
15714
1864
80802
6644
2450
2148
12686
88890
30424
2076
5240
2644
7868
6956
6776
12658
7696
16568
19728
11752
49776
15126
9724
708
10092
1030
11058
8928
6324
8590
2608
7754
97754
8336
11828
4428
62432
8376
42160
2328
7702
6640
10330
14128
50826
6218
47990
14010
7446
4058
7998
6770
13776
1772
4086
68552
5764
4974
3840
16926
18756
1600
19160
7174
19696
2070
19814
19902
13852
22752
16716
18474
16594
17878
7740
10412
88066
17770
12098
18384
17784
14808
19430
1186
18234
1686
9296
8958
6540
18836
12502
8956
19128
15458
4758
15878
53508
40046
54552
18102
9868
17722
6786
44932
19882
11004
71332
16694
17196
3494
8076
90618
64614
62514
14898
6168
5646
44910
11290
1906
2304
15530
19434
2846
58190
13890
17020
19178
19876
65924
1610
12586
8414
43054
7014
64484
97240
12352
88290
11530
19242
11868
9858
14250
8890
9428
12940
2172
16244
14404
14456
4258
6998
19608
388
16620
15610
50674
1548
11638
24592
9010
8216
9746
94268
14958
11074
972
6536
9534
49798
15398
15952
13840
3164
16598
8432
4760
4070
26368
17062
39944
5544
2744
17044
64096
16852
9218
1048
9514
2872
13746
16734
5396
9942
16688
9266
14412
3540
2442
36558
11658
33532
3604
17226
17640
4594
7172
19534
7634
3420
17322
17608
10398
81932
81162
15100
14652
8654
79678
6622
19662
14488
8118
14522
4750
10864
5232
77532
19384
662
3374
11016
90846
13554
12936
4942
18464
1070
4180
79984
11116
85666
510
2222
98236
19354
16974
13348
2262
13302
12792
18752
19052
6136
17612
6378
1050
84736
19572
18578
17482
43978
85518
18888
7684
51890
430
6200
4268
16616
2678
4910
12402
12950
8264
73892
6332
5834
10778
9998
15270
17058
57740
18210
21508
12266
8586
5930
4180
18686
7354
7236
3082
43012
57260
16492
1970
8058
80458
43346
19906
18092
24172
18734
13738
7302
11030
15250
3574
4948
4492
10408
17808
1562
180
6024
16252
7566
2754
6250
552
17610
13400
4862
7562
11864
1288
19226
240
17374
4192
59294
19414
1294
3310
12156
15920
3970
13354
12520
3230
3574
36236
5952
3692
5408
18910
2552
8018
5178
3966
18928
4448
90810
16622
57108
84868
1186
3272
2778
3050
2764
19028
4650
20008
15708
9736
43474
90806
9610
52350
3950
9982
4002
18710
19870
2840
7914
3476
3360
9054
47394
14254
1698
9580
40
59536
18344
896
11400
4772
972
17926
5780
6240
12060
18452
99940
12230
36550
10334
13500
15214
3098
75788
2350
38656
10180
22480
712
18890
10524
8128
5408
19112
1424
6476
18222
17958
18058
35182
1990
4470
38478
11292
8784
13216
14042
88140
10474
3284
14148
4258
17716
3768
584
9516
19982
14380
9278
24664
14238
15106
15850
4058
18460
10276
49204
11774
17838
6828
4532
14866
6462
1650
43108
26546
5004
11902
11076
318
53844
11162
11736
11946
15426
7984
11326
52910
58882
9856
93832
4590
572
9174
8858
31384
17244
3206
94752
96502
8842
44082
51010
18786
16414
58784
19648
73782
114
62044
64706
9966
89658
12446
2200
45852
5520
2080
11022
18470
11394
3430
16512
9250
8016
30946
12320
12086
13958
20060
9678
45342
19036
25312
12990
21664
11964
63190
18576
3006
12776
78068
64590
4768
6394
12552
68306
14982
3324
4014
75488
67704
12886
15172
446
7982
11150
3752
2760
18688
80238
19632
6018
19156
5056
9284
19680
85960
30944
6082
6756
98444
14548
9492
7070
8102
1828
15392
75704
1478
9264
10970
10754
33082
11878
90796
1814
12870
10214
18160
16186
17138
12154
71280
840
12314
46568
9276
14124
4706
4644
7330
11030
74888
19902
1450
40808
16214
6398
14622
8480
14170
15386
13652
5124
3604
36668
53474
96300
11118
5710
8602
2862
8876
6024
9870
2394
19510
64590
82694
2326
52014
554
410
7830
11492
13688
21240
8140
1318
10754
17548
12630
18632
5988
17940
67718
18742
1406
21762
97110
11746
6976
926
27206
55118
12736
13296
3200
116
10742
11450
13740
420
16872
16874
198
15678
96372
15884
8292
1752
19328
15066
7060
19606
15022
7534
9216
8622
11030
17740
23050
14340
46508
4088
19674
12968
9084
14588
5584
68202
13166
14238
11754
16936
73898
14346
14268
2924
51764
6508
93384
71902
8188
10924
1964
10788
7942
3914
76152
5806
10542
4054
54324
51364
14640
5668
10574
4218
48730
13920
16522
14772
16748
4652
68502
10726
50574
26566
19154
15650
18912
17994
15232
7464
10580
96822
9100
16148
73278
3702
67536
75796
12756
2656
2580
41446
5892
7470
85142
16506
7496
25146
13470
1384
938
8906
25750
16632
11252
288
9562
92676
3266
14116
18294
19160
2136
52292
16238
17304
6358
54652
15808
13080
6806
862
6840
7866
79372
9522
55226
11194
16980
68760
1002
11044
8312
8052
16772
15708
5634
19050
17822
9224
14916
97392
8650
19334
216
88292
13944
90214
15358
7212
50058
19330
11818
14792
13882
944
53044
1304
7852
13474
10994
17220
96648
59296
7084
16838
270
68124
13466
14538
2606
70758
1334
14550
18156
10158
4296
12144
8586
9404
18298
10692
3168
18778
1300
15744
17056
19706
12448
9160
70354
16322
3398
18076
10230
35514
13144
4250
5840
75424
1044
11144
84606
13582
7624
18076
12814
6994
920
4758
34576
5452
18406
11728
83240
16618
59112
33276
11404
19474
6666
15756
4624
17470
1908
7190
904
13722
5386
19892
9058
8044
16080
6010
6228
16036
90826
3206
4390
12796
78486
85998
3898
14474
3906
3810
6498
19460
4662
15224
12924
34586
18800
5398
9190
8796
4278
1488
7362
18192
91064
15222
6956
10006
16680
17976
46
11874
5870
12734
64436
10348
17062
18366
10218
47856
4262
2854
46200
6644
6162
71806
1700
19682
10162
18696
39114
9720
15320
19994
18732
32198
16608
8426
17392
41386
14194
5496
10260
16728
1166
1560
9370
12208
2152
4130
66234
8270
15108
5022
40478
1246
11478
13584
75120
1764
77720
77650
1672
12278
67850
11576
16634
36926
79388
6744
3368
2350
92916
13220
2050
15480
91628
18358
10780
86176
11776
3918
14068
19726
16984
16496
2216
15624
13182
43176
312
22438
15962
2292
9548
10764
87620
19388
1804
14554
91030
28290
59660
6724
1770
15068
5680
16590
13878
7766
9012
3040
71612
12130
40564
36882
19266
7660
1710
50422
3332
16692
77296
4824
16400
4292
34360
584
19270
17062
6294
2260
11440
44468
8178
9236
17146
89398
58930
4080
16330
7096
3946
4868
4262
5168
7374
14988
3036
17362
12204
57434
23522
10992
15934
6296
3694
75182
25316
24484
5182
9808
3842
3444
15392
81862
80178
13784
11674
12540
20070
10268
9954
19876
16260
50176
14900
12992
95430
46360
8378
18658
35780
5210
19384
2394
7934
5314
26096
3158
11334
16742
10222
1674
15874
86584
66482
19962
14262
1150
16188
18832
16376
4268
7294
69838
8614
204
18724
7984
752
9834
19958
840
10750
10926
19826
1988
10816
5280
348
29886
11860
19634
3436
67622
4890
3148
8588
18276
15512
11910
2454
3848
9516
2098
7030
19312
17024
12640
80534
25312
8262
92370
18068
18094
16094
16040
97016
17756
6130
6336
14388
11370
91988
3084
18160
6440
24850
6694
41508
9578
704
14030
16424
2780
10000
948
16486
5818
6594
16742
5788
19538
40140
93290
2442
5280
14116
17242
14472
19056
44186
17406
7670
89626
7290
7214
10724
1592
2904
3504
52038
82934
17244
93592
2504
5454
8646
13608
4182
32468
1038
8936
1542
1678
18894
19914
15122
16528
12172
2728
28284
62314
9920
5294
11258
2484
5456
79718
10862
17080
15318
45574
19300
18274
19312
19828
84598
34086
1032
3630
8382
17630
3960
10422
2104
11446
9694
7844
19534
5216
7464
44230
15498
1832
7522
10088
442
95650
83442
11666
6272
69432
55406
68378
10832
2394
12160
15568
766
14788
13966
76806
80540
12776
1104
1080
15490
11432
12796
16402
15298
306
18392
3814
76212
2034
61630
15280
1990
9750
33034
10016
19356
13458
5508
5718
7098
11266
17114
7478
7642
9968
61792
43628
5216
15432
79488
12108
19816
73948
12854
2650
3818
16140
2210
90904
19846
17186
18974
7912
1884
79072
38450
92642
1696
174
44506
850
8908
12588
122
60
18580
5982
68448
16564
19564
15074
8628
362
3768
5680
35814
3412
4478
16330
14430
1054
486
7350
45518
3796
5248
17264
56990
8466
10402
6688
14738
58502
16006
11288
66944
15512
1016
8408
7260
39524
4742
30732
4732
3522
38780
5686
13944
18760
16134
15152
16566
19652
14696
514
77176
81110
11230
87462
19096
4848
47596
11358
260
93104
16170
2566
63248
29296
27704
6458
13428
3618
13418
16620
16714
51450
69504
75174
14766
11644
1812
65114
18798
3822
82738
40914
74920
1910
6462
8952
8996
16956
10248
2782
14964
16006
14310
8092
19064
6378
86524
13896
6614
312
6680
12870
9498
108
4330
97978
17204
4468
18746
73408
7178
17528
12502
7268
17472
37252
6464
4040
84544
4564
10996
14940
304
8516
14294
13678
8198
6016
18980
2036
14500
14786
9810
16242
40916
41206
18096
14606
9856
11526
4462
8126
28566
2720
12402
7920
26270
16438
14784
5780
534
2760
2514
11990
7454
13522
19342
19932
4612
6736
15770
16066
9498
3746
95010
67918
14258
15584
14962
1390
5702
32158
3616
12622
97332
57570
6070
18382
12402
5688
1314
60668
12172
55536
81526
41656
14450
2888
1396
12472
5938
8034
19670
14346
15790
45956
18606
7274
18054
11158
1678
17348
3836
10152
9032
9684
3776
17332
7612
13150
588
13844
17690
16068
2390
12986
146
77570
18416
18382
12886
8130
11260
9360
10706
22658
15598
5586
28024
256
11996
9596
7802
17962
3066
15458
23132
11820
17066
4428
7822
42074
5048
85826
2632
16066
1482
16244
4698
17582
53092
7328
12596
6978
15528
97702
4768
15768
4534
13886
15690
8106
7184
7734
12410
7104
4912
10822
16346
11596
10000
2346
48700
16620
30974
16892
18818
4696
4660
5588
7418
19742
5272
16654
1020
7220
8576
1182
99446
7552
14378
2718
11452
19466
8956
4616
19674
80720
84126
18420
7572
8314
6644
11566
14660
7172
11150
19470
2500
12758
3730
13766
12492
12392
11534
24576
3508
82760
2844
7310
49688
12958
12186
4010
18056
1802
7954
2724
7634
4550
4196
2720
79648
17696
36526
1288
72010
18228
13560
24
540
13538
91294
73418
97980
16698
60992
93492
95518
18654
18812
2650
588
17218
6802
6226
18630
14524
4210
12732
16404
6262
36452
2678
21712
62326
6604
19678
12844
99838
3202
12362
3632
64426
12626
8260
63676
4824
13610
19494
4958
614
484
14920
6138
1312
17308
17410
6218
30598
8760
8032
702
47874
17332
19674
5274
266
8924
4744
13792
1088
682
16122
18306
6776
5616
3096
11858
186
26174
98578
16866
15798
9224
40240
19058
15002
73132
75932
7898
1086
10156
2514
9124
7034
7810
2604
15780
5852
11340
12386
45696
4174
80074
68816
8952
54010
2724
9386
7016
21190
2408
14294
15544
70262
1014
46226
4980
61434
17866
7896
19650
1068
6936
18262
192
10528
92768
5678
47350
50418
11032
4464
4640
7460
37186
9898
3984
9000
38496
176
12794
14350
410
13232
4958
4070
7802
4086
10196
17580
93784
94330
3284
13496
14152
21362
4914
71434
18178
18328
3366
13898
13992
9184
12308
92310
19192
13950
14018
14188
1314
5244
14906
13454
9100
91404
9532
81316
9648
14816
5614
3574
12660
11862
40870
88450
15894
8648
1514
74988
7448
61034
16138
11056
82294
16218
18042
1430
26222
1604
8796
1596
83676
580
3016
2914
45570
16468
2042
64410
320
76264
83638
4044
6548
17514
9034
1764
14744
69988
14184
1078
13822
13074
4336
61840
52776
45812
8930
2118
3908
7718
14368
89284
1948
204
11176
11334
19570
11156
13056
6780
3838
10614
45374
48070
12870
6768
13528
1278
1050
15394
12962
17598
2966
19952
14266
19864
12598
714
10984
7748
19132
18798
55876
19912
12738
1430
18330
18394
74592
4566
64082
78386
34064
8548
1424
1250
820
7632
19074
12474
30244
94152
8040
45908
6576
5654
8806
6188
12656
8744
86938
9894
8956
3142
5180
13438
10742
34326
15280
596
19254
3128
956
17782
32996
14406
71498
17398
4846
18022
14348
15596
13426
19946
10790
598
618
3708
14772
13808
14578
10166
13422
2688
13052
10170
4406
19070
4610
28710
4438
962
3578
9004
4984
58324
12600
17086
4008
17286
8980
90728
9010
12326
11030
1278
37568
79004
37962
14634
4074
3578
99964
11358
16492
19118
71222
5518
6894
7260
59506
13894
16780
16738
11062
36778
19318
17828
41458
7150
2146
6068
30396
10184
19070
278
18726
16716
49840
5698
1166
7536
10156
5468
56290
2508
98302
18470
15010
16724
2512
9588
2626
17284
9210
7106
200
1708
33286
15926
13704
19610
17828
18702
8900
3770
16704
31508
17716
15214
5628
33720
80782
24194
4924
18236
606
11474
10952
12136
752
4916
16156
2250
14986
7668
18554
53956
32268
14016
2410
19348
9142
5640
3784
18890
7912
816
55980
5136
54934
18070
13140
13358
36338
12194
1620
666
40560
15570
18072
77234
11764
15510
99746
10856
18578
8694
7524
10274
12606
50154
4870
5580
19312
930
6268
7176
3842
2434
1524
19610
34188
19324
8956
14172
2730
6226
88138
15242
31208
19330
1896
53260
19016
15588
19966
69362
9914
10672
12810
3718
12590
6296
26194
14538
6442
11274
1172
10852
17632
21610
79688
17722
13984
13450
9922
11644
78748
7278
1438
73766
93228
14530
5984
14564
55836
2056
12218
3200
11308
19954
94382
14792
2152
10936
13528
74666
9258
42508
5232
10844
42180
44810
39528
4530
17086
2392
19022
14418
10254
34030
8088
3804
4272
19312
18626
3982
15822
54106
3198
16692
9690
3174
19350
14792
5804
28376
13568
19956
9782
18260
15180
19924
55774
12754
6846
80530
15912
43016
19198
4466
914
1820
16808
12894
17462
8126
14484
45004
11968
15040
2860
7048
5908
12536
10476
9528
7352
5372
34474
68960
30192
16386
7718
39042
1122
14108
16954
70616
14484
24396
9428
89286
26010
3562
19822
15994
22904
8324
10442
40934
3472
5312
460
6698
75790
7826
9954
13032
41342
45422
16592
96210
79822
2606
2688
15558
13778
19646
14992
95810
14142
19462
2202
13144
3098
2100
17880
11912
1344
7050
34546
38094
4606
11610
14554
22494
13208
15030
14050
8280
39628
8482
15996
3022
85564
21224
17756
3700
13360
12370
15604
81590
8862
16456
3316
68104
19918
4112
16142
3214
39042
19526
7040
18460
2512
18944
16432
8714
10356
4378
12806
224
2170
17282
15702
12370
11514
18572
6974
76080
15306
5138
10062
41230
13602
14502
2850
4356
64602
15918
8772
1224
79992
13306
15900
8500
10078
922
12578
3856
764
12888
25814
16252
9950
6628
66492
20838
1706
8534
464
2350
14060
19452
67770
6684
7124
4820
7430
708
9630
6056
328
83142
12748
43896
1822
16930
14808
97990
8482
17212
1782
7000
15434
2134
10756
1358
13520
10010
17194
10426
9400
17590
8952
61426
12116
22222
16116
53908
12326
18752
9966
3932
10176
9026
2022
45630
9530
2596
2444
13966
5802
4972
10842
75310
19540
13760
9906
9110
32744
91192
28526
88534
1390
12754
18298
9790
4980
3816
19090
12498
11874
2954
5690
15512
386
8748
15540
90622
9718
7452
26792
17688
13362
17060
7584
10734
3308
15298
7140
98064
5986
28370
19098
50036
48104
9442
13894
5826
25936
10698
1422
20462
16876
9952
2526
4312
11754
12314
63944
8332
15194
78462
2986
2116
60840
37876
90270
9510
16612
22802
23318
8264
61984
906
3580
85786
58434
12598
3072
83734
18326
4180
2544
18302
7502
16520
19932
8778
65014
18468
19542
6036
65438
84096
1860
4570
9492
6318
39138
1064
17732
3052
19508
43330
8066
10698
14208
12520
3350
236
8450
18736
4064
294
16796
1192
16256
10744
3054
10830
6174
9304
10114
28250
11048
12256
224
3934
18046
23792
19546
2002
578
36798
13296
4390
11144
1792
11934
23302
1096
24
41262
15860
74906
13760
18184
78426
13922
31766
1750
28700
5112
76870
5766
17274
3782
14680
6640
9278
3038
2512
1730
11230
25344
17496
7184
60376
56812
15982
12282
6818
18300
47344
6030
6716
19082
7616
2620
67694
13714
3320
11590
76554
58908
7452
23378
1998
13240
12116
16752
18284
4628
8076
52468
19046
39384
40332
2378
15522
11532
14058
51736
15842
5136
3414
3348
19014
40838
98844
75026
19254
15402
12152
7622
7882
18628
17734
14078
19498
4610
15478
69652
9886
15252
84154
12956
5098
13552
11922
934
34350
2660
4336
17728
60848
9038
4522
8906
8350
5998
12116
4470
6004
21236
9004
3458
16974
19928
83816
6196
86074
62352
3780
18748
14222
1874
21566
23588
18260
7376
17760
1372
4746
12044
17470
81094
57096
1366
10410
8186
5300
13678
6086
14490
10098
11762
49064
6840
13906
19158
6146
10456
15496
9698
5166
14486
9432
7906
3992
9388
13256
1308
7496
11902
65848
11080
97274
17346
2044
8774
8258
18914
18180
19912
3436
2302
1790
47218
2686
33720
75938
14824
11680
95320
3272
4848
19696
8142
3086
10676
38518
3128
1810
57150
91630
17642
312
17132
8976
18222
27504
12468
10838
2530
6842
12386
7916
6908
14070
8764
10186
11786
18450
38814
9848
17170
15318
39696
19698
6052
1864
82472
19856
6108
4238
13264
14814
37476
1098
2272
1220
18016
15584
17002
4270
4162
16796
7334
84874
10956
16550
83366
1740
50520
15708
72986
398
15754
44878
13266
38556
1282
14526
95370
95564
13242
1082
6328
83324
5712
8906
80418
91060
1596
12322
12076
12990
2398
15520
14422
58442
18552
16424
12420
172
17230
88684
28106
6324
14380
9342
17260
2130
11642
66520
63992
50164
2172
11510
10516
902
6306
18866
15270
82336
26646
15412
82122
6518
52754
3722
64398
85654
13244
6458
4114
11300
14062
8892
12602
16510
17396
7906
17974
3740
77510
10374
1302
9618
15228
28532
16746
12772
11316
7616
3990
56110
13316
6568
14638
17966
6694
12368
2508
14932
3240
14970
53690
15438
10482
92436
7216
28530
4750
9626
9328
35592
11898
4188
6760
7754
16342
1536
14820
10052
1934
19156
3902
11722
45636
9748
4820
24530
6488
5538
12012
24468
45744
4306
40348
70
46970
16542
50680
2170
73668
4834
9024
13196
11564
16004
17544
4024
41746
3846
950
26750
19680
12182
2614
58260
42292
11458
1634
21932
27248
13524
16016
3320
16802
8040
9032
53628
4782
6734
2794
16362
12722
3662
5246
11896
11094
704
4942
8338
73562
10258
4558
6136
746
3940
8634
26116
12770
62154
16494
812
8346
4164
8308
12298
19544
13354
15228
4986
16762
19924
50736
43990
5554
7990
14452
802
18620
46698
39210
2174
3990
10380
2990
3956
11472
54614
8182
86206
6686
3346
18210
874
2252
5942
28584
12616
19340
148
3878
4482
12774
13710
97880
16752
9312
6368
7630
7048
9958
12006
10222
17754
9822
83910
14500
10956
17092
12330
4998
8578
19242
3500
33196
17464
13776
6448
5226
8240
19630
5160
9266
8244
11380
14760
17684
2210
14570
6740
5988
15638
5320
19182
19898
13058
7666
6222
12704
5776
33396
86854
17502
14976
9472
18730
17988
14678
9048
16896
77062
11130
19486
3050
57592
37460
84632
12050
14916
40534
1536
7678
17984
98096
18882
7230
8062
43098
17674
13534
2592
18730
8266
2272
68
34114
16176
14568
12638
1692
73664
4958
8470
56506
384
96216
76220
11948
2122
7630
11684
11378
11944
14552
78198
16838
5330
21016
11720
10506
11334
26374
8258
9114
19514
15028
14724
82312
11844
7032
5770
6388
8212
4242
4928
412
15448
12992
17206
36014
17110
51816
19140
11256
6256
10918
85426
2548
18306
7146
8612
12062
17360
212
3034
3732
15116
7638
10704
10768
13574
44772
59936
11922
94254
8006
92476
17826
6440
17080
7528
17182
18004
19196
98942
18628
2222
16956
10598
63814
11212
8984
4368
43976
1714
7852
15178
17168
9624
89524
25878
90892
99878
4616
8850
7028
14920
19740
7848
8328
1334
288
14866
358
97610
3214
19490
698
14916
14672
670
5678
2280
75332
5964
68166
9250
18476
4870
2428
16608
2228
14200
81900
10108
19060
16250
8282
13468
16632
53538
6836
18564
29702
11444
10128
7274
9368
6950
17684
1644
19106
50450
13308
7352
864
42084
9846
62250
49506
4318
18802
2562
18028
43890
10398
4556
15784
41142
13552
17300
34632
81316
18416
17972
64462
16128
954
5024
10508
10290
17536
10180
3816
46226
64314
12940
8578
1980
19146
19808
7228
11172
15900
2762
15278
11500
1324
7754
220
17606
11370
6182
9936
726
5232
9126
314
17102
58812
10360
2466
15812
11016
7766
1750
89190
18024
14506
2126
49646
19856
12288
3244
19284
4412
16034
11190
48056
16152
15406
75498
17068
5634
18902
6288
6982
8264
16134
13174
288
11540
15272
9100
11396
2494
87518
14998
14036
458
19956
18352
5752
6890
17370
3998
15092
10064
11098
63548
9464
93222
16404
352
16074
18786
10060
92784
17038
18268
13360
9338
1826
92140
18038
4548
12000
7556
9716
99294
83724
16508
11484
7994
11236
15508
6870
19880
10662
66374
17340
1022
11286
8272
18834
81792
8982
52552
15890
86
4480
36178
7698
14838
21080
5114
4520
17488
15528
5930
76862
11538
13876
35024
17178
792
70572
16242
15138
4570
12872
15870
13208
4764
17904
15442
5546
632
54984
7322
2940
9658
44536
18164
90148
2910
2706
18788
33626
59244
4290
10486
16246
23162
3632
42712
7182
40988
9384
29002
19790
15448
7994
97934
2326
14004
19068
7990
10726
13874
19570
19328
2360
2470
2728
11552
12282
8500
15926
48904
31250
16286
8770
19694
22920
15538
7986
12124
15842
4796
10838
13148
1642
15140
13312
99082
17468
16406
5674
33276
77068
7264
12776
8644
90432
6090
6678
19184
6582
4670
19164
13410
10062
18382
8228
596
60406
17360
356
7386
16066
5540
16358
14220
17606
84406
11090
15048
23054
15008
13376
62428
42540
15608
6608
13504
5054
416
71712
15970
12932
11436
6770
9708
15188
77912
69826
7598
18640
8118
14006
170
66330
84698
13436
8276
11422
23994
19604
2786
19784
36290
12224
5814
4612
18190
6210
8466
352
8724
15386
48674
92894
11130
1762
15196
5138
12624
3544
2940
1114
19844
10268
2322
2190
19064
16176
50162
91370
7716
10160
80844
3786
17414
19140
82612
16620
21272
3642
2034
4626
8666
15680
13512
12392
3322
12742
12494
6606
6534
6686
14382
59534
822
31302
14534
12040
18936
2594
10118
15756
12102
18638
452
4576
19966
45854
11936
30
89534
11740
13114
1844
15552
17944
3248
88002
18408
6278
3944
17656
1152
17362
3384
11242
4522
78842
22870
10708
1226
13364
18278
57812
12600
17840
3470
54282
9226
948
16238
8146
2064
6480
15756
17664
65122
19858
10722
8760
11364
18184
3248
19084
80672
18326
13512
18638
14886
15242
11876
17060
87868
19598
13370
4686
12480
48614
59860
18102
69624
17082
1684
3810
16568
4544
12292
36208
5142
1654
7840
10586
18114
17462
4392
5670
14664
17658
12990
22126
14938
4758
146
30552
81784
5496
32898
17652
2002
10678
27874
18774
5920
6358
7870
11144
1562
18440
82470
2284
5574
4642
42170
12922
2202
3130
7296
94538
14752
9146
22062
10992
8008
14304
8178
12560
14068
4988
19430
75662
69340
97454
14694
12622
6908
2756
17292
23538
7290
1806
13436
6404
2174
8036
8156
5242
7128
2978
8418
9164
19106
66042
64118
17366
18376
4946
12534
2482
4356
48854
526
7804
10126
60934
7452
2738
7432
10990
6194
13880
426
17294
10102
17474
12696
19684
28172
1710
12696
18852
6648
18314
12506
902
12960
3676
16152
81858
13520
6940
1266
90704
14410
15774
11090
46010
12762
15932
14570
9814
4100
530
16724
6692
19826
6534
18888
97644
8008
59506
956
13308
14956
11744
42524
10392
66208
90660
69050
1256
13016
540
76994
22650
63554
752
18478
11192
18272
5556
13712
3334
14928
4256
67352
10922
30262
16296
7698
8516
15182
39550
17720
19042
16112
14042
31746
9712
12266
3608
968
6052
18148
8456
18752
9926
16182
7422
11674
18048
16454
17344
7034
6310
24992
4982
1298
4152
18844
16930
9498
13580
17934
15674
10352
12358
14
14534
86104
1210
2316
8166
4958
80204
89976
17524
2830
6022
13190
15612
4586
7746
49834
89486
57656
10210
2986
10384
12058
80076
30912
342
8390
10138
2328
6304
3984
2356
17750
48630
7510
17256
12352
25206
19110
11780
3552
1912
36764
15280
87174
11522
9538
27428
13920
1686
9432
65488
4400
5614
38366
5238
91336
13852
76690
57186
98290
8840
8072
10340
10538
18068
3556
7172
16360
18958
7326
18088
6788
2896
3662
8282
14388
14168
4454
5952
14948
1048
10806
18694
2384
10608
13706
16340
4952
14216
76794
9342
97344
8734
6002
4428
10566
12772
19144
16366
3430
17318
8178
7290
6864
14142
28786
8902
11942
95738
15020
2464
8952
11920
71462
1266
79548
10122
16654
4666
53034
62676
52374
37722
48970
37678
73174
15914
1932
14906
16714
11052
48992
14270
13174
15358
53774
7274
19984
5338
19450
16948
66432
8650
26660
13630
93234
7752
20592
18434
4234
11314
8070
12812
26280
14826
17814
78102
5218
18276
13440
642
13300
14932
69000
59294
16150
8268
17364
2404
74454
39886
56554
17002
15128
3706
15198
5514
17566
8678
17846
15414
4540
16420
8938
12526
1878
17892
18732
7024
9756
12248
8634
18192
81104
8860
7086
9706
17792
18806
4540
88764
15720
1158
4686
91492
8778
6648
15728
8120
14506
7586
18052
64718
1058
13438
17200
16498
4612
3426
32988
16372
13022
14810
17072
8170
66674
8068
5450
41682
288
96082
85422
7738
10232
95894
10262
79044
25110
6954
2924
8494
50332
8008
624
11286
69234
2382
19214
31922
5960
13588
6202
19330
3954
95618
95250
74434
61810
3870
16512
5802
6964
5452
17888
13460
10172
40230
3676
9748
10634
19486
7358
17062
10464
15816
88116
13638
18108
11842
5974
11338
226
7414
13098
16598
10514
272
88234
67780
3160
15480
18548
4882
7432
9278
13504
17674
13660
14420
14828
830
12922
12582
8260
422
17008
9826
13976
96786
11982
18738
14540
39104
1750
8234
12536
5064
65494
6042
14878
1940
16898
2304
58128
7840
1970
61552
6130
19390
1172
23428
10334
18936
4748
2426
292
16180
9970
29208
6554
2198
14116
8898
13906
51640
77284
19212
7800
19528
77084
5312
18022
18092
16520
8376
9970
69812
7772
5170
16000
19472
2282
15146
2872
73356
56496
4052
13760
18874
4958
7280
6556
4820
5482
19690
20596
2394
9742
1386
76882
8010
13826
11300
14126
14536
79944
51762
42686
19512
7592
51042
14496
28
7192
6290
12314
1210
58404
16048
65934
17688
16914
6028
26872
5560
16570
7754
10016
78870
12096
12944
8102
9938
2788
4268
16610
8980
5146
12086
14802
5598
1708
19362
12300
10310
12546
15548
2338
10458
15196
18096
3630
1732
3598
6678
77594
7108
9432
3370
9016
17820
11248
15218
8916
14348
6644
18174
19090
4354
2942
16972
5502
15832
5898
18766
19676
13448
62164
13678
2806
11034
13066
2672
954
11932
3372
91280
1678
974
15844
6086
6152
22320
8958
7006
798
75712
99810
7666
4520
7988
3736
16366
14840
2124
12562
216
3608
2992
1374
15776
10702
15458
24180
6806
14744
83544
44402
11512
67816
3558
14782
95880
1866
6134
8634
4294
8676
46474
8442
6902
2744
59626
238
16886
6646
542
2392
4576
75384
480
83376
54556
7534
16826
1004
78312
92912
18298
12478
9992
6490
6264
11488
15072
7178
2286
16626
1502
13064
46818
15754
10688
718
7230
12256
3690
15682
9424
66382
14778
7698
5504
7900
8760
4116
20488
7742
4206
19950
14754
16958
4260
9908
532
16030
2284
6108
19836
8666
95334
18852
13696
18270
11740
8998
66522
17168
14472
1234
19436
18376
5692
3516
9580
7128
7958
50188
2008
9480
5426
12300
946
19536
56
16504
5984
782
11650
650
42574
12872
2746
14164
5310
3836
17260
9884
8046
7470
75016
15990
468
19224
84244
7514
44440
15004
19896
12640
8478
2904
18944
4792
50276
67504
10160
10134
9740
7686
18380
18382
12056
6622
15136
19206
6140
9238
17590
17466
16594
7266
5998
10998
4978
1600
31880
18160
67140
12054
13280
15630
44680
37750
87858
7830
1338
17958
18044
9156
7592
11886
286
2264
17716
13944
7454
12764
12584
38720
9408
6016
63720
3986
16090
4204
50016
11282
82884
9192
92018
19500
15308
11576
8696
56466
14738
7422
13728
9402
85332
88
16032
19944
5140
5028
14916
27156
14662
3526
9708
4744
4748
86628
16708
28120
17546
32936
9854
19794
10778
2230
5718
98452
1936
2698
18226
3926
5192
10250
30150
14108
4702
19022
10586
14880
12152
18238
14742
17346
19324
3600
30558
15774
9248
3726
14536
14202
15672
14934
14574
13492
14510
5376
88012
13660
7280
1552
12838
5770
90592
946
19242
62192
13390
9130
8058
38748
19658
34230
7868
2388
2750
2680
88236
8362
64806
3840
10024
4856
1854
12526
99186
97074
1168
1964
2452
9940
4486
17806
19000
16946
4438
13738
15806
2434
15682
4678
3500
1524
4314
5968
2278
79910
4978
2614
33794
1180
9430
12890
786
15462
83096
1244
17630
528
1132
18840
2978
3838
19918
84202
17134
43992
13176
2964
7888
17788
55740
70576
11078
9318
12308
172
13586
40972
7464
15984
99262
2200
15404
29658
46434
73850
9466
3840
3852
4632
16024
14312
9368
15732
89272
6710
94864
18570
56582
82114
2930
1308
7394
97054
13258
16822
48
15164
1714
8432
198
974
10494
13948
31376
402
5030
1428
5066
7040
16006
18266
11052
10066
9504
51916
89082
37014
5930
11514
12856
6736
1934
70244
16230
19680
1468
6842
2832
21350
3526
19534
11530
13200
154
16862
15318
14210
15768
51644
49538
3496
5954
3524
19756
19716
12512
742
16764
56626
6320
7200
8422
98900
13810
456
1162
7666
5086
39350
6866
5432
12254
10380
16278
80958
10918
10386
2118
90158
1516
13154
14460
15954
80974
16528
6216
87158
16470
16266
1290
13930
10964
18460
12318
10160
19204
7942
598
2150
16196
21076
17168
9790
8432
18294
2892
6700
206
11808
6880
6232
17754
18176
6026
13030
2072
77866
59532
14786
3212
6494
11762
18700
3852
70384
7578
11996
13336
19438
14010
6020
19060
236
7922
60992
18352
2610
16676
7728
9156
60306
67454
10178
60890
10320
2472
5110
19094
19144
7278
85698
1612
17648
11346
1406
14978
19546
6628
11540
80494
9968
2770
16702
9148
598
11118
16524
11940
62712
47388
7212
8766
13062
11760
4440
71548
12278
19230
8710
7784
61534
18728
98026
73378
3986
5296
81766
14266
18258
86008
6666
12742
1572
6002
15836
81358
17770
3048
9856
16202
552
18822
9310
18650
5502
10534
79888
10616
46090
47758
5128
24086
79340
8056
65372
11974
6586
8282
4
32572
15078
11832
13642
49988
2262
12468
10470
4280
2280
57864
8524
3454
6736
5464
22898
12824
28790
10370
30432
2588
19724
77970
684
59190
1038
13118
10566
25790
14798
63652
15232
17904
1220
43312
18446
7242
560
9192
15206
22494
1676
16154
10524
6740
18266
2312
5230
10658
5202
2802
19588
278
5108
8346
2310
13480
16004
8572
17734
19846
10590
10410
4550
79692
7930
19846
3794
33266
12454
10322
17694
4410
10360
16208
16398
71766
5144
19498
7194
704
13680
6084
436
16718
5298
6768
15348
14644
39630
49284
12338
1060
5094
17184
244
1410
12190
10454
1536
96906
5652
5900
13348
16324
542
7166
12380
11664
4478
8388
3606
3374
11688
11640
59908
18612
8220
18822
10556
16280
4800
9854
16442
14008
3538
78202
21748
18162
414
2994
5008
44854
12112
15224
10386
13462
5154
9182
11644
23776
10588
17298
87122
10374
7900
19164
11880
35404
37478
16388
9690
3740
6290
81474
13550
3478
6114
43182
3576
4382
1108
3294
6952
10748
9556
15840
16730
14124
834
10824
8824
6824
7622
52390
12494
11656
4858
1726
6602
11836
74106
13518
7798
14006
4344
856
12340
86042
1126
48204
19028
8994
6918
9260
11610
16156
2382
13174
7370
40526
18952
17938
41352
224
2232
93868
81388
940
17236
15972
3788
11010
16998
18382
13000
5064
14760
9268
53844
11322
67180
7022
83080
64026
98644
9600
29788
17650
3814
462
5928
11994
8936
10382
6200
12796
14652
9980
94834
3526
14134
68708
10192
8594
8236
6914
5826
7792
5782
3250
19228
6078
4304
7342
1066
24390
3972
19878
30892
6044
40460
14192
18120
4956
2764
17738
15530
5938
3934
16622
2868
48440
15812
860
942
3842
17544
17524
7498
39026
14406
54958
3476
6210
18136
61196
15698
5316
86638
12786
4070
13198
11538
13066
39484
9284
1638
26956
3918
1358
2686
3476
84212
668
16266
15382
9804
12242
15168
4206
7928
15828
1840
13638
4082
18968
2142
79174
19064
16244
8394
13186
1664
17960
18002
88624
9402
10224
4462
1908
86464
9548
49116
18316
58392
5640
5816
13616
14568
51118
64966
10354
32034
17664
43926
4958
17656
92454
12130
12806
10676
89110
13654
19328
15886
9466
12338
18172
7740
9958
11782
17382
82196
538
11442
6870
15600
43056
13204
6024
8420
17976
16432
5076
11368
10210
5582
12304
81892
6276
6030
23214
3700
49250
19978
5094
15386
17682
6362
11754
10454
53268
19578
18300
16910
2042
19110
71524
17112
61524
14274
19936
1682
10184
10594
35262
20886
8806
10498
54048
16968
96172
8002
11102
14672
91694
11800
8882
8856
8850
15224
81454
14838
794
4550
14976
2410
798
57344
8406
16292
3280
50924
16676
88812
11256
11910
3748
5402
3056
16950
5532
19800
18414
61762
2678
3686
67798
10196
8062
18416
15498
90146
14346
97732
33272
850
26794
10802
45768
4046
7740
19766
19998
13320
2058
48384
14080
12484
18740
10224
5902
1318
5450
4072
10454
9002
16196
1908
8108
23542
10806
75088
15984
8330
15440
14320
12516
19472
10258
18892
8302
16510
10458
17908
4110
484
14524
12782
2256
16308
68996
11076
4360
15518
7082
4002
40032
7882
7806
15420
15114
12858
74632
15648
19566
19948
8614
19966
4178
13000
31556
7134
9208
3946
4874
5716
83034
3874
47370
14186
12352
99344
17182
10840
5632
12828
19842
19996
12936
15910
8454
7030
214
15960
6712
37540
11514
7854
14104
14770
18248
7982
4500
98
7286
18322
10556
10100
2112
13372
308
9456
9854
17980
9328
19130
15304
7346
1646
74028
7606
12160
30426
24774
15166
18524
6132
18520
5584
4040
3888
4488
19002
18038
15328
10084
3062
4236
8066
5096
10326
4610
5504
16244
12988
89064
82918
37380
31220
11610
7534
6836
19046
19642
17764
22118
16586
9498
16776
81772
7334
7064
7214
19492
10790
44270
1682
10368
2024
3152
8498
89322
7942
96998
7442
6934
6516
9468
7050
4402
19896
3660
9134
13038
18214
33788
52764
2314
1370
832
15340
13114
3622
18212
1212
16506
3532
16794
19938
34702
12312
8314
28352
684
13652
9556
30362
598
12056
63268
2840
7492
2520
6026
3072
7612
16950
5120
19976
51746
15672
41912
14062
8850
33650
50596
13782
5452
14488
46108
15576
8256
50638
17204
1322
5410
11634
57654
8818
70038
14854
2116
15864
10268
5144
4318
12564
10880
8470
19220
1022
12060
7166
43908
408
19144
16620
10136
8906
68430
6566
1456
18706
1738
57604
8872
12822
59504
12084
15174
18926
7596
21656
88908
9102
4148
54972
63474
1352
5616
87510
17852
15986
55890
1714
120
63118
18908
82138
7346
76654
99854
9878
5008
35072
96328
17150
5564
14170
19118
96118
9614
10476
6150
82088
6540
10350
13194
14996
17922
14982
3916
24672
12088
15054
5884
12164
15622
17726
1242
4806
49194
16990
1688
17118
12594
15684
7686
4360
1900
3414
11820
5202
4766
4420
1210
11760
12888
17394
6752
18824
30486
4884
18098
1232
2576
8870
13286
15852
16744
6450
6880
19392
93084
14480
12908
6746
1590
4000
14498
17106
5122
364
45380
77276
15656
7922
17634
11810
78554
12162
68994
38644
13148
64654
4548
9922
2766
8062
2896
19994
11470
256
7306
45522
11752
10572
19780
6418
5932
10632
22074
13684
9628
20292
4656
94428
8086
13584
1550
2834
722
31194
140
5314
5226
9986
16186
8500
14080
10976
4504
10218
42568
12958
16654
10296
12540
41978
49736
83934
17610
48544
1618
19284
1776
19082
2598
3134
1010
2284
1958
89574
74032
12136
11186
17456
2064
6590
5074
5590
12192
4940
19778
2622
5582
17446
26922
13658
17274
36010
61118
14964
19068
6060
13114
19826
88586
76814
17306
18432
16676
6054
12358
6312
24446
14616
5530
8912
18426
17698
16858
40260
2698
69214
19464
17586
14382
15026
34738
726
14026
4230
7498
11652
35358
9012
58776
21298
6844
3172
74750
15994
16382
7096
9752
15258
55614
39848
17812
75546
58942
17404
11920
8784
2488
4240
9860
7994
8238
35952
418
11360
18008
39214
13324
69122
49096
5924
17056
58624
16316
6520
8682
73356
7944
39072
4352
9052
842
3680
47620
15680
670
96844
36140
13458
16400
12728
6990
87100
10868
4548
16614
7734
87742
10582
8018
21102
12800
9704
46230
23024
7622
34326
17574
7730
80216
7144
8446
18678
61300
51982
45328
54840
8118
45834
62914
71540
17242
9960
16958
5262
8708
2930
5768
17814
12898
10132
13324
91692
12348
5592
16392
10354
15736
1728
3380
6676
12956
49670
16278
10500
11704
11036
8942
9118
7228
17632
10024
19916
7364
18186
11630
2106
1104
300
35908
11282
9918
5592
3334
10394
1144
17294
13006
10862
18970
4692
9558
11706
12188
40790
13686
10362
53200
16344
1570
3966
12564
4586
9886
14298
16192
3976
1560
15268
14402
11376
78040
9736
3396
19544
12548
78272
32004
11738
5862
19880
93242
18822
17574
19164
15300
8182
79512
15670
3236
10718
12428
760
6734
94944
82386
18148
1696
8524
52258
8964
6052
73474
13320
17798
12296
14950
200
8706
176
12142
7328
406
13412
11940
1420
15742
14608
4344
5778
7774
13120
87976
8296
13542
18994
2012
9302
16274
8318
32612
13842
9100
12924
11016
76656
18236
9310
67672
7472
33898
13658
15438
14630
802
8694
12002
1032
15010
9200
5078
5040
4634
8052
1938
9696
17224
17976
90800
66110
14874
34000
42808
582
5288
75520
14396
16808
17108
8440
964
9646
14972
1012
93558
6388
14072
10418
712
17638
17162
270
11560
15270
12828
28224
9754
4960
492
9460
33930
1220
2538
6544
65194
14290
9522
72390
9080
18164
10576
80044
60
18590
57194
12784
47776
6062
19554
3954
8510
13792
2742
6070
3930
18136
86624
4070
19178
504
324
27346
8038
96386
426
3346
986
7634
8916
18246
12
98742
28
15562
28602
80520
19494
6208
1800
17866
86044
1420
8262
97264
6798
15438
4876
16112
16730
10134
37180
10526
5250
45808
2968
1194
19452
12580
87358
4476
5670
13764
19570
45166
9266
10734
19216
17796
11708
6860
89710
53696
10088
12788
9794
6580
6530
84050
14110
17270
15468
1898
76620
71434
1298
878
6464
9926
9790
15446
8264
30662
740
8026
2812
3286
8550
97476
19050
5028
1920
17916
77836
12174
86478
62400
19626
5710
4880
15140
19252
27608
49788
50910
17214
13418
2748
3900
1708
13484
422
1120
21714
85382
13304
3160
8356
15200
664
15230
16578
6260
9834
9262
4448
11384
14670
14266
18464
18812
17802
10458
442
16614
18522
14464
19234
15838
3386
8276
820
57414
14950
13258
3710
1548
12588
5972
3004
13582
9078
16816
68016
2718
19328
59094
1894
6270
11148
18812
15590
4250
14200
19088
2780
15626
18500
6500
14540
17112
11194
14500
17726
7876
12522
4376
2438
6096
3402
3026
16878
62956
9554
9130
3066
35372
32416
5994
5516
8498
15340
10488
57010
47432
5040
11746
9614
9048
7052
6012
15286
3598
63296
972
96504
19562
1724
2706
15116
7008
8012
1432
16810
10398
48614
6958
15640
97648
11300
198
59536
14560
10456
16012
1262
15872
62744
284
6192
19400
3162
19242
41544
4876
7466
12690
3644
19450
13322
37270
17384
10364
18460
10078
11408
310
6828
10250
654
7458
184
33564
5322
50906
11620
4950
5466
68596
1430
8
17766
1614
12210
7422
3076
1918
3200
11476
18064
13186
5116
83374
8588
536
52964
10882
9720
8650
17888
13074
94588
974
12944
2700
10678
15220
2390
11404
13680
11012
14202
10886
9068
12702
11298
16812
28280
13226
4454
6852
61766
17576
66218
3772
15226
16784
33116
13776
17370
808
13552
18860
6342
2108
8922
12916
17394
13398
5158
14542
3006
77540
74146
3068
18468
35268
1290
10206
17452
7616
63622
586
8162
688
14966
18218
17162
4612
16788
69426
1738
9598
71028
11584
7610
16658
31772
70856
26960
14346
14472
16398
16128
19318
54960
8336
22
5402
5904
2826
89198
4826
212
15666
5216
19706
15420
5836
60288
15106
13190
1416
17262
16748
5302
18686
14416
9714
19846
4052
15488
14288
18660
5756
94212
15912
11404
11012
54510
11828
16566
8800
1856
19476
49990
17746
7766
11894
52590
16758
12470
12076
6838
85952
13932
19788
9326
2698
13964
10752
12388
15540
14812
4102
1494
11488
3540
52312
18468
15416
19028
1394
58938
2100
11730
316
14060
258
98038
7814
7620
88970
10564
10482
15518
6324
1014
53658
19814
52514
8670
15556
17094
7500
44910
31458
3674
12698
14136
12728
2648
14452
55826
72336
11236
59112
20020
2004
302
28212
4982
128
6064
3862
19768
12560
93146
152
19876
1774
5348
13394
13554
9196
10114
8688
15686
9618
66028
38528
5456
7460
10706
850
13546
52556
7084
13766
86802
6624
15392
11230
15742
2792
13882
9382
18472
16946
55284
2596
18760
13804
32826
10550
5592
13090
2096
53848
11992
966
58720
14916
9238
3076
6212
15002
2968
5582
13788
7492
17092
11112
1174
938
2830
12126
58946
65548
10646
11834
448
5088
12716
19182
10618
9184
20476
394
19068
19870
16986
3778
10046
95908
13960
378
19934
15686
37920
11104
17752
49988
19330
9890
30300
43376
49462
13682
7180
8454
15904
11112
58060
17476
5580
8896
3956
16460
94226
15900
60010
88966
16288
18332
11558
17020
69332
1440
18164
1486
35978
3570
19084
96178
48710
16402
7102
16524
7344
8128
4914
16470
19254
3464
53814
83838
15044
17422
91528
12026
15022
3158
5832
2436
77614
608
792
36
52164
4378
82234
3210
5660
7268
10022
18044
16534
51384
1224
1366
99650
12090
17836
16516
13230
15256
41954
81550
18206
6868
16210
4100
4294
8038
14208
13838
86238
8956
17874
9430
2850
6478
37030
5758
18140
5252
57260
16710
12602
4176
16030
8702
52208
57962
1710
63344
9376
19114
66268
6906
9342
6420
79220
68894
5886
70330
94486
5306
15456
12008
31384
17828
5824
86488
1804
7132
2880
18958
5576
7088
16542
9178
57956
5260
13778
86
79084
74914
14646
72870
4160
14872
16028
12144
5110
8086
17928
16394
2906
14084
90
4174
2464
41592
4594
14746
16806
56804
16194
10664
11888
2064
7606
11016
4614
288
67770
2060
10036
8692
12246
21106
13862
68618
5600
5004
85680
7476
13802
18664
9482
796
79778
18170
6476
65168
3270
19836
2944
19630
14184
25078
16980
75402
11264
18210
18972
66428
80912
3498
5184
17054
17558
7712
11708
11298
19140
8268
14358
16588
20854
128
5654
4204
56390
1344
3994
14258
74454
3946
28536
16700
12132
19902
6302
49394
87858
4862
3408
16092
19090
56220
14130
10870
892
10486
18808
33420
6646
8964
3226
29148
14590
20928
45036
90
3436
49580
11310
16034
15674
5128
76202
9468
2586
43326
11212
8368
14902
15502
1016
19554
6374
10510
14058
17530
18418
16258
570
18142
26028
42164
7828
9068
11548
82422
1414
4588
42686
16348
60698
62536
15800
1834
5638
358
17478
7074
17104
15886
8706
3674
72908
62312
2648
8482
7418
6420
8618
18556
53466
84034
10756
3370
19708
9822
17762
15806
80132
766
14290
19226
8742
3904
10492
57964
1930
650
428
84792
36544
16656
93342
7064
1716
18938
7162
10552
19694
61536
4660
13114
5170
5500
2468
79308
4030
63094
13302
14574
12534
1404
3816
89004
51428
13398
5236
87526
6800
2420
14460
17952
47214
6360
12060
8240
18128
17968
15896
88302
17896
17568
6288
32746
51978
594
4250
31362
16124
5062
20834
6850
3268
69478
4654
19320
7634
28408
97782
4218
9648
3662
2082
14058
93012
12100
2036
17814
19814
73422
18652
5226
7862
21216
13318
75162
1518
4542
14522
6854
18518
14238
18864
2232
9232
5206
6848
2340
11300
12384
11104
17474
324
55952
7226
19424
18864
14628
16710
43150
17932
48364
15312
15528
2066
97110
8866
7314
4578
5672
18688
90474
844
11820
2450
9288
19438
4342
13344
13754
13438
51280
19542
12200
11724
5996
28088
94934
2296
72494
3456
15174
14450
40898
9222
14104
13718
17226
9536
10996
254
11736
12544
1538
3350
4402
13300
12876
1210
11852
85684
19932
6620
74314
37334
42704
4022
11020
12340
8358
8118
16310
8018
1218
19888
14576
15302
2020
16546
90100
2636
2166
12602
18680
54992
1794
11162
5394
14760
37264
14510
87198
43370
3882
2076
11232
72402
93022
77840
3684
7262
17442
7574
30934
61260
98370
85606
15644
426
5096
17296
5606
12926
10676
50906
2262
34998
42506
2408
4410
814
18792
39498
44768
19560
15956
74866
4866
7268
1706
21594
6676
10576
4634
1336
4520
3074
9938
13274
13138
19398
16506
8212
14232
5556
5730
19196
19050
8790
26140
18284
5566
14176
4338
5410
84364
10858
17230
16048
7394
1714
6108
8736
1182
90294
9584
308
10870
49698
8638
17424
43182
99782
10364
59882
7794
18302
8928
4444
12488
29438
12052
1052
92362
15110
6302
54318
10916
492
4842
1944
13550
6610
16728
404
12406
8146
17964
12574
19978
1370
5608
21150
14230
18318
74860
3360
58
84098
5236
676
7616
6010
27684
1236
388
34336
1604
5682
42058
120
17820
89446
3442
9512
16506
5260
9352
30290
71634
9218
97936
12012
7276
1618
19042
9914
5732
26720
6528
88178
2052
17370
63170
19988
5948
4932
71362
10224
19628
8746
776
23008
9564
3208
28858
1984
846
15044
8336
360
3580
48230
24102
436
5732
11466
2450
18020
4030
8202
91066
3680
9152
7896
18848
7326
18962
11326
10970
39594
15826
9902
3258
3352
18194
3770
46054
38686
9566
18848
6524
18806
7504
11812
54910
926
10480
12642
4590
5968
322
71212
4554
13814
1406
9806
15464
1244
16150
19130
93772
5152
16328
48600
18106
17060
40358
18222
10054
13054
11670
10542
23844
34816
7236
10980
28488
45500
11666
28740
16590
15848
29954
7692
2084
6074
73818
19256
52266
11906
14006
9882
16848
12868
3844
8632
33476
16
602
11036
66468
17880
72990
10810
17380
3638
17622
45516
3798
15676
10460
15244
27954
15124
3634
19196
4380
79764
2000
12628
21190
4978
15474
18268
11512
11030
2012
11114
97578
3524
8724
10276
19916
12332
33658
12820
7254
12492
488
52516
10090
5586
25660
5204
108
69642
16784
17954
7544
9484
6488
13490
17754
8692
4926
19506
15826
12520
4722
16372
19140
13522
6440
230
6936
706
3714
4470
10202
16608
19170
3330
3770
19344
434
31236
8552
4974
6470
4656
16054
5872
19550
3388
6116
19596
62370
60138
6394
12348
17700
95084
18032
906
13416
12992
6520
886
19930
16652
10482
13604
78890
2630
5964
7570
8964
55408
686
15554
5638
374
6326
11682
3206
3632
3844
2914
17302
10436
73926
19572
5678
37636
17460
12040
6314
4674
19700
11844
364
56940
6760
7092
60600
8736
14766
19488
85796
42810
15544
13288
4752
16420
10
28886
4814
18526
19920
13752
9970
852
720
24898
11052
33386
18344
6796
9456
18356
2428
14330
60436
58620
4240
5778
17568
3248
19252
9642
12912
5554
5122
18404
9734
608
5114
14004
97038
11914
11522
8592
7282
2834
19992
1842
11810
1644
48
78252
28088
8010
15976
3760
18994
19020
6894
88260
16826
96316
10580
8362
7976
69328
71000
2194
18830
19088
18
50708
3102
11636
2098
6712
17222
14806
2888
15950
11992
598
11900
71840
13998
9658
16262
95048
1888
6226
17468
14566
15098
95828
31850
6134
15984
10662
9620
19322
8470
82148
14944
6512
96132
19526
3026
8104
4218
11638
9132
960
9516
908
3566
7892
74852
11438
19450
53348
13028
8558
18958
2954
15972
93198
6952
5176
758
17686
8728
18534
10874
10522
3440
6394
4640
910
15146
13044
15768
4108
1646
2488
17774
1962
5060
19492
18642
9112
27280
3944
17084
5708
5950
95512
12492
1840
13608
1268
5402
43446
16080
9780
6284
12286
3850
1938
17100
15582
7960
92386
4058
66950
19200
60398
8018
84486
8436
9816
14064
48560
9746
36118
2878
924
95968
6584
53880
39078
14540
1858
11786
5436
12610
5600
2576
13742
604
1164
18698
79954
7732
88246
17278
18444
7716
6496
16612
2616
14494
11078
93208
3472
3138
19530
5554
3212
23254
6886
95784
14818
55262
6804
12156
6746
16538
5844
19972
3764
15188
17880
35160
17518
18304
14302
21196
17878
19756
35418
3648
15840
7786
9710
34066
2956
9288
6612
11146
13918
27184
15052
10286
14038
84440
2712
19170
17556
27798
16202
13292
8312
4774
82890
12146
19652
13154
13654
12980
27640
19784
620
14734
12238
7160
7358
892
78192
1280
17022
62950
18202
56722
2634
13752
16174
2436
52454
4882
2582
3936
9480
95672
3404
3572
16352
17822
6560
85638
688
666
15154
10828
14966
42604
19808
10136
12682
5316
44920
93570
17846
9504
17218
38700
234
86784
12474
42092
6918
7768
13430
8190
64424
4678
11254
61618
5788
12810
14618
26762
1318
6768
15712
18980
19588
1418
9998
15330
42546
43322
5794
13090
50398
13182
17974
27912
17118
2498
76010
5392
2064
3482
11640
10090
16092
7746
10204
9344
7446
13394
16578
4208
1512
7104
15306
18414
7052
8758
3474
2574
15410
19806
4012
8710
156
17574
5372
3618
9770
83680
13516
3574
9372
8704
428
2592
13608
33228
60092
68600
10310
67494
10352
16796
4114
10346
11482
39268
3248
15946
2864
340
18482
6394
13060
14766
9652
11564
12148
19410
6124
9854
12276
64008
1572
996
15124
97996
79896
5174
12408
16616
16776
810
13726
18654
7174
3772
4966
22252
6422
3612
8002
7928
17642
16870
13368
17386
6582
56152
4092
51420
31304
2682
8326
13130
10376
1810
7784
9932
8340
12476
8530
2166
458
464
1466
47362
1230
13428
2936
32306
18198
1082
10012
14024
13130
18904
4964
10112
2150
53650
15900
11096
7186
2026
8820
7968
19732
14532
25006
13544
18536
40792
6212
812
486
23082
15844
9344
4052
14600
17604
1802
7676
51552
50800
16742
7040
3272
31756
19188
9284
15160
2142
3736
19526
3840
94354
17804
10910
2512
16362
12978
69496
208
17328
4236
3440
7950
40720
10718
16198
2320
11282
16466
2054
18074
50632
16398
66598
10396
12412
17686
88
9854
36094
75496
12474
3070
11724
680
61506
9960
19718
13484
19196
18682
78464
13998
18690
26666
93090
3902
386
7986
13894
1364
18532
83064
18074
3110
2300
29522
15882
15764
17650
15474
660
8208
69416
9490
39936
6448
39798
4206
8182
8890
12240
7636
93404
8254
15298
4284
19522
10270
82950
12118
62212
9424
69814
12628
14668
14240
15888
8926
13266
18414
17264
19424
3512
16032
1360
16692
13836
15440
13272
7596
27724
19894
5074
31862
11028
16364
7978
50588
10890
12298
50106
61712
13984
30118
12580
10276
7100
5600
5034
6450
11118
7518
70668
63448
1088
9914
4638
39068
15294
2500
16570
2984
13146
1238
16864
81024
89278
4508
2646
17488
16280
74962
11878
17002
14002
17054
892
48162
2242
274
6626
12906
7854
14606
10878
11668
8848
3310
4254
19714
6816
8236
54210
3102
18874
12972
80452
72364
4878
3494
2986
8614
752
9538
2930
1198
19978
14702
15746
2876
7204
10538
16630
74080
33522
16664
2800
3656
19708
5604
2814
17688
17638
51362
1814
11322
79036
2274
11232
4550
5042
78148
3252
14974
23614
5640
18056
11216
14838
19354
17938
18032
3774
16732
18044
9906
4532
12996
686
12658
11192
6824
99580
16736
11036
95426
16366
16350
20410
14114
13532
19768
5780
41188
11326
12816
6244
6414
8706
8700
1998
3056
9682
14132
5128
25792
6138
16368
19174
14676
2862
5324
31530
16700
5232
7274
91132
9010
11250
15020
99706
4452
76338
4008
61598
75964
14922
6216
2390
4516
15328
18254
83532
10806
99458
50806
13750
15614
1164
4454
3116
10844
12118
7166
17086
63152
15024
4856
11574
12130
4832
14876
77052
7740
59810
4314
92194
5590
45746
16206
4112
9864
9454
812
11642
9464
6060
85534
99218
85570
5030
9044
6468
14684
690
17444
8630
16022
39102
4928
12044
10070
9444
16258
12684
19508
14208
18938
3484
23230
14374
13824
11002
3590
6978
16544
8646
9062
70686
19024
13082
70254
10942
13586
918
4638
10242
7790
19060
4612
7396
17096
83014
60536
59120
18242
9772
10496
19046
7302
1316
11514
9694
16784
8894
11174
5672
19540
17846
18420
12320
2450
10338
17104
10160
17176
19830
12162
18166
978
16528
13952
95608
432
40334
16312
4720
18780
19740
7780
16376
19728
16514
10516
16520
12144
10362
9774
7670
4576
10342
37778
6768
13266
4562
50196
16198
19654
15718
5998
86388
17016
86682
64788
988
10552
19524
18858
6448
5344
30824
3506
1336
16408
52936
11728
96080
90030
6394
1694
6464
12628
37932
48
52906
72224
9124
3952
7484
16486
12622
14766
13472
10108
1114
2182
9908
5720
10384
9060
830
3630
76558
16700
24310
3712
1678
4722
86832
86316
25768
12864
5292
5476
24088
17756
11010
2786
16918
4452
4190
3908
18480
14416
13296
52936
14778
6922
3822
16894
8896
65854
8548
282
6922
3674
18154
6946
10362
9298
14502
19364
40314
19006
2728
2600
8458
12876
7102
14100
2638
4444
14420
15060
4896
17028
16590
31304
5970
75850
14408
9710
9610
9814
11340
34734
17546
6530
8690
10092
7778
1058
40608
10682
9132
15878
32242
42716
5106
63508
5218
15612
500
4908
14294
8016
15304
6346
17090
17630
4796
10306
20936
3126
23364
5516
19818
11084
18666
62232
2530
15604
92246
21474
3684
61966
47792
8058
10216
36100
708
2706
6094
27176
16816
56156
644
4360
434
1484
11092
1850
40
55706
4840
31880
6264
8924
31806
3852
15846
8898
19852
2708
14168
44834
6490
34938
12476
11444
9960
29882
15022
17906
11208
7730
14190
7298
13994
5658
14772
7122
27044
12056
15154
56588
4126
18208
8158
18534
10988
10450
2720
770
84666
15892
32882
80002
18428
16122
17692
16660
70868
1556
46808
5606
68896
87254
50224
5130
12320
18020
39274
19278
176
11192
11420
6990
97664
50674
64352
2602
66804
17838
10982
15862
94312
4096
3318
18276
18284
14552
16940
10924
1614
17928
33140
7250
1030
716
952
16160
13126
42098
58
16460
15408
9396
76318
19890
18968
5122
18926
14504
16536
28128
13214
16182
30628
53098
7066
5218
15912
27124
18924
16056
1114
1528
9108
3222
2196
14070
11310
37998
1874
8038
45888
9616
5494
13984
6894
82776
17446
3142
18012
10160
18594
16910
13062
9648
62250
17464
14422
92282
51728
2744
35584
81554
38628
12388
16884
28654
22574
13762
4154
38996
3866
34652
12414
61494
1070
10308
1856
14686
3372
734
14510
71288
18700
16764
8994
4632
7376
5540
25404
8716
16646
58532
19614
13314
9704
8164
6862
46526
13616
31138
80998
10176
10894
14222
36864
15346
4968
13262
13786
9138
13692
10112
17942
16500
15484
96830
39584
85350
612
12592
6618
80546
10420
1982
13690
3676
9104
33714
73504
7398
4776
17736
4980
13706
9724
10396
33710
18414
2674
75718
8192
11088
762
99550
63312
12044
3426
14054
8550
18326
50268
17930
14342
13850
40186
10672
56350
4910
5108
13728
84670
16308
10742
18388
12714
18900
7960
98348
11690
16606
52076
7820
16888
3262
458
11970
14870
3556
11372
16464
18558
61898
8184
12620
7824
452
13658
14178
9290
22456
10656
8204
4520
28768
15856
57816
10858
12890
9206
7038
16708
93996
19632
14460
20090
13418
11852
4370
13452
4476
83588
710
124
850
93846
30392
14764
454
18434
9724
99842
758
31440
54758
19324
10256
3386
6358
7600
19182
20248
58298
16954
13358
51088
15418
13292
19160
16526
16152
4488
13996
91350
65572
43702
8184
19524
19402
11040
9960
15086
19780
35602
8740
10908
5604
69546
10166
9630
10258
25554
6918
67854
8866
1798
11022
2164
3690
30304
17504
41978
566
10074
6566
19394
12320
70120
19294
16680
17364
15476
6248
16224
3564
6072
10788
84950
11490
18524
16200
10150
5022
15906
3126
976
51346
19130
88550
8832
82414
4604
67514
13782
17714
5450
9748
17052
14808
4348
9500
24954
16350
26068
14596
9532
13338
15794
568
82816
11886
16282
6266
38728
11728
1274
19468
8742
12762
14032
16022
11306
6122
6946
21116
19412
9754
19164
18984
7168
3398
37022
18958
12988
14796
16662
8776
3694
4536
19782
470
97286
6012
10066
9766
7014
6460
17644
9348
96936
9016
16592
9724
14272
75074
16154
25106
15494
18996
3860
1516
11816
1670
7302
16476
5066
16660
10488
4370
10178
74590
6278
29610
15242
3960
4180
8120
35716
7586
2302
17840
24962
3436
19920
59196
88408
15524
11620
6666
14542
15030
46414
8738
9272
5738
19792
5754
8900
57294
12856
18264
17242
7126
17666
6334
4110
29646
2294
11248
83112
7892
15690
588
13278
17644
4864
9212
36384
98116
4544
13600
96880
7780
8374
9024
13750
93184
13826
30810
18178
20802
2562
67630
13724
10278
4450
17540
3538
9428
52832
18208
17650
98594
16366
15216
716
7786
5818
4766
208
11480
45678
17236
4000
3570
4100
41354
2964
19658
11630
10034
14906
7378
7110
15714
35356
95788
17132
6664
17346
9104
13324
14216
3886
3942
3290
5644
6870
7454
16128
17488
1344
988
76086
11826
73016
17450
14102
2016
1158
19870
98426
6724
6080
9080
11814
4184
12988
11744
11686
14504
6680
19008
8828
17584
11024
47686
14046
19626
1304
6148
16212
12802
19518
14966
9690
4800
89400
9906
68622
87082
38288
15050
19076
12278
6300
15616
3354
17558
14332
15212
17970
12102
90006
68152
7546
9184
9070
6794
88798
5544
13456
30104
30482
12074
15150
9214
8072
3416
10030
5382
17644
6958
3768
13512
9080
13348
49622
12518
16150
12330
54186
12948
11102
128
19474
3156
1632
12052
69872
15852
2600
18524
15614
2140
39734
77074
15166
15530
4460
15438
3150
786
5230
15806
11584
7138
19194
17798
6242
8046
5856
9780
17686
1574
3328
4972
2538
9322
79768
13384
90460
17866
4344
2672
8534
59512
15420
3694
428
3156
80898
10122
17130
12430
15432
8044
12934
9326
16836
57298
17352
9636
11618
13902
12070
176
96938
6208
19014
10484
19148
7456
816
7394
5976
17198
7822
2808
10762
16374
12812
11678
5174
92036
5958
16026
25060
15374
86458
5724
2602
3594
90128
43416
80380
9956
16430
7674
12024
17148
17982
17492
19120
43322
17942
5922
10404
472
32382
7758
83444
51088
19462
17682
11340
5790
11438
84792
19214
60630
18018
8542
28120
4296
14646
1280
11352
7270
17138
15488
16304
56420
6690
4788
45694
16370
41292
39524
8006
1284
18384
13740
8864
6606
38128
6922
3850
19846
18426
8882
8046
12018
98628
13686
2574
10422
9552
51774
16860
2210
7464
2628
10904
19246
3682
8308
48876
4498
8896
11052
4042
11838
70368
18434
6396
80296
10276
3964
93954
3052
19880
18902
1378
15690
10020
16184
4970
14992
18142
8582
17578
66396
15346
15540
80806
6440
17272
14838
46878
4862
14152
6560
1782
10308
12900
11680
28390
15360
90992
4778
7168
11110
3724
3268
2866
17108
88448
14502
8388
4656
9604
4668
1866
35822
4752
51256
11084
390
81510
49476
57324
55878
8444
11114
14678
91302
1830
8354
17320
11716
5890
40110
53260
7530
18728
17006
6524
4598
65804
5488
5994
7072
1596
13610
12290
9392
12666
16858
17082
2900
49288
18158
83736
2012
5964
41966
6452
1734
50022
5366
12088
49676
7388
15152
7722
1418
92856
11102
4210
13636
6688
12342
23528
11298
19420
12544
468
3320
63340
17274
10504
4434
76922
43270
18888
4324
33628
18806
13696
8894
6336
56398
3572
3244
12322
13162
69594
7008
29368
88046
17000
14834
12444
15406
2438
19048
96748
6504
5298
14844
5908
15776
12648
14086
39736
18440
2746
29078
4940
3008
366
14032
10726
25322
5926
50108
14926
14756
6694
11358
44892
15482
16942
13250
17720
49900
11970
10160
17610
40306
44870
3368
4816
18910
3570
13806
16438
74830
3696
7804
19790
16402
5732
16264
15254
6540
4992
2660
13012
97268
9468
636
936
49536
21820
3122
93826
8424
9498
6844
5560
7464
96122
18870
5038
9988
6586
19880
2368
17278
19912
25530
17420
1288
61754
12616
7188
7750
50576
10042
38184
2206
6166
6704
10152
17784
10966
3100
5352
49438
12590
18822
17994
9628
11792
19436
226
6384
11502
8032
11194
8052
19382
13728
8056
6664
19132
12426
7878
13880
2964
14904
8868
15526
11468
18298
6196
4310
3518
14786
1434
14462
15868
17824
15752
3658
9408
15914
7402
61360
15082
82268
10038
37372
1448
2906
16488
18322
2202
15628
16118
79514
7100
70184
15314
1398
12442
98104
11502
9362
4954
4880
39626
10896
13314
73206
258
10048
9434
61540
2412
83776
10422
12056
18754
17286
11430
19410
75194
4526
11628
77578
110
10534
9652
13486
9822
96436
10016
83476
18244
15526
14078
6656
8862
32876
15906
11984
13000
4726
97352
964
8180
11028
2900
88844
13258
15344
93386
26970
6722
14270
12522
14980
1990
776
3666
19796
1630
2980
9120
2544
76712
9734
60408
878
7470
4258
5282
9944
11536
19220
646
17638
4670
27658
15248
5660
9346
18984
64114
8296
39002
17444
14658
98786
120
32066
20538
9180
98626
9798
1430
12214
16942
86486
12220
2256
27508
6114
41460
16612
29534
14082
11140
13214
14508
34124
17624
10776
18488
4310
13472
3824
1466
6166
69642
18094
14626
2028
18614
16312
10132
1766
4352
16196
1106
7538
38872
13046
18428
6164
5428
1510
17786
70702
20766
8044
17374
10620
9306
16920
10696
4116
12910
53668
4004
14284
10030
2586
17856
61864
17074
14594
13650
91130
41822
10496
19184
70542
8820
15480
2862
12926
9382
6954
62954
11486
1234
15522
11910
17048
17732
2798
10140
13128
7646
19480
10740
4988
21680
16940
64512
18328
54434
9378
422
11754
37964
40208
5428
15754
6210
13508
86468
10266
10844
2752
9042
1048
8936
1720
152
19576
3134
2308
39768
3536
3534
39186
44496
26148
12164
9200
19458
168
7586
14924
15680
1242
38508
472
63078
5278
18446
11428
67602
83490
14434
6906
19404
9490
4184
3226
35862
22662
13326
11852
10500
18656
1260
9902
12036
17780
2752
9090
10434
7542
32698
40266
10074
46520
854
6112
17272
178
3362
1482
8214
13198
10590
17986
80234
12256
18814
1080
13152
19582
75550
14092
1366
4652
91164
4350
20882
9702
1546
15366
14688
1376
18366
1590
6304
2998
53226
7332
60406
65366
16878
76590
41638
7408
53326
14530
9226
10860
19084
16956
17272
4302
64158
63788
15848
4304
258
11050
44926
97772
19802
87710
74794
15732
1008
16224
17972
19180
5694
6104
3420
2596
96546
94364
3106
2034
11474
6304
3446
9810
9668
91036
14082
19760
3396
7428
19988
13672
16040
144
18908
14754
6338
49674
6606
9292
57974
14078
89788
12546
3066
19368
15732
21876
47360
2116
9940
70662
1658
1102
1246
9104
10356
5574
12012
10888
946
8136
5584
98682
17690
8942
10814
12182
13476
19714
9554
4328
8564
13130
2522
16124
56350
16108
17838
7886
21960
1632
14248
6380
3748
96144
16964
8342
12418
51062
12444
6232
14000
2556
12870
19462
1240
14182
65530
38544
7516
20568
8830
9918
30698
19098
19060
13824
31438
92332
2646
18684
17992
4144
888
410
5714
7134
14078
46242
12510
15444
13198
11564
5896
10718
5036
10410
9928
10522
12480
3662
4728
18058
11690
59888
2360
11716
9754
9194
12486
12428
5942
14452
8998
16718
64338
1338
16512
8528
19028
1936
2144
53572
2678
59554
5234
140
16446
11512
228
15232
18654
1550
12206
44928
12286
5342
1940
12920
9660
9664
8178
3566
19424
16752
6026
914
87140
5138
99556
85566
63480
18446
26460
76964
10462
16916
11812
24196
14008
14012
78906
8296
26948
20994
12158
11402
77198
16332
5980
16124
4486
17744
3586
12054
7576
5558
76772
18218
15726
16216
15992
12240
8862
9538
7926
42836
12128
66012
13954
1574
73456
16060
19572
10598
17366
1516
2614
72534
12790
71590
85480
4082
6534
77476
67864
11190
15032
12548
18374
1108
630
6808
3110
4518
10872
37646
60974
15376
4558
37096
1566
2770
1982
6894
75988
14392
18940
14910
15262
19458
1438
25056
18348
15810
69464
5726
3322
15706
15170
972
12926
56296
8108
27220
6458
15192
91246
15416
11644
15466
14198
95432
6412
824
3156
14476
97876
13572
15026
2460
1260
3984
14554
11516
5562
87390
3934
2072
7166
17546
17792
15216
19926
3580
12674
14534
16960
14224
15256
11134
18884
14746
8144
12656
29544
16762
16100
1824
40578
15904
8466
4070
9670
15426
18464
17260
16892
15942
74114
18242
12790
14582
13468
11484
7338
15886
15368
10812
36756
17558
19908
56530
73230
4596
3440
3860
6940
9396
5286
11092
18470
45388
16444
98474
2714
3300
10692
16734
8638
47606
1746
73664
9722
16018
7720
17978
7020
19762
19390
12796
15782
19856
5800
6436
36392
6936
15294
36604
12030
13614
15296
16756
14520
11206
2456
298
4610
2526
7496
6880
14912
4256
35632
3480
6426
15950
87236
7554
15450
7060
4002
37064
8522
19618
18486
16770
49626
1630
37248
16058
27830
32078
7358
7048
2650
14716
81328
8356
15910
76114
13520
44044
9952
5768
14274
14708
8164
1214
76212
3362
6674
17424
18490
7344
6276
14036
8586
66686
17808
8020
11848
3234
3080
16996
32676
5332
14194
4856
10200
11402
19246
4866
11228
65076
4612
64242
16698
16410
16722
2098
57842
6970
8196
8194
1544
15250
7448
5050
10990
74282
18114
12600
8328
7756
11158
9576
11432
20282
15124
16700
47768
95260
17328
15248
11066
16310
14126
8228
17506
144
2642
5412
1580
2712
18610
7988
71444
4380
3118
19706
6422
17318
3408
11636
11398
858
36988
16386
7094
4352
8172
17398
11044
15904
13770
12692
1782
7550
66408
17138
13016
1794
9176
16910
4716
3106
1794
11766
6960
10370
3664
13728
18462
17056
27080
11406
32872
14686
24234
4986
9044
3746
19486
75664
15314
74738
8716
10382
16112
2776
4502
79508
4948
7710
11346
822
73036
4176
4254
20102
12276
7368
12978
2744
4484
15140
98476
2948
17122
5380
16802
11010
15218
9736
4026
9492
8072
6124
17290
87560
11438
2550
17780
5602
286
11864
12086
5730
9276
7488
7002
2454
8308
2212
29270
4848
7794
70070
2788
19362
3458
1380
14238
16114
69026
15116
7120
1506
16312
49544
40090
36740
77134
5576
14808
96972
17060
16822
5042
12306
13492
4104
8132
19334
7200
5400
7670
15730
7570
9666
7776
8516
2844
11246
64814
10470
17928
12378
12382
1746
12762
18168
844
12740
74944
12846
7410
18108
1484
2356
94854
90238
55862
12114
13710
10358
5922
92172
11114
12182
18082
19384
13234
11314
9148
14960
1792
6678
13168
34100
1330
44086
13272
9960
2960
16330
15138
19834
18000
12616
8702
46488
34700
2166
91570
59096
12216
13872
18400
19188
8302
9200
1218
17204
10168
19352
4328
5384
16254
6720
18972
30920
18722
5944
6620
19170
2040
16780
11364
41246
15284
11686
1646
47544
31946
29884
19518
10082
81980
10356
254
6564
19508
11650
52966
2512
11686
8238
11422
13592
5736
79692
9008
428
17020
8430
11298
2446
16326
4736
15458
16376
27230
37520
11766
57794
15386
2878
8806
6918
53460
14816
16212
1650
12896
4572
73994
56996
12554
11862
7090
8164
7624
39282
5064
11182
14148
6492
13340
5046
8960
40100
10314
56698
8044
18616
17434
16602
85762
19298
19330
84352
12556
15836
15256
18044
6244
19298
3670
73548
95636
49762
11776
6160
2694
5626
98836
12152
13832
5050
2908
8704
3830
41358
9398
22688
18052
99320
6296
31460
6068
10112
19724
41634
18772
86100
2912
9358
11732
16654
71916
18768
3180
3592
2196
6138
1008
442
6056
17640
476
9980
16100
15966
8800
2342
4110
3562
2556
6710
76054
11166
16354
30532
73140
3600
79582
12464
94868
6904
3682
18200
19520
17826
19948
45084
5048
13424
3140
8852
28
79636
9014
8672
7462
51234
458
36076
47462
10398
19014
1848
33742
10884
8504
14292
54086
3688
19768
5126
67038
10516
14870
8348
12178
248
18320
19366
3700
12464
16968
17058
19254
9202
510
3252
1432
87138
13972
78144
5828
10298
7108
14678
16764
17106
93420
4500
16974
12902
4914
34700
10682
85964
10188
11390
17676
486
15650
14268
19370
91634
17194
17280
8774
17422
3120
16568
6386
12882
6674
70830
12418
11018
16262
18160
37368
2784
752
13252
51724
38086
17798
14288
4210
47158
84540
19066
1900
53508
97306
4996
18786
12716
60766
374
16554
18498
84442
11428
35684
19406
15890
39918
94084
5448
2904
9792
5962
14310
24112
9450
52378
62156
564
76240
75732
61526
15822
7926
15122
23474
3610
7574
78144
5466
61762
73948
10680
6952
2224
12438
9230
12856
5106
3206
5612
16042
6664
33858
95602
25298
1048
34636
15434
3776
1888
8304
1392
17616
3660
5512
12824
15098
11908
8186
5856
16190
1310
5758
10
17720
31800
2922
950
88028
4226
3784
19976
5774
4644
17130
7232
5744
17570
65492
33418
5886
4320
30624
10900
2878
4364
29934
16392
60090
2094
66168
6174
69454
19404
17870
10276
8306
6414
16046
13506
12084
18914
3970
44466
21888
10622
16098
17406
1622
5864
15118
9396
6404
13362
18438
19692
15238
348
1410
4482
7466
17530
1490
15054
7610
16826
24248
10874
13494
596
12202
58606
7994
11124
13894
10428
9016
10990
8892
8346
5218
2202
16794
15788
17374
18844
18322
2170
17014
14030
17956
76396
59382
88156
796
38354
7932
1144
7140
3606
98296
6404
23768
12
4246
65600
2788
83184
97654
94652
10420
7734
2554
7868
13474
1058
18008
14404
6574
18558
10650
83308
15278
60432
13200
40602
43606
22860
9478
79310
4070
7364
4120
68250
2604
16894
9686
16210
81064
4960
19010
17020
60570
5772
15648
32818
3692
8402
1878
18316
7502
14758
12448
7660
13094
4058
90
13238
51772
13904
77084
14006
14454
1186
14986
10906
17398
4970
82088
20022
4780
13204
52510
11520
95074
18032
2406
40852
26564
5968
8128
5410
292
57446
18678
19740
10752
13020
12960
11580
5472
17362
300
10302
64472
8696
7732
15844
7282
10890
24570
840
34026
26252
96594
10680
15640
19800
17738
17570
8602
40312
54956
2568
8690
8774
10624
8458
9556
7612
13004
45932
11978
9162
7882
7296
83848
14720
580
18052
12500
19254
90756
7682
5274
17960
19824
5320
11234
16052
4330
16374
9146
2986
9838
11876
14546
5044
1818
19608
13544
19892
17634
1224
15012
17160
17360
5390
15068
6750
4690
66922
13804
10140
13324
1888
16080
19904
18796
3006
4928
32070
3606
1050
50628
87126
1334
4660
6346
4520
8922
8810
17594
5842
79004
78360
14982
9816
4586
8466
2152
5912
7592
14610
18972
37652
86866
258
8348
19584
6520
16318
15618
12288
14182
83460
2408
17320
85046
54728
35524
9648
16344
19414
8492
8252
3044
3832
2620
4
14360
8048
21956
1648
11756
332
4850
2696
6584
6880
10274
83474
16062
69758
9834
19786
12378
9340
1982
16212
16824
60188
5336
5208
19290
2952
9424
60156
2932
10652
10564
4172
14116
18184
95788
17042
6628
4580
53226
8924
1336
15770
78798
10856
46518
7840
19026
14786
554
5918
4342
21166
12924
16636
5300
67658
9230
8710
18698
5548
9770
10930
3242
19364
7270
3548
14384
9770
11524
30834
11698
8180
17490
13866
6494
3898
12234
19794
95606
1904
16234
17282
19678
9044
8092
12294
16640
31950
8252
53226
44818
6462
2022
10632
2868
3840
17292
15942
16212
18668
18738
78680
5794
6358
4094
20240
6530
5724
7800
70112
4898
1848
6874
7584
76918
28684
9392
67334
14476
18654
19474
13448
6784
5442
16016
12470
758
7354
12972
9296
2372
3444
4828
16164
10502
7038
7808
5976
14146
5020
91804
14862
8346
12704
12362
9782
8028
10068
91622
81958
16612
15784
6422
5110
12306
16064
24496
4444
3114
60400
718
19686
17524
13948
312
8750
1882
25384
7172
6042
83460
16678
45762
2010
14380
2840
15724
2016
32236
13454
2774
4646
16220
5432
43790
9912
90424
6072
38702
29302
27560
1578
10920
18112
15822
97542
5202
8750
17112
14812
7728
16840
12608
19566
13578
12656
17816
8756
12436
37756
8524
14864
3374
18858
13402
11402
848
14416
48694
10582
53660
10882
13866
4482
54022
15872
36326
93722
10264
17466
15948
2084
55812
11718
16912
7330
14344
3788
13648
1822
16128
5862
5904
6200
71284
35064
89476
14588
3986
7440
1144
1644
86872
7088
3914
17000
15082
8024
7038
16038
8200
1040
9776
40288
11238
8714
3256
17446
17768
92834
15490
81162
4904
29000
53372
4246
13566
61552
17524
1754
4136
3728
6652
1332
2068
5874
13008
16098
6146
54652
10496
7846
64964
84966
14660
19064
7966
7694
14328
9852
14960
8548
5074
2936
78124
47142
98334
13906
81144
13524
38150
21016
15894
10988
2066
19404
9612
12096
180
81488
83396
2234
8498
10350
30508
18116
4594
9014
19878
4026
10920
14446
6170
1834
84916
6458
83584
75766
71348
17036
79648
4126
12514
1674
10546
7256
1152
8710
12382
78312
240
8668
38738
5382
14282
76992
670
13268
12330
5254
18170
75730
16906
6686
6322
81794
14976
15108
14566
11532
3604
3028
16016
11004
14014
88830
7120
16548
13372
34930
97202
8904
1868
2576
6050
11780
1838
16768
29392
84940
86192
15906
4890
17480
79796
14154
3452
60
11590
66746
7712
62926
16438
856
94294
2798
1038
13244
2534
71112
11360
14830
10400
1070
88070
13086
19568
15542
4086
9810
4020
93200
7818
5634
9704
11420
10680
10444
5206
67236
19000
88502
3060
13418
19944
24050
7168
17782
2290
3378
91186
10032
16374
4764
3278
258
9402
5734
12522
17334
10192
6762
6612
1640
1050
19642
30886
49658
8496
9212
26916
7104
15282
85134
1616
3398
12540
2446
11650
1272
13718
81030
7970
18850
5094
46122
4202
99638
13424
12730
55214
9700
4226
5322
13702
15676
13662
55304
18462
5352
76814
12140
47148
4104
5494
15008
17254
83526
13528
26106
94220
10462
66524
18782
10428
18878
2270
14124
9746
7880
7856
17408
91436
74944
1852
10352
17628
82076
74804
1268
80152
6944
15122
16710
1788
28
1546
72766
758
37000
16992
6430
11818
13452
2928
17138
8004
19988
17468
30924
16740
18952
10942
59048
8842
6860
16176
1536
87166
6138
5146
7362
1502
17534
87000
18938
15708
14634
12782
834
11122
24826
17562
48426
10172
16802
1992
59230
2334
14262
1658
65886
16110
17684
19014
12114
712
99462
33308
9482
17312
48058
1456
42182
11580
17360
95004
24622
78776
14668
15980
34408
18034
1318
11156
55374
304
13528
99376
40470
6700
6448
3928
2770
4328
6952
9012
40898
5004
10050
75788
6748
10016
41252
78884
19902
8582
15210
14608
17814
43622
68616
4550
3358
65584
3222
63208
17402
90966
15932
14570
12626
8626
306
3562
48370
12440
8114
23274
7724
2320
10942
6116
9672
16730
2942
9730
7130
11286
17188
2848
14974
7926
18370
89322
10464
15704
12660
49548
8742
18442
7700
2706
11312
68334
9610
46228
1716
55474
85212
47852
7118
73958
13444
4186
5548
81032
7600
12150
14460
1956
14370
4026
4072
10632
3224
10914
8116
18004
2390
14538
2838
8266
14650
17928
8326
80576
12412
2732
708
15994
92510
66540
60640
41920
9764
93492
7670
95014
10940
19854
16076
16746
15558
17094
12660
5868
5896
11650
9284
2728
19870
15142
14190
4202
8804
19324
22368
3708
13064
15730
15514
19556
18392
10298
18846
18334
4552
15072
79378
9198
10778
14982
14454
28770
14862
14496
7600
148
90644
18708
2680
572
6212
18970
12268
7592
10912
17948
85104
4506
4610
54744
13512
60814
13910
12462
8774
10224
962
2910
19244
58682
8510
4244
16706
8698
8424
5054
3184
14422
7778
1428
45450
97482
14254
5060
4238
9108
12482
15556
16640
76246
390
2176
12484
15088
10810
13986
4828
18306
8072
10030
83334
85344
45408
95448
92572
22612
16496
6868
9120
3854
19952
18064
47546
41860
5522
11834
5430
806
10944
3534
7288
21148
10540
97674
5954
16924
7222
2016
73634
66096
14232
52228
17370
5522
17574
12414
2688
15928
14532
14878
12778
1258
64090
12426
8648
12538
17818
11400
8370
82380
4960
11964
15942
12318
4794
18376
18268
18492
38458
104
3514
13004
5040
65768
10526
12406
5138
13906
15500
55924
2656
12944
16140
5916
70812
17062
15594
93508
4070
15038
17650
2258
274
67120
170
18524
15506
68168
5868
14320
8340
10742
67098
19474
1690
80088
93504
11362
15142
6856
92412
17218
8278
408
13090
18448
8576
7266
5152
84676
88586
2916
13196
3102
16000
67606
6158
31146
13408
6578
19000
44256
99460
69750
6370
7552
4114
12260
9302
4804
8336
14416
13950
97636
11662
1286
5844
12460
8826
2376
374
3078
17368
55910
11324
18382
2064
786
13398
12872
218
13410
17986
14028
8402
20488
19724
19248
85104
14774
28170
18352
12400
13702
10092
14818
2952
10374
9674
628
17968
12730
4654
11860
13868
14546
5594
8678
17372
8392
6938
10322
79722
80978
17156
79628
6686
54172
9402
12088
17978
11930
86756
4310
97358
10850
13736
41992
12926
6094
14578
12320
9022
178
26516
16604
8674
5416
15940
2182
86722
15892
89874
216
6800
18884
10482
99988
67034
9648
9448
70112
16010
77144
15400
94768
47848
7202
88918
3768
482
3242
18634
12704
6786
8772
16598
5734
98592
18916
13970
19374
5514
13794
8500
78780
79378
29666
79756
17550
7552
1504
17330
12808
4056
17048
99262
29798
55306
14734
99404
12794
7856
63256
5970
9274
99978
37744
4902
4150
7510
1142
18146
42
7706
38858
10096
57368
3224
9888
15836
16288
5784
11734
11958
21874
37504
7766
59276
51982
9892
13716
11790
1294
9446
11568
52616
8084
17540
7954
17560
75686
10496
18498
11224
6208
10922
31636
11460
10940
12880
796
57138
2500
9458
1580
8884
152
82534
3444
18176
14364
9736
11498
26258
18276
4526
12812
26796
82320
10876
94290
15090
10932
5208
7882
42358
6050
22736
2990
16248
65798
12284
7298
10170
18702
7512
58418
2778
5922
52418
3834
15528
8568
99184
5778
42430
3108
10014
17408
7676
54998
78234
8882
81032
4110
17836
22156
4148
696
4624
11034
18234
11764
7158
11570
3578
5286
18744
15716
18996
99926
2944
19222
70932
17584
2422
2080
4602
19366
8730
76128
3774
31620
4466
8318
12812
17064
942
3284
17112
31782
7570
6836
49454
14718
3482
18750
4758
16150
3706
2628
12750
15436
17444
88716
7626
3340
15360
11882
87392
2524
23180
2784
16434
3684
19370
8250
12312
13550
758
16414
20856
3782
298
99140
3680
12648
1812
67996
4666
11012
16958
31462
1186
18628
67532
17990
8002
83514
84176
8292
88746
57026
4778
9394
19422
5100
13156
13848
3414
15588
11614
14626
20756
15510
3778
6990
21094
12798
16886
16696
18768
17516
1218
10952
19160
3044
88756
3754
15496
17336
5836
11390
14316
22578
12158
1988
544
11614
9806
18946
3408
12104
15634
16768
19164
11796
16858
2028
17284
3132
8416
3578
26076
19958
5582
12888
61904
1050
574
19012
8142
46900
42874
18208
21350
17550
5926
17564
13184
10812
12058
17380
4526
12442
12446
11014
394
8280
19616
73310
11668
10132
13622
3794
6426
6602
15200
7418
16604
7912
16158
1674
6122
3988
11212
1734
13670
67820
9726
19662
3712
3468
7154
3514
87242
9300
58242
5822
3474
18250
5664
7146
7794
1906
15312
10598
19688
3460
14426
80456
11834
11248
5798
92892
8884
3122
13592
17546
2214
6154
694
84084
6226
95704
18526
24914
15306
9804
7302
18602
95198
16398
198
4180
28748
8190
69522
7176
3548
73786
13536
12592
86866
8066
16012
7824
34910
14428
5574
3924
2818
1230
15270
7910
17134
79028
13958
11094
57466
15130
13178
11296
48456
11304
93466
1372
7156
10444
11384
15724
17902
91332
12862
1414
5860
41012
10960
1776
7228
16094
4264
55266
8510
34734
83300
15854
19306
39956
88720
71136
14238
3766
18824
14138
18248
22004
18822
10690
2308
17502
55558
39530
6050
636
2390
10900
4434
3316
12006
4862
56906
39800
99670
11242
99196
14560
73536
75060
1234
4264
5478
5000
17658
68528
78508
40208
5136
15920
3772
17402
1664
17290
1724
17870
11152
9526
3548
18972
29360
12634
19746
2734
63112
7756
910
14934
19976
60074
2858
15780
1192
6636
16718
8022
29960
18184
6662
25712
2060
18116
9350
4280
55710
19924
62882
3838
19308
8864
802
18332
14816
17370
3664
15080
14730
85904
18114
5120
954
9770
2274
5958
96426
94694
19122
6154
21002
8828
13356
17106
13646
97438
16562
77846
11204
12904
12396
708
44756
8918
818
73046
22698
6964
18268
19380
81580
90312
16188
2388
17330
68334
8016
14362
47592
2776
14568
7946
15630
20938
3422
5140
4748
12792
7170
7646
45602
29484
5096
296
8346
12452
17902
12858
69608
14436
2086
9224
7514
43960
8036
7410
78880
1664
14388
43670
11452
8584
6046
12452
10740
19882
9950
14096
18432
62622
16284
6668
10510
16910
2538
4402
83260
9034
11104
6240
7264
53540
73570
2476
16688
91312
11734
15270
10490
5418
14864
91436
19740
2018
2404
18728
950
17736
18314
49994
1430
3314
18872
1314
15678
84732
18122
93470
58954
7974
7810
18050
1202
1232
7538
3416
5062
14766
5050
2882
5984
14468
27524
854
30406
18214
5536
10358
2664
17884
1562
7368
6360
9372
5662
8234
350
33818
56576
67486
9224
15736
6570
6960
1314
5312
16958
19476
11354
622
10130
60938
9668
14526
34260
4700
16228
17566
90826
16286
3950
1624
10002
17752
16702
77142
63558
12930
81904
72436
14628
17766
15254
11642
48388
18244
34040
46000
7336
12428
14716
15988
13240
38066
5380
8840
8080
6404
4454
18520
15804
18638
6430
9438
61162
18372
8852
15018
8440
10200
13168
12688
9400
11880
10032
18378
636
16606
1774
10688
12432
1932
48212
11620
5360
9232
1558
18656
10454
19678
4528
40824
12404
62534
13744
4568
2606
97506
18082
2318
12780
7200
17980
8676
19362
13958
586
1516
11020
14826
23290
3710
23576
12374
6652
12742
10668
19696
6926
11324
13016
17098
96928
27106
3536
15510
4112
3504
75102
19280
1066
11700
15216
11844
2296
14612
5472
17890
7946
5696
87344
8196
87656
23480
12952
2246
38712
9804
1282
9126
6674
15438
25844
12888
15838
18916
1728
10352
4346
8676
39368
19890
17598
5986
6940
15826
7850
24134
47574
10598
13700
17550
18570
1846
19378
19366
14456
18516
1876
12250
2482
11406
7510
55444
13130
3626
14580
31680
7756
9208
5084
95066
32174
5990
16178
11708
5422
5800
9682
3876
5674
18652
3610
19650
11856
9804
1970
17932
2548
9496
14110
1738
3578
13094
8760
15128
3366
16800
40738
9924
72890
17554
2976
2940
36066
19710
5506
15686
16020
4838
81504
7186
10854
14784
4992
12782
4910
16800
90140
8530
19342
19068
50272
8594
5896
96814
82774
5952
15026
17888
6722
6146
2742
19892
11706
18380
16834
11310
93410
3758
10744
13220
4834
18596
11200
52458
13244
13900
1536
64494
19446
19272
13878
18724
14540
9280
18814
12934
45764
81170
8882
63024
1308
91360
8582
56108
12976
92574
10654
10182
83250
4104
19606
18922
13226
17332
38746
3286
10390
17508
6746
5346
68476
17730
70674
65454
98692
4290
12894
27882
20704
1160
17920
23324
14826
3600
1570
2932
2414
1522
4658
19998
9946
56870
8350
5290
73168
70688
16330
17858
2866
7454
11932
9930
396
1146
16390
10184
3692
97524
97854
15952
3582
13970
10992
87358
2726
1322
7586
3580
6906
42186
10614
5950
18154
2994
16298
60880
7902
19682
226
3170
37122
1772
16238
7286
8534
16340
18812
5366
18014
97112
25644
5130
72890
87042
10408
7778
19080
13648
16660
9168
2328
2194
118
3822
69050
18824
14672
14760
8882
8500
86436
38658
15286
7084
18542
11902
11568
10156
5242
9166
9982
40242
11226
12116
11138
18906
9378
26786
18536
5020
11400
9560
19652
6148
15676
24924
4412
8208
9162
7256
15204
9278
7178
270
19274
12266
10366
11418
5480
19498
12178
16516
8678
25662
12934
8396
808
13398
4482
14834
9524
11976
1442
3616
83906
81584
87516
30880
7784
85604
79266
5212
1638
31174
14132
5382
5194
14372
6962
14820
6906
4062
12848
18138
78462
8026
4392
13894
11020
8366
95252
16172
17984
7048
27254
3086
13696
1190
11388
5500
2064
2600
18764
7614
6938
30112
68444
95588
17502
10182
14068
3734
12556
4844
6776
6086
17638
4868
9052
95238
33784
69118
9738
5784
19696
6016
71772
13008
12084
7074
3256
66
7828
9648
2692
8654
5264
4282
10202
7654
188
5692
10416
8828
91096
15388
10060
15178
6578
9284
10366
14178
10232
18100
11086
2958
4090
8090
14120
14040
19552
15022
9376
9222
3844
65842
12306
24336
13424
10028
18856
2500
2882
58512
13946
80258
12894
19870
12516
19852
2108
7688
6476
12524
68326
992
3506
46146
17852
11916
14914
15488
13076
15900
17024
22654
96776
41422
3116
3372
5818
51680
21354
8552
9618
15004
31636
36174
61860
13020
79274
66264
4058
6262
7862
19074
13184
48414
10928
11924
16506
15846
16148
12658
14340
74956
8410
5242
3540
18858
1154
8914
2220
7894
4722
12640
31416
5542
2644
14778
3712
16544
19180
14636
2308
2590
13302
7574
17404
15514
1436
5754
62940
3806
2102
4174
4364
10914
17724
15676
1752
66512
9670
1214
14492
92254
3884
6882
5744
9128
65124
4058
5778
10132
12842
16604
17970
12732
8412
7488
14784
3180
10094
14310
16982
5392
8584
16646
10230
15168
17638
11260
7326
5536
14028
15648
2490
57334
19758
12078
77780
8480
11436
9752
16244
8742
7004
16390
15724
6534
16210
93658
4838
15588
1302
2960
2350
11866
7628
18156
3602
3590
524
1758
15820
7966
174
73530
10984
18968
4198
9644
7266
15042
10830
1672
13860
832
19468
87392
14612
7144
3228
2596
4182
468
13988
13754
4618
3640
14552
17176
18400
11628
5228
2270
96508
19778
16784
7418
6100
7462
10874
13740
16614
22478
17628
290
55292
92716
1602
2568
6732
1916
10206
5398
19218
18646
19462
1300
6232
12054
12846
8666
25640
3686
1176
18888
16972
94422
9580
3464
34908
10502
6462
17624
9616
11978
6008
12318
11768
43774
67116
5072
54906
8766
14564
10596
5672
18970
17814
3462
14976
17002
5894
14588
13988
10304
4204
9660
49678
14684
17988
18174
16972
14068
664
5600
73298
10502
19640
13620
53722
1036
63858
4986
11046
7482
92702
18980
5434
19920
3918
6198
16826
14146
14790
7816
15210
70536
94626
84732
14120
36070
46424
15682
3974
85674
11988
78
86170
27500
92932
5316
57402
3984
14308
12844
11496
1090
1450
41536
28272
6760
17644
72118
18264
19966
7756
11402
8818
930
46502
780
47082
334
1422
11076
6072
10154
19648
15444
74094
7752
10762
1638
16078
6162
13018
16008
13550
2680
1074
6188
19100
2772
8130
16298
8390
1788
61302
412
11838
87562
1298
8752
18918
18678
8438
14784
11746
10352
4104
7324
10382
3064
12070
5894
74282
9036
18370
6622
14606
17938
13048
27968
13300
9038
13876
16922
1318
17896
6320
41434
3116
16706
15014
53702
17288
18334
19272
13740
15846
9024
16148
6080
96026
9454
11752
20138
14408
15776
1468
1292
7110
5848
13194
7466
50250
74308
19054
18392
19982
7580
8410
27202
87164
74328
99496
2446
5584
8462
19314
1946
5808
11306
3186
6920
54086
9780
3612
12096
19678
29282
7662
7452
11692
14824
8270
2290
8968
1856
6890
238
11624
8952
24706
11860
10428
9974
4712
12828
15560
6776
8180
34136
14258
18420
8980
12164
84078
7208
9806
146
1660
72598
7542
13380
97764
666
1396
286
9614
19796
17330
17830
3238
15558
2318
15280
15292
7900
91034
98150
13290
16822
19462
17002
16710
8992
3044
76760
2036
512
2628
698
3964
2116
2548
19180
16880
8598
13342
4426
17314
13974
6568
1900
12614
36690
4744
12600
2814
12082
3360
9646
18830
17056
17784
200
644
16862
5606
2236
6396
508
72266
11948
17168
16868
6934
6980
82170
2882
7124
9986
3082
1484
58620
19488
230
13494
17968
86108
54012
99364
12792
10118
1714
3250
74736
7136
1924
13060
3152
6838
15552
2488
18878
8584
19038
16482
68712
16036
8802
6590
4546
2066
12262
3510
13692
18388
99936
80712
9290
9964
1764
9032
97292
8174
18618
15266
41734
38268
12698
28856
15132
2860
9444
49130
3538
70018
19620
538
70352
57000
4596
14086
5334
7762
16068
24126
5618
3248
41338
16362
4832
754
18614
13490
14212
2010
15316
19932
16324
79864
3078
61412
1490
200
2968
18014
4698
2264
92906
24776
16588
67822
7090
7200
9382
5850
13316
7668
18616
13934
18784
28292
14270
12170
18910
64172
17832
40790
1554
48938
72070
1368
5078
15254
67560
14884
14640
16882
85980
11096
6194
83016
17678
8040
16468
1184
6880
16506
7086
2418
59988
52172
13052
6536
15104
1566
7936
1640
8850
1670
5988
88698
16152
17730
1712
9530
9952
2892
34536
13354
17682
6362
10682
14690
58446
17676
14850
42478
14798
8536
94710
10804
7374
12116
9116
17604
15172
7884
934
17104
55110
13890
16936
29434
8064
38
14172
5914
75690
14080
64598
17534
9784
18346
17962
86688
2094
15292
10704
39084
8402
2610
12962
7462
682
80
13648
87706
14396
4526
10918
18500
19952
47598
3462
52256
11652
292
11034
75656
11600
6834
50544
9022
14914
16940
9540
9960
71784
55266
7198
3886
6538
462
2454
8980
11550
95138
63568
3336
16420
19750
6444
10470
2002
19436
14872
518
33940
10434
12064
49074
2122
14910
14018
15204
23384
45000
8408
11714
110
5044
5724
18700
63988
29008
5626
50552
18282
14516
11962
67992
16588
3858
18608
17254
15252
19398
19994
18174
10272
12856
4178
5034
6366
16638
15752
12486
81870
3314
17802
4088
8986
12490
62036
19524
13032
3928
4648
6956
16634
12918
940
17276
19260
8570
7800
17400
19336
15834
712
19546
4924
5106
4980
57370
14406
9558
8866
19380
33874
96908
11192
14982
8056
4648
16134
42244
7218
87768
42146
16786
8684
67936
5332
18280
15726
3106
3732
16886
256
2176
18372
12890
11830
2904
5236
85944
7186
18058
7130
1354
8224
17890
17116
10438
34760
38590
16732
12838
19446
12632
17252
10
17178
18780
1178
5334
12496
5844
10890
33534
15342
19562
13326
35756
51370
18126
1836
8444
1402
4838
5658
2844
4888
4292
17418
13286
15166
5922
8512
12004
19102
9670
18098
68796
1614
372
16970
14140
500
18742
8360
14848
49306
4906
16702
11660
12760
56374
17190
6492
54494
71750
5342
820
5914
14354
37674
14066
16480
90028
7698
3816
420
84744
17236
18066
9696
9250
3870
8580
13544
19400
91506
15366
25408
9940
10562
1760
690
16604
7936
3018
7160
9306
18298
10002
16260
19256
98
15160
1100
818
16874
3758
7970
82524
19940
18598
59092
6176
6686
65718
75658
85154
9660
11122
73344
2612
30
1708
9786
23426
16210
47280
18690
4992
10338
70764
11678
90792
16318
18588
9422
10734
6250
70538
20672
18328
12044
19308
16748
4160
53472
28504
4796
11130
21012
16644
94286
3720
11860
12920
37512
15668
2546
11866
17398
7050
3510
6988
13778
16072
8272
53594
6214
14480
9234
2736
10898
25874
79082
15266
13402
3220
1762
15892
10794
88202
4734
12656
65794
18220
3038
9484
8394
8440
15838
13648
63436
9374
3328
6510
10254
44768
20706
37452
18866
794
15636
19964
5130
966
85256
38578
18622
8472
28236
13954
15318
14368
24590
81426
542
9596
4360
6012
11298
17228
4096
18216
12330
18460
95424
10068
8404
18280
13392
3746
22556
2254
20554
12736
8622
8298
19730
13060
13942
8512
15310
7288
8774
3072
1502
15306
8182
11476
7946
16600
17988
28466
16342
1874
8780
19658
4634
13100
11062
19844
6130
88852
15286
43720
39604
65632
11374
10354
36112
16238
9204
68
11670
16966
89576
8998
10740
1678
19122
2348
13156
18288
16470
10760
8774
1634
8022
4406
4098
16190
9460
94016
86576
19112
14936
6586
7744
12890
1326
4948
7568
18852
17442
5386
12178
11552
90220
18290
8590
17998
24086
10966
17468
582
13842
3838
12714
17120
75972
14154
18626
11920
8138
15804
5338
5094
83604
35418
94786
7380
14582
6904
6118
1276
19954
15568
3104
76214
81820
21742
406
6610
3860
1136
89298
10294
52472
14984
84652
2514
9034
97906
7244
4652
14224
8318
11084
15274
6122
82536
16998
896
15452
10982
16782
9298
4406
19830
72792
93120
14188
268
15756
41520
5590
11274
10998
49832
3780
34170
18428
9388
55728
7636
8652
18956
10722
10030
16242
16914
83888
14248
17238
95138
682
1936
6696
5292
13902
98902
15218
81462
14646
51698
14076
9626
6092
3678
19028
15268
10226
44686
19878
12654
11890
882
3032
6656
72512
584
3550
18230
4654
7954
18190
496
10320
9850
10436
17354
14844
7728
3340
9524
4222
5732
13098
7996
13466
6374
19168
10382
9652
552
9578
2212
6678
11684
15204
7542
9784
11044
11962
4138
3554
3388
10188
7874
11992
18748
13176
4710
7846
8938
4646
11774
7680
3290
47004
37650
10966
1020
33344
9580
10038
7796
9002
80510
4618
4380
18646
13438
32746
16492
2190
12914
19652
2402
8632
9094
3190
8422
24218
2394
19082
9246
5004
3020
33542
2592
10442
5390
55630
1998
5690
18234
13960
5594
2036
14238
19214
1824
6230
94114
17580
300
7976
75662
2792
66024
72772
11630
12962
13642
1756
12962
8614
9536
7866
17202
13148
17464
10380
55598
1064
87278
2246
13150
20922
4254
23082
14794
5874
2974
17894
7494
3632
14518
9178
7430
91172
9540
13812
6846
2354
18096
10902
20242
11986
18416
3684
18514
7544
1246
68942
19424
60712
6514
320
12294
44204
5180
42170
53664
6758
2980
6804
15832
4566
14394
18946
18506
26702
99022
18210
11950
4578
18780
19636
17428
68126
5304
7190
16952
7628
292
2472
7486
17150
18752
5826
14050
16928
18628
15226
1162
2976
14798
16200
85602
8318
14050
18210
65244
19866
2346
18230
11496
15748
364
17454
19592
5616
17812
17060
11606
3310
10880
93206
19976
15306
45512
836
10826
9966
33076
1426
16844
96232
5858
560
64538
1650
11298
9342
89234
13542
64934
1488
28478
2310
16456
8372
14916
3196
4858
17510
10866
1546
12518
2294
19598
13838
16204
9804
938
992
19800
7980
11864
16614
17100
4588
14794
19210
18368
9786
9026
79890
6028
14342
4200
10670
8988
10870
4598
5590
396
10044
15446
922
32272
10492
2956
8536
17960
6550
12872
11036
19564
60088
30760
6942
2848
14896
7954
7744
12458
15642
3478
14096
15948
19714
9062
17090
17528
2866
13996
1934
634
17876
16098
19520
466
11484
7344
81474
11438
12640
29386
99862
3136
7384
952
414
7376
56998
14896
4808
9854
7506
97398
17286
18342
16516
7406
4770
12026
8572
14958
7108
13642
87554
12456
19698
14534
5952
81294
11450
2530
22644
5458
8410
7016
13624
168
7800
15352
13720
14118
10486
8976
6854
64690
5684
14844
9022
18268
81274
2012
10954
1762
5088
5016
68056
12508
814
2246
95860
4908
19436
16880
15824
3896
76800
16816
2376
116
20386
7618
76084
14220
2784
7672
57180
19954
43314
8440
99042
19298
2648
13194
5396
11228
10370
19532
8072
7428
55194
69016
6278
18414
6678
3392
8426
17272
14138
10760
9024
10074
10230
97260
992
5306
1932
19812
1880
13666
12338
10006
2336
15610
9682
7114
81084
34562
2700
16368
11976
19222
13086
15068
7120
76902
30878
15068
8896
5502
99884
8508
2038
17186
12716
3406
8750
18062
35884
13672
8984
30674
42546
1132
31972
1616
16472
11484
10096
35932
5754
7430
4698
47066
8298
3052
8274
13910
38992
15474
60678
4900
12618
2070
92690
18088
14754
8270
14266
1274
78
87360
17584
650
2170
7948
6266
462
15750
2868
18326
2624
6916
99680
26748
65274
756
13048
18496
19356
18656
6722
17742
65728
78978
298
3034
12584
33720
18726
11184
19086
5914
8754
2552
18862
37456
8514
87984
16104
2270
35540
1138
1378
16324
6164
782
11944
15748
15036
7852
3784
2370
8078
2134
13050
86196
8238
19800
2808
12604
3226
16984
9998
90916
10710
14212
13070
6494
13978
11596
11396
2412
8026
9534
14412
18732
3660
5892
604
3782
7134
3716
97978
39404
72056
4364
16492
448
9686
10098
8964
13144
8316
76280
5304
14046
9144
1522
18450
16590
8180
8528
4118
10894
8416
1526
3132
13184
9952
2068
2456
12616
4896
18644
17104
19868
6144
18314
6154
19972
19388
53934
95046
91572
11706
4176
16788
5526
13270
3544
686
78008
37740
10630
6444
22290
15208
14460
6940
9174
10432
44904
8430
18308
16156
5748
15868
2992
11676
95754
18328
12668
15660
11018
15698
10014
72182
14472
16732
8034
11552
38848
1154
15338
9884
17048
4980
11786
9328
10060
11048
60128
3592
18864
12914
8488
19894
21638
79544
15378
14534
8902
55816
11348
1292
5860
87074
19684
11086
9378
2122
16800
14206
16118
222
15166
33740
16612
13408
9930
12852
7358
91648
4328
2780
19608
17026
5292
14440
17446
1118
1806
978
11776
15838
57194
15470
1504
14316
8984
7522
36952
79734
17100
15862
19230
12500
38924
15008
6752
4392
14030
3362
1220
14746
65244
85146
18908
4352
10280
29398
15306
18056
14962
8380
5798
16906
28746
15868
32716
33100
19326
14484
13606
7216
15740
11292
14246
18364
75068
9688
12946
15166
4318
1756
17076
7328
18152
11774
83620
1888
618
14532
42926
51916
4444
17980
2678
18416
15106
28034
9036
1292
80844
45522
7412
65730
10634
61354
18074
13048
6318
18824
1438
13056
13492
15950
13432
13082
18576
8050
1436
966
14222
7326
8786
18032
1812
3272
8070
15520
15320
18070
55088
17308
31414
16208
76164
10862
8274
4094
12726
8512
76890
16800
11690
10722
19940
31904
12310
18902
16260
12618
8062
5942
13238
5728
10858
19014
15354
3094
37096
74414
61108
15678
18942
15574
15984
6990
17942
46552
16728
14310
6920
2856
16658
168
72604
11570
972
16668
6706
2022
2586
17816
75250
10882
17566
77732
6312
86640
18836
82540
13088
15606
428
11416
5472
14856
98102
948
15430
7832
6698
15580
3090
51882
17658
12502
18148
9076
40174
86746
93098
75256
59662
15386
3586
18282
27176
7820
6052
17542
3236
16272
4260
14678
3154
10406
79198
16512
9742
13408
3550
8870
9966
10570
39286
18522
13948
94924
8424
16654
18494
6058
5136
16886
31410
6144
5184
7102
4976
14854
17702
16258
7388
438
15630
7992
64880
23514
44906
77848
16734
49686
8578
80618
19474
16548
12990
3308
89244
15574
6606
1696
19452
15166
1354
84002
316
15368
18326
17530
6196
444
992
10376
11628
2520
6070
256
3902
3372
17198
4720
2086
8162
86734
18364
5270
12356
5618
6370
3430
5842
14480
11272
17736
6804
10530
16636
7760
13054
7828
18086
11192
38068
8362
94194
19878
17926
6948
1172
18218
8554
5064
12268
8252
3862
8860
16844
3934
16730
9624
93238
16466
336
1280
2632
8334
4464
18122
46874
2116
16020
11802
16034
15730
6596
16462
33028
1316
12930
17242
5892
942
11948
57082
3964
5430
15470
8072
3144
2052
52594
12900
7748
15492
2650
49814
7456
12954
2320
9364
3626
60618
4808
6668
19222
9654
8850
16098
83078
5582
27352
4320
9980
18290
56338
95932
8782
6724
72908
13806
6240
3728
2202
15832
2492
61684
2622
5980
18274
2318
7434
39198
19940
8344
70368
13578
1674
21648
17236
14760
6176
12230
19992
14706
8668
14188
3138
28788
2804
1858
12418
9644
15394
6954
99482
9972
13296
7558
14204
19526
11660
10296
14866
60608
13614
2224
6618
18382
5004
3488
15602
12608
13982
924
13334
0
19326
5162
15154
2218
1210
12384
10028
16048
2084
19494
54252
2758
10730
9076
8232
19832
17124
15924
16858
18298
2664
80118
99246
6308
4874
6282
6728
9428
7494
10518
9804
8002
360
13054
16918
14236
5100
70164
5752
64
87286
11980
41318
7184
16438
12704
7296
30242
15576
4482
53958
19452
17696
18324
7722
16414
58388
13662
12204
9586
18362
67504
15652
752
5326
16948
14042
19818
19818
8224
12606
6550
61946
5972
10390
6108
3140
10392
13962
1468
17954
12664
42060
4078
70094
6774
4328
9592
19908
586
8344
13096
53420
98918
14194
17804
15220
50062
18698
10688
7198
3786
8866
2798
5958
12252
33384
71366
16052
2666
16392
9008
3804
608
280
36420
17980
12084
6684
17850
18800
8778
19694
9150
11132
73852
12778
68090
4962
73572
99024
10188
86806
8430
8620
15882
9400
26180
11878
44682
17368
15630
74446
12830
17072
12336
15214
10426
98370
12534
9726
12858
11718
33306
19170
10528
7542
12670
80254
15484
14958
11926
16376
1854
1686
76112
15658
38680
80398
8058
13100
9078
83700
2204
15900
10944
6810
35578
910
19836
21036
16550
5324
1428
34204
5494
19084
17332
5186
17856
6922
10790
7760
11992
12494
11982
1380
4450
2512
17652
10334
7170
110
12576
1962
19628
18458
10876
61738
10146
486
12572
14152
1428
77008
19022
5826
12144
9104
8972
948
14588
12902
8058
560
20766
10428
16122
17462
4710
8724
19646
12578
4736
23048
12276
6624
5136
11708
6070
6924
24928
44066
32560
13262
24350
10102
18316
10274
1272
29290
12774
15902
19180
53614
15404
17332
13458
11778
3154
18086
12248
78912
19720
12526
11298
166
1796
2764
52972
85900
23806
17268
14400
12490
22392
2126
12532
19212
7148
2982
7828
19508
6694
2678
11992
53282
15802
5528
17764
10370
828
38632
12430
16978
7726
85984
8790
19522
18116
11364
19736
1852
6710
18388
3760
41988
18746
7108
14124
2004
11778
3712
31638
1530
93226
69878
13092
2102
13740
56058
16110
19396
34
4212
2680
14754
7952
15822
4756
69792
14370
6604
3366
17060
16258
11232
14938
14540
2602
13088
4178
14448
18338
64638
19358
6564
16844
1426
4682
7960
19816
3662
21162
16102
18648
6336
8862
2754
9674
19788
1668
9300
22934
14520
44380
5668
2994
61852
17788
14952
18642
13806
14560
17240
9282
11062
8384
6058
2008
3570
11844
1188
18316
76776
4854
7696
19516
6362
14116
16322
7590
46996
96340
18600
19224
9544
12802
4948
9866
18306
1668
78078
13832
66526
2712
14826
8470
15690
19230
3900
67038
942
66500
14394
9520
62812
914
1530
5176
19052
11598
88026
12780
19916
14164
9310
6418
17230
11382
10074
17178
3822
27148
12670
75766
48788
10890
7966
8220
92
68510
38936
65462
9746
18566
37396
9186
12826
1310
14848
10928
930
17866
10600
3872
20770
63508
300
12138
2618
6680
9316
10204
11988
4180
4818
11748
14674
41992
1278
35314
12062
11264
37328
11824
69284
10678
2552
7940
12434
2760
18180
14998
12094
99104
10644
4506
37752
10776
6286
9090
924
14298
8598
83576
79720
14320
3838
5306
19064
3476
19436
73208
61458
11020
8116
30472
3436
8778
98928
6096
9546
2986
3826
14168
17144
15302
14122
92526
1556
9288
72928
3590
6600
7764
70196
5788
11116
13096
4366
19414
15366
2262
5250
2974
7294
11106
2852
67212
11844
6566
4602
6818
89968
7014
14774
14228
6296
15530
4230
7044
8902
10278
18462
270
5598
19878
13166
18546
83286
1466
13524
17822
82172
4984
2862
6176
42718
7216
2172
44610
15138
5026
98362
77052
9462
95214
58836
2406
1404
38810
75170
5940
7916
14058
13242
3528
9064
92574
6098
13016
5670
86494
89112
31088
4282
16020
13982
32916
12796
74870
9422
8202
14192
9712
16754
2050
17602
5404
15274
46038
704
6662
12098
16366
9098
9738
6324
66414
66496
2652
5136
4760
6944
19564
12898
27796
420
35564
26492
12624
19408
4466
14654
938
6150
13022
68652
99936
5828
260
88794
18840
9722
2054
12236
11836
16166
78060
9018
35956
69384
77372
16092
2616
13400
14020
19492
55568
6528
1764
9370
14658
4684
0
6784
18730
8942
15440
8460
9190
7874
13444
80346
3832
932
23060
4718
17652
14410
11442
5734
17562
67696
1780
16546
11344
10944
7168
70962
15206
4958
1756
4812
4446
7438
19636
10144
70482
3892
13134
29780
67910
15558
15438
13612
16352
37070
30280
12616
9216
10750
13292
11738
3540
12368
7812
14708
13162
6384
95416
17760
13570
80908
52952
96686
19638
14472
5504
19400
4018
12786
2694
19564
7142
16414
8978
5980
12194
5368
17410
12462
14958
4186
17226
15546
9766
9626
8014
75834
87580
16476
1860
14346
1470
80986
12774
17996
6284
12300
9332
9152
17592
5380
7278
6164
56134
20244
10960
41344
8450
74472
44820
660
11756
9360
11532
1226
5522
13756
30034
4592
18848
16468
6096
2712
60
11480
2884
4610
5298
16738
17966
1142
19648
19670
71242
19500
1688
1228
19242
2712
3820
214
15996
38528
7670
10932
16238
16580
12444
1076
12720
56698
264
9430
16206
15680
9190
3838
12366
5440
16806
10224
4536
1192
51092
16180
14178
17516
4496
2158
12464
4666
18958
16498
11954
3170
9352
13478
68296
1368
5928
12646
7132
14828
11356
6178
8656
2248
14602
8482
19024
5104
3450
18334
11130
16760
7670
3822
17336
14920
8596
3456
6176
98990
5348
2444
16868
9934
3258
19314
17290
19378
17142
19162
18578
8872
6938
14926
10406
81574
7528
9768
8928
16552
11892
33440
56668
72354
8204
4674
19202
16442
4912
38686
9914
5564
10098
9244
11474
12784
37682
3976
55436
18362
82636
14584
26620
17528
12270
11540
29220
47062
6350
5176
6474
14306
10458
13700
15086
8458
72570
1044
13856
33356
9614
48820
12274
11686
8652
4
9410
29538
4230
8930
18196
47670
11044
15218
6290
10746
8382
8252
19122
11140
19458
12638
3726
13286
7032
5484
41868
4260
72696
16220
2558
13358
7966
84950
3782
75758
9942
9134
13600
18756
14512
82
20996
1866
6150
18620
12950
12630
4366
1030
11058
18002
46086
15500
26006
10766
11724
16370
18640
7730
15260
8266
11492
38118
4572
8110
65414
85988
16148
23590
6748
1182
22450
13786
18624
1694
85756
76636
15694
6444
8890
68620
8222
15812
15162
5626
13976
18082
532
258
62372
11154
9086
5250
11100
3834
15036
10296
38
6132
16814
9522
3984
5680
6152
87966
15162
40030
6608
400
10344
9988
5430
644
42808
61142
18042
15570
77698
1942
2000
9110
15138
6988
12918
4640
31140
22508
31636
56034
93468
60566
28384
38060
16604
16430
6486
8446
47064
1798
13004
3594
4888
8212
2654
19412
15822
19082
11646
7510
542
14084
19378
1160
16076
7662
2922
5532
61528
9134
18934
4310
16210
12254
974
14776
18716
13498
3964
18042
618
3776
14494
7168
12178
90932
24546
41238
14730
18800
2388
17194
6090
9396
50088
6728
15092
27344
5972
4390
7700
4198
79254
7332
13604
4858
37810
19210
6116
588
4702
6160
15790
8698
14368
9676
5154
1286
5018
15726
17340
17376
9270
13034
18992
15172
1748
17092
1596
9484
11792
18656
17732
12770
15682
2034
9644
72784
4982
706
10956
18716
18220
13894
3950
2912
13766
11384
58
76616
5134
19894
5644
15120
50270
19632
5518
29670
12466
4144
7492
3122
76812
3636
18940
9360
9756
15770
26616
3334
82028
7144
7210
15560
95814
56542
10432
7324
12116
15556
7880
2030
13396
14826
7778
5026
16400
18646
17658
11522
10394
10156
34294
17950
19688
926
16550
69862
13108
19518
43484
54214
7426
36836
18188
10796
98776
13054
9706
86332
95630
66
6470
54694
8756
84036
15892
16896
16716
40402
17006
9704
3832
14488
15826
1128
45956
8704
97228
7954
7522
4880
16050
1772
15704
7088
5698
11244
18838
53656
91372
16608
13076
18582
12742
10066
3440
55090
14442
340
14316
5558
83268
4648
19782
28806
9600
7436
19218
12606
18616
11930
9868
14664
13602
68998
1052
10072
8674
28620
10304
18744
9584
18246
3130
17678
15482
956
578
8256
17968
17224
9654
14474
10242
94022
4824
14268
15020
2552
40546
5224
18018
16682
9008
19780
14974
77920
14138
18896
16264
8712
4044
84480
8118
16322
3208
35862
16082
4900
51722
16852
80222
4740
85826
15860
8124
3482
9768
13124
9670
21240
5170
8410
13904
79090
8178
4910
17436
9890
4330
5920
8412
5316
15120
2542
4212
11368
17002
18100
17968
1214
9222
10992
16220
2182
8554
92668
19218
13242
85752
1014
11916
12270
73666
12790
72872
5842
17942
7584
12252
300
13460
18814
13128
67426
6590
13140
9922
15886
3728
7624
242
14270
16954
3444
10854
74564
90318
11990
15618
12968
3476
29682
18082
8242
12202
52606
14486
53380
3752
2926
63904
2026
2018
19530
8870
36330
43184
9604
17726
8856
16006
10652
11300
1070
15294
2742
16606
5914
5320
61730
36044
7716
286
3710
53066
3480
7600
3420
57546
6060
57838
40500
5560
1918
16426
8512
75132
12200
14470
84612
8516
14864
43522
61764
28396
5420
62374
3182
3902
12964
14418
6222
71846
8920
17208
9124
12932
6008
17122
18052
14080
23594
1304
25942
11810
9070
32116
19410
74804
13566
13420
7842
18110
10872
15350
12824
19990
10278
60622
8598
23010
12938
10330
2334
17914
42920
1740
14948
11392
19730
5840
17572
15716
178
6814
18586
12950
13030
19492
11740
12782
13422
12882
3920
15818
16522
872
3706
5522
3966
2708
49876
19216
5670
1650
54788
18168
13040
11936
6258
51166
2580
99006
1352
17718
12664
12912
34720
16528
7236
2894
50920
15290
19212
4026
40346
1968
14396
5496
818
6286
32488
1948
15816
13692
5546
14676
2436
6426
87840
3884
14760
7652
3628
10890
59442
14798
6594
1174
6376
11640
2808
9426
12256
5004
12190
76910
62760
1342
80902
19956
5150
49790
15130
96346
27286
8292
14608
6812
2784
9384
25470
15670
3690
13350
19960
182
64158
13358
18408
9396
15090
366
97050
12786
2512
11390
19122
12892
71484
14350
4002
7624
12320
2944
16572
8270
3606
77140
1404
16700
9866
96708
10070
51800
940
96758
13174
9038
15748
18372
14438
52080
17394
17820
2252
7082
14372
66198
6084
13892
2676
36786
9252
5542
960
13182
5320
17830
16318
38386
10392
27278
11840
4626
7074
11084
7594
6580
1020
80174
344
9900
33932
16264
8574
432
53300
10938
16110
1990
82092
7850
12708
11278
5960
12466
15278
9910
5108
55192
6484
836
1200
2284
14092
2748
9132
14376
75526
2998
56706
6658
13978
35444
14552
11948
10238
354
2590
81554
3564
10890
17326
4560
14998
17894
16892
11146
12036
32510
5368
9260
17136
16076
19348
13244
58592
8826
57074
14280
19514
12388
12672
42618
14754
560
41876
14808
35404
6128
86884
3830
3368
17628
3416
48156
18478
3772
16760
13874
14928
682
2856
5184
16498
50038
5716
4954
18546
3130
7864
90260
6218
3270
1884
16074
75910
18594
2718
54090
16276
38984
1366
7964
27890
19782
3774
10344
15594
10778
5672
1294
12636
6030
16480
47050
13554
12048
16276
19924
11750
22078
3622
19248
18196
3288
3058
5026
50978
4868
3294
2100
134
12752
3520
74448
6110
13932
14696
10518
12176
468
12550
11946
24770
14322
15158
12372
15668
7938
4154
15746
83044
9812
14334
10612
16794
5502
17910
11200
19482
10460
5906
80298
2482
29866
14714
16406
39466
11704
7206
5808
19338
11496
19416
7308
15544
80682
2056
11888
16422
93072
16846
12456
52880
690
16660
51526
15118
7148
10518
11216
9014
7468
9576
1358
2128
4498
67458
6208
16068
16442
13322
43870
13386
94834
19664
31836
15860
53892
2706
12656
37512
13968
47770
942
13280
15532
9210
65240
4610
8074
16352
18374
10468
8074
17952
2816
10258
17940
6894
9436
19894
1552
11498
4452
13136
17490
14816
2866
19650
17224
19562
81492
10938
12266
9216
8700
11758
53108
90758
85646
6350
9378
19734
7454
13360
1914
14488
14762
8440
13092
944
27388
10786
3836
57128
1694
81254
70572
18462
18478
12836
2616
3272
18828
7192
44616
14670
15506
16386
1816
94508
1882
4748
40344
12542
19094
10592
9538
4042
9236
1762
5650
92200
8544
2778
3602
72652
9896
6530
96988
23534
6752
18460
5242
16780
10582
16892
9478
14420
13622
9246
13700
39420
15642
9538
6128
73348
51824
18080
41156
3454
8200
980
9798
10850
10740
27686
1632
8678
53054
16308
32458
11226
19596
9398
65040
12714
5374
69850
2172
844
8292
2546
9998
13512
14244
2776
326
1678
9952
66448
7970
18340
12222
30494
19582
7760
10706
8002
7502
19650
360
64920
37182
5024
11952
5568
57428
33462
3880
4842
486
8612
12518
14166
58968
2784
4286
27482
83262
17766
4844
11714
5064
56994
17016
11568
14278
18962
5080
2426
41596
16992
15114
13712
15256
30472
32796
86494
15886
10046
3210
10178
8236
10332
9742
72542
2628
1802
17686
18988
284
8940
17806
45574
15600
11714
13244
9070
16254
17440
3446
9546
14610
3680
6104
9664
9146
2846
5490
14828
15850
50782
17644
16830
5894
2194
14656
34490
7908
9632
12868
10400
4154
15452
6736
17294
768
3388
16314
52038
17736
11862
18466
10146
3234
11804
3054
40598
25276
16450
84288
24352
4976
1216
11694
5700
5062
49874
12408
84118
16990
10782
9750
5472
1260
7362
10540
6214
3864
18614
87998
5322
47172
15692
9988
6636
3028
19224
4142
14734
34710
1540
9242
15810
19022
7682
13016
1944
948
1310
10030
7182
5940
19194
3644
37684
15870
8036
19610
19148
6144
6168
3388
6732
15444
2924
43708
11890
10306
6648
15978
6968
6002
44924
86470
5990
10966
96554
87756
9318
2370
19560
14336
12800
41578
80020
13014
23182
10020
7376
16200
492
19080
4704
6848
4822
85736
18276
2952
178
5212
7978
6274
6028
13864
96674
1970
6440
12786
23870
91390
5028
670
15762
10888
13352
3542
5912
2614
57172
2108
16760
16166
12532
90746
6724
46612
2788
8160
17728
9804
924
45208
7974
4402
92412
27800
3746
11482
14316
5474
3914
17276
7822
3724
13152
9254
17384
12892
12822
5494
1866
17212
2502
31648
9094
67678
13658
11896
15022
114
708
22332
87556
11656
11760
16438
6986
17656
17062
4350
5350
19452
17588
13018
1004
1038
10176
11278
91436
53942
96864
15454
11730
2100
62388
81646
15804
99470
174
12306
16040
10252
17168
6218
25032
6638
5038
16542
15538
17500
11502
17460
11642
1540
19656
1730
78560
17714
17486
15068
16376
17826
9776
1154
11124
89010
3474
6306
2868
15394
5498
16150
1468
16042
76202
80412
7286
17906
95930
8196
8506
5048
16576
9080
3582
38340
16702
17876
10938
1036
42924
56090
19516
26756
1046
17142
1444
6490
12634
16156
15014
42852
14980
4546
24760
1810
12220
11902
82442
13860
25320
18500
5640
1336
2810
2616
10072
19118
18410
19200
74830
26878
18456
67476
6502
46966
14762
3876
3552
11572
99544
16134
54052
3192
144
17002
7070
3042
3016
55120
19826
9762
35758
8108
15210
18790
5062
9438
6308
79830
6234
46518
17764
11474
10202
96660
12966
9894
15436
17622
3322
17518
55356
1490
76180
14126
8252
8714
19092
9438
70050
27908
13082
8968
10664
10252
17290
15726
12274
19472
5300
18504
9982
19996
11382
13192
7414
17234
76428
8408
17302
83870
5130
10738
17442
24156
1914
49018
67152
4640
9326
13420
8112
3060
1262
6156
12866
79568
15208
13432
17840
12650
19762
79806
45308
19886
7598
6076
73970
15518
42760
13170
39438
7026
95104
20862
14166
18204
29400
10560
78408
8700
19790
1244
19928
2494
17614
1962
4692
11690
136
13178
1686
7508
3252
4106
14708
27032
5820
14180
11500
9732
11134
12758
12852
2980
66456
14284
5860
18612
12698
7486
19312
7340
75092
3044
69070
15500
12770
15752
90458
66008
2138
31710
66930
10154
8800
19320
1826
22820
6960
734
1850
58036
18162
15134
18492
1886
7154
1034
12804
13876
19214
7378
83710
558
17624
12902
16300
1032
69160
18344
60704
4902
13962
4082
7806
90900
86114
14494
4336
16472
8040
54698
71034
18720
4366
10782
10630
10514
19622
17056
64846
51060
18284
72578
15698
4666
18154
3182
11222
19184
13162
12094
6290
16774
18798
10710
540
33198
14932
12194
8844
1394
17190
16916
54632
10802
57218
14992
19198
19628
5772
17856
1496
8170
556
11418
11698
6806
18118
16524
11136
1896
11594
93882
11870
16810
12752
11482
2874
99140
7768
66490
9888
5548
15492
79452
6504
72594
7832
55584
4298
5570
7374
99704
14080
16910
864
452
1378
6362
6062
12390
6852
3760
10106
14046
6052
42714
11762
12498
12502
10866
18
6180
9768
878
60046
14802
11656
5540
13520
17942
5008
7194
5810
73446
17450
59886
73760
15508
8058
2784
17294
9178
1816
6536
1698
10778
1808
2204
92950
15496
36512
11646
1590
13464
17946
16694
3256
2674
17150
34350
17440
10060
6306
18018
6920
10536
58188
10988
19012
17538
8208
6478
14290
17994
98606
13780
7764
8248
9480
1584
18414
74646
672
14978
71858
8676
17388
12772
7514
7404
28278
3320
15058
18610
9928
2846
10730
71046
15484
17914
14704
63410
4762
32258
10830
702
10370
4946
58482
11320
16236
7728
11490
81622
17754
1228
12226
6858
3214
2082
6804
15900
8376
81476
58962
77032
7770
19880
674
6378
1030
7530
15578
81154
37380
18104
9314
3874
1428
15962
16864
11570
9366
11378
7402
17290
4672
17268
46264
17200
7492
7110
4762
86634
26688
652
98006
6732
13340
2746
10154
6836
4112
13102
6552
18758
7414
228
8480
11670
65242
8626
46794
15914
7154
26752
4400
97596
14440
15712
14206
12090
9440
71556
5662
21614
6330
19692
63892
11360
16916
5862
19434
6088
4268
1692
7514
13242
226
3490
13668
4934
7924
17668
11712
66336
18178
75698
8144
17372
11824
1760
14646
18854
1072
19118
1462
15042
91490
21666
86564
38602
18504
6476
17354
76124
18776
9466
56326
8668
18458
4762
66854
11624
68532
93658
40456
16034
8058
5834
17944
11814
13922
79784
18684
4378
12534
19310
16184
2382
73304
7424
18556
11044
6574
16836
9798
2538
6574
6486
7582
3028
29418
11652
1440
15512
18694
38110
14068
8884
15676
54800
8982
18038
17974
69752
1520
10744
12558
98128
55050
9822
11870
15840
16922
7880
9762
2256
8910
14646
24
1660
19376
91674
10464
45342
30290
14136
31310
3426
56170
6026
23562
13002
10486
14948
95324
2406
10774
13934
7672
94490
17972
91272
894
5428
4374
15554
58862
5986
18982
6428
14214
2858
17586
89028
10782
14614
13498
5682
1052
15360
46326
9998
5166
3602
3586
2860
19704
98
47108
14406
18502
12504
3928
4204
5864
91402
4518
18978
89398
16008
2540
798
14830
16010
10602
13002
7068
12394
12494
14892
14778
6382
63838
80938
9124
17244
11824
3260
18252
13622
17518
12500
63210
68558
6332
2478
7772
18706
1952
13576
17048
19390
86582
16192
18290
12718
4178
8728
5970
80316
12696
88248
228
988
3934
2462
6524
38758
13756
3086
16488
10612
4986
13232
4814
368
56
90634
17652
19642
17612
19996
68288
17304
696
48
12104
2036
8452
19422
6222
4076
73020
294
9340
4614
11834
18646
7368
2046
7112
18654
18604
7706
31496
732
19076
12994
11864
8890
1102
14254
19252
10544
18778
6566
85830
11190
1136
17468
18938
5286
14042
17650
5910
7268
4008
3454
11336
10580
9498
5590
19636
17148
18036
302
19202
7912
14124
18526
15064
13864
82750
4474
10316
12382
66706
17512
70616
9232
12284
16794
16476
9074
4490
3326
19404
5748
15252
13770
95018
19606
35128
5550
5192
32608
14270
5244
6840
9754
10896
17758
652
72738
11264
12460
16602
7544
3840
2052
17348
9642
14292
15882
18188
12756
5456
2812
3496
1596
9968
4144
2940
14194
1030
35576
3434
8736
9520
5856
64106
7036
16928
2776
12274
6130
38742
17846
3392
18826
8136
99060
6360
5580
1836
41194
28146
14816
3524
16988
92016
62164
5696
5756
9818
14860
13916
18586
58144
7416
13946
916
17112
14760
4390
12832
6384
3938
99416
14996
7216
8502
24218
9502
3492
18594
15428
14270
13604
46092
6992
13128
12004
19650
9060
20418
7584
11422
18444
10516
81902
11136
6850
6032
5794
18424
18886
11186
19024
7064
11096
64
14610
54490
10710
88854
6852
8496
8974
13834
2206
8626
7194
860
18622
9208
8284
18352
14994
9050
10652
40742
17800
2998
13830
6714
14360
19318
16190
17902
9462
12924
12424
17104
9904
2448
16214
10508
8238
19494
5194
6868
24778
12160
16910
10772
43682
13498
19070
61992
23680
19900
11858
88316
99418
8354
82890
9408
25856
16600
67784
7942
1568
50154
77790
35444
15690
30022
15762
946
398
1620
18354
6090
15428
14616
95702
6260
516
56810
6730
52158
72202
16904
14298
342
7842
5536
7228
46644
3744
7220
13576
18398
32300
4088
224
9106
14126
15746
5516
1544
5722
170
11164
19134
17388
42354
41418
10266
18192
9328
91404
6596
12084
49466
2320
10434
8902
16950
5820
9688
17240
8484
15158
17722
7624
3386
2572
5488
16192
10300
19740
62764
12906
12450
2760
8240
9608
82578
15284
72374
10388
9568
14280
4194
5610
16422
10578
2708
7860
5846
18396
6576
3420
118
11308
5216
8766
2914
19798
10430
1726
8554
5368
4486
11430
6222
14200
890
13408
2486
14878
12744
8442
5530
8128
12124
4176
4152
18886
12128
45368
19646
95996
17228
15768
25510
2144
7882
5988
13236
3420
19240
15480
19974
11478
5258
1424
5198
76750
430
74876
13798
18024
51982
9396
15698
32164
676
7490
15002
9192
4444
1646
6328
17776
32678
18564
48316
18508
91342
16078
5448
33244
88770
31512
56526
25878
48044
74100
94616
55652
15814
2672
16604
7884
5740
15580
5134
12662
7978
16204
6974
37618
11210
12770
9362
99434
71220
5394
71440
28092
50070
18618
278
150
17470
90276
19306
3718
83672
7316
4156
3102
36128
13082
43612
5732
1662
36494
17570
2610
57492
87618
15936
19894
7638
15960
5960
5942
10866
13592
9216
15304
73962
63154
13640
9046
17554
31116
7530
73680
8984
18170
64188
6430
7500
84060
1848
426
96094
2560
93266
22856
29780
8962
19458
15652
50600
9798
3812
19500
13384
7652
8582
60000
11664
14056
3936
45562
92682
15796
13236
366
10584
17176
1706
19690
74142
14328
6036
4906
7300
30576
26478
19270
10296
38386
55354
19988
5830
2226
19834
25554
938
8026
12214
29660
39562
26406
15174
42204
80902
432
3386
16616
6290
67656
854
51684
48860
11016
11942
772
5874
50558
1088
3328
52124
8274
14024
1614
26364
10682
12672
75346
15742
55684
7260
12578
24618
4876
18592
12200
14526
34220
16956
6822
3076
19432
4582
5740
8788
3602
16098
1248
18388
18878
3396
8806
96052
14280
16040
78440
6456
3678
68272
1044
12156
13646
6090
55872
19848
7814
16266
10206
13726
6020
2830
5548
3200
10790
4484
9146
7250
53726
7974
962
6172
13354
17712
36302
5042
19480
1338
12716
2662
338
15222
5890
4372
19088
12430
18726
84118
19598
49236
5986
3846
13594
6976
3032
56962
2838
18640
2284
73354
15392
9910
18134
19938
2762
57164
5746
786
11276
3772
4136
73868
4792
3090
19318
15242
66544
184
2452
18376
14408
11102
39188
17734
5460
85002
1650
13052
18332
83430
78562
11668
7228
5256
18406
9664
90656
4302
17150
2456
4928
16546
97226
3262
13256
4814
5172
18094
11476
19320
53456
904
4894
12264
9068
4868
84628
3100
48970
16944
2800
18326
18934
2434
13472
12548
88834
854
19640
30012
1674
59208
1280
42000
16048
42092
14274
9362
7538
21214
84620
4030
9254
3486
8918
6392
10710
9778
14116
1900
18028
61068
7754
6486
29064
10736
18864
17868
358
15390
17636
51084
16726
59532
15470
14976
3250
11712
7126
17498
29636
75110
11376
14932
13386
11822
15194
2280
43476
7368
86642
5270
18736
12524
19582
19440
5582
12272
77730
3266
4186
77680
81172
14654
1476
64240
29512
44578
19218
14064
17342
13370
13412
74
15914
10156
3072
9554
13214
10800
8392
72892
70658
4722
12778
16448
24
12898
10534
6884
15062
54706
12172
9996
44420
31918
17490
18576
1146
28782
7982
84652
11896
422
3304
40454
7616
1586
2508
5382
18310
89216
4680
4252
11728
17806
12938
16410
12050
8700
13640
5458
14248
5946
18430
5824
7868
124
2286
57590
77316
10968
9046
14198
4824
8320
5784
16992
8126
79774
11594
18364
7842
18552
33670
18348
2120
6668
5724
4954
17568
34470
4244
9326
11486
14070
9066
17232
19660
16704
14372
3178
10788
1488
35552
7608
15418
4892
6012
18860
90120
11684
10398
2658
6614
15062
69450
15200
8792
5996
72688
8660
86852
17058
19472
6654
15550
66382
7970
314
4958
5184
2052
19400
6132
6642
14010
6974
9034
14616
12614
6794
11476
39620
14018
4
14724
7158
11652
80360
4302
14768
6272
10890
16598
18980
17750
67514
62778
11790
5298
1344
6656
1968
14934
3790
4434
10684
83736
18186
4902
13140
18416
960
17468
7558
18168
2856
5628
5506
13966
13036
9276
18132
10954
4974
7404
16712
89156
3688
9122
19916
11552
53512
7206
7474
11710
7836
61240
77150
12072
39266
6106
66430
5588
11762
18726
39340
10810
1460
136
14466
92622
26472
11522
85820
19136
2626
12940
78590
9444
50984
184
10602
8194
57516
19408
83674
55266
18404
8384
11536
15208
2214
14250
54956
96530
58630
19336
8594
11312
3992
77036
11266
9212
13220
3396
18056
17368
30332
26236
14384
29594
17118
87024
59626
18552
12244
5926
13016
11964
6798
11956
20890
7674
358
6030
9888
72032
7636
16854
3782
87882
94682
1540
6184
19484
11126
15138
7088
67350
18992
19050
10024
15102
15542
15334
1232
12714
20462
4632
2854
1028
12780
12434
13410
6780
6752
12216
15534
77708
15498
2812
10782
2750
42514
14958
3488
13298
4696
7322
6560
11728
14088
17640
4284
54824
10730
1082
76648
7362
73964
14452
9638
774
77584
10028
8974
12398
2542
16018
34946
94444
12806
1828
85956
67370
11478
17092
17108
4614
14068
17418
6956
5406
3732
9104
20264
15674
10840
3466
14902
11832
8880
460
16296
3838
19716
6490
13904
15778
19060
8102
15728
17892
16608
88604
36722
1814
11584
7696
5220
29556
41052
13732
8298
13292
76770
16726
1454
16338
26224
90602
6356
3158
16048
7988
5078
586
82350
6986
226
19064
3578
17362
16240
17502
4848
8840
85150
494
13798
12774
4378
16820
19520
17852
64300
1330
19992
87098
35108
60398
1656
25970
32048
18012
2910
19798
13718
14382
17850
5422
6256
496
3222
19560
2422
7928
15802
6002
10760
85132
15962
96
5996
16050
4548
8108
25304
3044
770
17802
1788
6730
19512
13162
10328
18090
19376
8556
77498
10666
3540
17490
3918
40408
2570
16686
6906
11106
18636
20692
34204
14236
13902
6712
18504
18948
21868
10240
16412
11080
10880
3304
9690
15924
11122
20876
53586
8794
13480
18662
14740
2564
5670
14396
1252
38250
55742
86298
6688
83366
4846
1396
10646
1178
62232
16098
3252
18266
14280
4182
23232
138
8846
15794
69900
19856
3932
12658
10494
6850
6026
12920
9492
14842
2104
2456
17634
17918
71696
35044
50324
18828
13700
19588
17006
15652
64058
9182
12044
12092
11670
2384
12680
12672
16452
7700
2806
8824
2242
8708
2528
14182
6654
9396
75140
14528
19328
71716
19726
5202
19132
6628
6624
49324
34636
6906
7610
2918
7108
50486
19698
35350
7122
17532
5448
1752
18078
12094
14856
71080
16424
6608
24530
15292
13940
7474
13622
8926
2590
56028
456
25670
15282
52146
6382
654
8126
34186
22488
12056
6510
2030
38976
5558
2650
18648
73318
10952
7806
71548
45248
14918
63646
16302
18434
28154
4548
7076
9104
14310
13870
6882
314
7352
8514
18946
16292
8648
17228
18038
12156
12782
99202
33786
91212
55084
850
4510
11854
4194
18962
12184
15824
3472
15020
13944
17916
1828
5534
504
13036
8246
3094
718
2146
3558
25530
11900
3458
54268
67584
10724
48720
19410
13008
15208
6754
34298
12174
2778
6742
45766
15644
2660
4286
16872
11140
11848
2756
1450
16124
56306
17616
410
16548
16240
5092
17716
22772
14446
1804
18294
15582
6532
18558
6822
7594
5594
6944
1486
2256
17428
34820
11930
5136
23148
17984
644
4918
4744
9112
2484
3336
16126
5494
38520
11286
15214
37620
69374
874
14788
13008
35062
73552
17040
9450
88420
15406
86858
8742
68244
16650
2110
6732
6436
17968
2876
2536
2304
6344
10266
69076
3538
52248
2814
8884
55376
6318
9900
8240
17576
4714
14458
27318
16132
6480
49666
5104
1128
26662
15150
14684
10722
10120
14430
41640
1972
3500
66666
71806
15022
80244
14256
13670
6114
15030
13950
7802
18324
14468
11806
8682
14088
11736
18240
48
4418
18484
2970
7366
884
1012
1048
11918
73140
7496
45672
10028
6032
14272
3686
4842
14002
10804
5872
10304
84216
14622
18176
29258
9288
9394
3984
11428
82728
45474
17532
8196
17908
17712
12372
2334
56234
16226
18144
1858
17818
4314
20650
11178
14484
19512
11694
17410
68794
12420
45630
5032
8482
9268
220
64488
17320
570
8846
18100
4684
6742
4892
8084
15272
18036
4184
85136
18514
19800
1190
52602
32480
258
40614
11950
2148
16240
76152
8428
11130
50954
8384
9352
16484
15742
2674
6076
81498
10698
8152
46074
356
45314
22476
2986
1808
99634
74356
5386
20598
9830
188
7816
11474
15610
9056
14262
19504
94692
14446
7362
15786
7858
50114
6886
3914
92
9806
54032
17048
6790
1246
18156
17652
92032
3280
19802
13584
1436
19852
19826
18102
14270
1920
12308
18646
47944
18698
11952
13554
5676
17720
10522
16386
6282
14250
886
87040
9984
53288
17094
9188
17220
7318
5564
18324
9380
9632
2394
7122
9126
27882
17780
2626
25050
18068
59978
17640
2998
6254
8016
18870
28994
81252
15786
13004
89336
15706
4004
11090
97426
92762
8230
3050
5220
1180
3232
10482
5614
94190
41268
7506
278
16534
14318
11180
3328
31598
5336
5518
17936
4262
18442
8970
18522
14384
2510
16350
20974
10682
9990
1192
16708
9552
4376
5166
10224
11340
1942
2872
16312
17492
2972
12664
12998
1856
11630
2044
8040
11364
8162
13464
17500
15064
18062
11726
4444
48562
91014
86008
5498
12370
67572
5270
11206
18538
3860
6904
24232
2454
2416
9894
91152
362
7500
3000
8988
76188
14268
2216
18396
19190
2922
8936
8194
12770
2882
48146
6340
3024
17974
17752
2410
19210
19140
18078
11018
54270
10074
19328
8758
7886
16504
5998
8552
17726
19538
19774
14382
65788
10386
15770
19848
1014
94614
96654
12136
9524
2038
12208
11394
16162
34662
32290
4500
4048
660
17456
67826
15970
17804
83596
5534
17382
9108
4224
4278
8776
2046
12526
3464
19678
19406
9822
82388
13872
47774
12790
13750
17530
10290
55426
76010
13184
672
9036
4870
38704
2648
4094
61688
18554
6194
14
11598
20500
19768
13522
4854
8252
15182
7794
65236
13208
7956
9774
1674
79598
47470
11032
9810
9704
1772
19204
86582
17422
13184
9092
2582
44096
19136
10074
62674
18242
19482
20324
13274
2676
13770
4176
59204
170
16486
6958
12584
17002
5424
7682
3524
15136
10128
17058
8922
3396
19804
14772
8440
10028
6230
8038
2910
9276
10036
12518
10780
58916
3174
9538
71804
236
14114
3600
3606
10930
40850
12622
39480
33508
9490
19020
17626
952
16378
200
13242
16412
7370
11112
31506
5810
17516
4360
17970
88630
53940
14480
69714
15126
16672
702
18946
4814
10106
4632
86286
48606
8390
3566
86738
7198
11148
70958
5366
1032
14918
9280
19864
11236
11644
6880
14274
19788
11036
18364
14350
47962
3582
89406
19694
5620
14044
10432
24608
12134
3854
3410
5590
15304
49528
6444
17146
14262
3122
11272
4788
17312
15762
216
14226
5330
8708
18806
14696
17698
70118
88
16964
1398
52486
11984
67446
13178
5472
19214
11958
53962
328
17370
16090
8758
1374
8760
16936
19506
12896
12536
6336
6600
5010
2176
1758
8648
2980
13318
91374
18850
5180
3268
12206
6142
8688
43240
73334
18820
3640
16454
13558
10850
19936
5544
10256
1454
94034
9080
17188
3724
13292
1804
39004
19790
15920
9504
2458
2240
318
22342
11218
19322
16758
9136
70274
8972
5536
2562
2090
62470
84232
17310
7158
13458
9662
14738
76890
12930
962
87846
17026
66
6900
6360
58518
6110
18896
6498
10868
8596
13550
1272
5330
43656
9686
6706
9080
2392
9460
2422
8296
3754
11106
81252
10794
4668
66120
14250
13970
4942
17714
15880
14030
7482
2492
5654
5138
17830
3414
15442
16220
15044
15804
7524
18360
708
17226
19228
15850
13210
1620
14004
84876
7630
12140
84186
98
6998
6418
58818
8564
3830
12602
81772
1816
51836
11400
16428
5804
60718
4988
13940
294
41098
5932
19402
8250
9796
4848
1454
14
6468
22598
72830
50850
2148
17788
674
3058
11866
2544
19126
75848
15736
69790
7494
11626
72586
4768
19216
7858
2110
1292
7180
9506
10360
18902
996
4378
19706
962
15168
8192
89826
60234
13564
13974
5302
990
16472
854
15418
6752
12478
53732
74230
18576
15566
5116
11854
43888
5382
14946
12008
5068
112
15710
25946
16328
8408
7542
16484
64470
4652
16700
9524
304
16322
12860
13686
13606
1158
7630
3214
47700
58270
13974
13196
86488
15260
9396
10384
9398
79624
4966
7314
31792
2076
56680
18288
8710
17214
14420
6658
2306
2154
3304
3936
8962
6800
1048
15554
13808
14346
14230
11424
11408
15992
10292
50666
6420
6170
13686
17702
51002
18002
10026
6286
18066
7140
3364
14632
1094
2906
22152
13288
83804
8638
14538
37126
3438
9064
4682
6536
6882
62596
15866
13800
8612
52172
8052
11280
7076
98530
5166
13122
31980
6036
49590
12666
34362
94396
12098
12934
504
48940
9418
13432
5790
504
64464
48102
16060
15736
4222
15222
2086
41776
1552
18794
7872
21592
15842
18184
13604
15694
67222
1160
34702
13342
16130
13334
12228
11674
97884
11426
7198
3436
9188
15154
14060
9552
8490
43022
4420
2696
10222
6692
10004
2888
43260
15154
4792
6800
18470
3254
11288
19808
15766
12928
20606
4080
17062
3506
14694
990
12744
14008
11344
10088
288
14094
5182
37158
13986
9488
16828
8896
11200
91038
11580
12670
18400
5146
12146
5178
9768
14786
11930
16442
4226
81030
334
5570
18726
63314
2826
53624
16560
12650
9966
8970
38688
16066
5518
3382
13528
15202
5806
10792
90662
29016
9920
15084
8412
14722
6680
1056
398
34666
15488
13670
7458
6462
13644
15454
7506
4348
53978
14478
18750
12310
50626
13448
12154
12440
18934
72106
11080
83694
1960
2996
3476
13840
4162
12166
1906
9512
4968
16506
17254
8680
24370
8778
3502
15974
6810
18788
7540
14980
10862
36450
11174
16764
16008
88
2836
12906
6718
12408
2124
11018
9652
17956
2934
10494
87652
6856
2362
6874
14346
23664
64320
9762
11494
13378
2246
9088
6848
42944
18160
3090
11390
15816
11242
14408
18954
17262
33704
18960
19682
10030
16336
12516
78770
6044
5674
14954
15764
7764
49086
14110
16378
13698
14486
15572
11704
81754
17000
18416
1492
17478
87302
83630
16052
10302
12300
18484
5528
19620
13928
9906
17390
17816
2874
12562
5288
16104
6644
32680
6498
64914
13814
18686
8402
18728
8706
6366
13688
25284
3338
16358
2024
62144
7036
346
5652
81358
1062
7736
87358
17960
15580
2168
17910
19854
4724
410
18142
19018
19318
92596
16938
79022
13232
59414
10928
8876
18364
17522
80092
48984
15010
18004
41630
17604
13172
18858
9204
2094
11198
17612
65816
5518
13842
15480
13752
16538
96872
88
6732
6598
53026
14554
12226
6320
19872
3054
9220
7546
64240
2698
15038
13516
32712
9234
43672
2046
13754
34620
19238
1150
7244
4804
27540
6814
30098
4768
8254
3582
12068
89860
11406
38818
19812
3720
90044
1684
37588
39322
8748
57438
17550
16514
17278
36808
66882
7054
19062
80434
7726
684
66546
11234
73460
17678
3712
630
57948
5542
41652
87878
14744
75376
50676
16904
17006
7036
11918
29850
79652
3998
7134
12720
99080
15178
17396
15382
1704
23992
19178
2256
6032
32328
75196
45480
32946
5512
5348
17098
5294
7474
3282
11996
14096
8902
15800
30554
19754
40472
25806
63430
41990
17476
19736
15432
1592
6472
11712
13518
13712
68390
1548
8050
12238
10960
9260
18828
17726
19020
10404
14500
19330
2152
5570
72636
96292
5030
1310
67372
1522
2798
16234
1136
11214
13244
8276
3892
17830
1194
16624
9320
36524
17868
16390
13942
8268
10938
12556
3318
17950
13002
8698
5982
10144
12108
62416
31310
19890
11096
12102
6038
4636
17962
38672
18080
6590
66448
16482
1976
14932
4036
14680
12980
81676
16372
3416
15636
83566
11492
296
19546
12426
12476
1260
15708
166
12344
5024
13612
14778
10850
8600
19774
16280
14656
92068
74516
20506
6824
13980
17726
13984
13672
19438
8874
18550
6604
2202
37592
1790
3216
1842
22736
10198
47240
7132
5072
3944
15078
17070
84912
84
13580
15706
11382
6626
13464
8550
2842
6710
19556
6232
17030
9138
19094
10522
48162
17978
9226
28836
18394
10822
14564
2658
19254
11884
9680
4806
5824
12684
11158
76652
13464
19692
1988
7712
6216
17176
258
12516
89602
19390
3022
5476
15930
14340
12528
6332
578
2932
40866
18870
69290
1214
96786
38588
10244
6300
5374
12506
3626
3258
18616
54568
76378
768
3574
7362
26096
9916
1108
4274
10236
814
9578
280
49762
17788
2010
1622
19526
13942
17218
8264
9824
10638
1500
17572
16572
10124
9538
12208
19824
860
15598
56044
65938
29674
14334
16612
2398
9742
1782
10182
5680
66840
4244
2478
7844
342
6900
15264
18832
10554
4856
7534
13992
7352
15018
2116
10476
19738
7794
11746
9392
75488
10368
15718
68990
72914
2604
426
4804
18308
18182
7870
15782
17544
14872
91858
24148
9162
2982
10444
17544
1090
92422
6978
3738
1658
5330
14360
7536
10450
98620
31790
19728
6468
85382
86672
6770
17232
17486
19308
36352
19692
282
5750
77684
14262
8248
42106
310
19722
32098
12356
16426
31260
36320
18508
10324
16216
6616
13816
1154
24592
14244
17180
78906
14792
88102
36770
4006
13878
5012
6656
8878
8470
50898
22906
87630
14556
3528
11406
14822
63104
13686
3546
5004
10920
32656
18826
13580
14416
14506
21884
12014
11508
58840
16226
13404
4702
5212
6530
72238
4780
62462
17894
34608
14558
24114
57510
6406
16302
9582
1776
8306
7168
9874
11514
19556
19554
7260
14256
12004
7512
5706
10386
1898
1428
15190
10114
13558
9054
16956
17358
18618
65486
18686
2532
17580
94894
3718
10800
52290
15414
7576
3556
19496
10742
15726
17572
612
80630
11768
10168
11196
6140
3920
15274
5970
4094
10692
1182
14528
4292
7022
18586
1500
13336
65308
4512
60694
3010
15204
960
7640
96092
1734
8398
15616
16216
12960
7100
22984
80674
42980
12422
14740
96372
8002
2030
18150
14738
17384
366
90200
15156
10186
10900
3794
4812
19110
56438
13282
17678
10544
14516
19180
4290
17878
3196
13974
15170
69942
81988
18630
10536
16704
17392
5788
76220
14778
13350
18380
16250
63514
16910
8758
6130
10940
1068
17592
2104
7502
5608
2296
10952
3688
18172
13152
78016
14234
95502
9784
82584
82910
98554
7072
14780
286
4388
19432
71372
80694
51054
1348
12074
4706
2506
90904
6136
89940
69956
14010
88680
11304
42178
23794
10122
5236
18248
3614
3794
75634
23818
10166
88326
7930
7130
6356
14808
14760
94866
8188
15948
17282
9232
17696
1504
8102
98660
5990
6926
12578
4608
4058
5972
1232
7698
17856
85650
70766
19936
9310
7474
45234
9974
4252
16594
15872
31492
5330
7696
31572
72112
10680
7776
10096
14412
8762
12980
5214
9672
2922
12926
77136
10388
8478
3298
6712
19910
9150
4092
4048
16756
3816
48444
41988
49782
6970
3322
8780
6572
5202
3642
40516
9882
81132
11510
12564
14722
56728
35808
3368
4080
6974
4898
11338
67534
22518
11206
1410
9298
11430
8604
90566
15936
8718
9050
19624
13260
37162
2358
19682
908
16680
57076
90054
8424
2394
16144
37486
17126
4018
10414
6504
12310
8606
10338
93892
6712
17540
14268
2820
6104
956
5188
15520
9924
20162
41546
3358
16710
3940
3768
1050
19280
94022
13884
10502
12422
6518
15476
19650
35900
15718
72046
15632
1024
14734
16500
14532
6174
2442
16552
13208
44054
13392
15452
10460
39240
19422
15556
13618
10362
14838
13100
13274
3358
1024
5170
3174
580
2558
14218
24882
14830
16952
18234
24976
9916
186
9820
15990
10138
12708
11832
95190
18408
18154
1796
1502
19672
13200
91056
39828
1996
16192
19340
3326
78234
53912
67776
6682
11980
3048
7104
56348
12052
4946
5750
8618
14524
17288
69368
4814
99878
4818
56266
9946
7904
18422
18892
2200
34558
9408
12028
44172
11480
4970
19260
74634
13820
7302
16374
6494
28302
3092
18276
14122
17700
9658
1218
2386
16924
11768
27790
80796
9576
15074
18288
12964
8276
72328
14618
6044
16318
96016
3550
12992
74566
16528
17702
3012
8990
10054
45800
4282
16526
5002
16214
15662
794
1222
12722
8098
76232
714
9846
18774
92902
1562
6798
2984
89500
5566
3338
3896
50124
11620
6456
15492
1422
15444
14844
10800
17388
5820
15404
19422
11922
17710
15968
33568
21516
11614
10498
19020
10692
1914
7030
4006
8942
4564
66878
9328
21760
9226
96396
51538
78642
10962
11828
5568
14808
12798
82790
16570
10436
8904
49082
7064
17756
6550
45734
70094
264
8366
12314
12194
69528
1888
16360
10644
3100
40896
18628
3424
56336
9586
5736
232
6598
75234
99820
3752
1354
83894
1036
5790
1578
15050
14974
5112
4176
8972
2564
4822
8042
8298
7070
35418
9198
15360
13216
14052
13746
10860
13596
11044
4238
17494
3972
3102
41968
5114
11914
14502
2608
19886
17632
97700
6680
11448
13126
13016
6086
11500
6602
13278
15494
83600
9920
19670
48980
2132
8888
19594
19754
9848
6606
2778
23708
6356
946
10974
3658
7740
10960
3918
9458
5974
75228
17706
3856
2238
76134
11218
8534
11844
5802
19342
9560
14470
16468
8072
9454
39618
1076
2622
3976
40106
1074
7232
1064
2544
19670
13286
51442
9266
16058
10258
7990
2432
11256
9360
66508
30978
12302
15084
8810
4440
9720
8106
87860
98588
11742
630
336
7000
15302
8956
16244
18948
5242
75916
3184
8968
13686
12980
5454
10448
44658
87470
2134
11510
1364
15444
12546
5320
5984
17334
14936
10412
71452
8846
13210
2736
2068
1908
62
2514
5232
7886
80484
19496
6410
3972
8862
1714
40050
16604
15414
756
4000
19554
32630
15576
12694
82032
944
2734
17704
6112
7474
5718
64244
11706
1590
28894
15124
11102
10452
630
19808
15868
50870
18314
4558
9650
14246
4350
16494
7430
8820
10950
15158
10582
9414
46194
11956
86396
22614
5516
8344
3146
79620
85322
15304
434
29740
16468
17810
9388
10352
182
38672
12438
56148
15446
95618
43826
19444
4812
75836
2564
3790
16144
2924
17002
33044
16534
11734
4488
12960
19952
7332
3686
9370
14636
11924
14290
30632
16120
81238
2914
14180
18898
5056
318
65210
15818
11940
6790
40126
15272
15816
57568
4146
4388
1142
70678
93224
3408
18144
16966
88810
6170
17706
12954
18764
8298
3808
13452
5018
4788
2498
42294
10772
1858
11714
11824
15914
12870
86668
13188
14608
18762
18690
6408
5804
17024
4752
18110
6764
16644
19126
88906
4616
8572
24206
6756
60074
8394
17634
13848
19822
42478
4730
16126
6308
54234
92662
10144
17088
9706
6984
5446
48160
6616
15862
124
18706
5536
10770
15390
2756
16434
14866
2466
52804
93040
65586
1764
13750
1018
14866
11610
1996
3282
16112
1632
11320
19742
18464
1044
42160
80184
5530
5020
4206
7974
5558
2168
24646
6966
576
13086
1840
17316
10448
19230
18938
29310
10906
14270
14966
1606
10284
94572
14540
6900
4618
48364
1202
18784
15592
82130
14468
80180
12044
40
7902
32398
13912
8182
51916
2174
13298
39598
19488
5506
6210
35104
75448
10614
60734
57496
9176
8706
4680
45336
14076
71286
3490
16242
11448
71470
69146
75782
9916
52926
1454
6820
3844
5396
16038
85728
7066
1498
9462
10024
14964
32842
15254
8384
13750
5816
8270
27072
930
6764
17258
31424
45260
15546
9266
56452
51754
94480
16678
8378
9036
8714
42644
14782
7952
1586
17914
3896
67196
16848
10054
2922
12252
17786
43290
92244
4628
576
65370
73408
13358
9556
18646
482
5942
498
16556
9928
6604
11624
11934
948
19674
12020
8310
464
3452
3630
14716
18762
41152
1130
12786
20270
5148
1652
51440
9058
4904
1396
96634
3814
2784
18818
13832
15242
1416
3566
90110
7010
61602
2830
9422
17984
17792
6458
33466
17204
17334
90972
18510
7736
15064
7116
13500
2948
4640
11078
14198
12874
6786
18008
308
17422
1478
10766
43048
10326
89192
19460
32298
5312
16924
5830
14880
53086
19084
14934
4720
11122
7968
2632
12626
9326
14370
2394
10260
7848
16450
12000
8786
1490
16488
30590
6312
12244
12958
94666
3664
12070
12984
4282
18334
40238
4694
2920
1822
14886
5302
4308
4372
6422
7080
5264
796
13418
8992
14910
18310
3734
73876
13246
5582
11276
16626
18070
2646
11482
11928
5316
14592
13904
3946
764
11136
17676
3944
5188
16694
57664
32896
11448
17178
3374
7276
19766
676
13408
6496
3620
6588
15414
11710
6914
2720
15120
10638
10508
74716
76276
15272
8690
99964
15486
2348
10224
16228
836
11058
56150
5748
10688
57078
19026
82336
11636
19034
68830
10080
13758
5706
11250
19858
44414
9864
4340
90280
17880
4040
75486
19718
50308
18880
11412
7952
6556
7466
19378
13462
3374
9358
8274
4548
14002
2200
55244
92204
16238
10300
15938
10690
3442
502
11192
1292
7456
9528
18972
5136
11514
12048
14842
28056
2016
13648
1346
89864
56236
77086
9710
65470
11954
19068
17890
756
46438
11104
25388
11024
2810
18324
5050
660
37184
13850
12388
17174
99286
8202
99640
4596
3272
4614
9124
30446
12894
13802
14140
15628
5964
84950
93480
4202
17696
13392
33140
35942
7626
15326
31858
16918
51442
15264
6146
16728
13414
79022
1896
6358
3890
18444
13818
10108
7792
83508
65992
16928
336
1790
15256
97706
20544
1392
15374
15112
19504
98620
11704
18144
8322
8532
56310
15952
4908
17396
3376
9252
17914
5740
17420
13540
3730
32604
19374
13358
19342
4430
18840
11118
10624
5556
23288
14198
86378
2656
7758
74240
19198
4094
4022
93880
9668
4004
3868
10390
16130
16834
8276
18274
6850
1496
130
17094
3718
16308
19128
6232
8198
17442
7126
2962
10012
886
15444
1150
17222
2056
9688
16592
6202
34312
13004
83044
92966
77174
88602
18380
13396
2932
112
1216
77798
9782
3472
24116
10508
14234
70248
17972
4222
69778
20330
18772
1736
9184
31674
244
87022
18666
73764
3960
38972
376
9360
57168
14408
71390
3200
10542
2172
16094
15566
1070
17002
11330
5046
8830
48426
10112
19868
1434
9866
13554
12220
9366
18068
44708
12772
4854
4500
13138
10094
13878
358
12296
9298
17142
97536
16304
2554
12620
24252
1010
7706
16396
11294
4054
13272
10650
19174
15602
228
5578
6914
17994
6144
17780
3104
7332
1820
95274
124
5594
11766
41678
9818
8684
19972
58710
73056
14094
9718
17382
7904
1730
11454
4648
14466
19874
9416
19286
7852
2828
65928
4530
11198
39200
15022
5480
12354
12648
17198
23222
19152
11644
6424
52944
43652
80688
11950
46182
72236
4944
17294
16614
6280
12572
82966
13304
16430
6970
42612
66020
15812
19552
11674
18514
19392
18962
9630
15742
15490
49012
64
19050
2264
9248
90240
42882
978
5526
1070
93666
13286
6980
13994
3970
3536
14952
13338
5318
13034
11506
17510
10872
13412
2040
1344
16532
15984
58870
2732
18736
16060
14308
51210
14532
7076
11364
19048
26786
1214
13418
12388
98038
3156
38046
12874
58844
12464
1696
8846
84100
4584
16780
10560
91092
11662
5910
12326
24368
74526
14910
16662
17960
17734
19456
10334
7844
2686
14118
68202
4244
83794
19236
2244
2362
8600
72802
17618
3100
10620
14704
17834
15024
6210
14870
7254
13450
16784
19750
38908
18960
3440
6100
71950
2838
7312
8426
13308
19124
5992
1402
70472
8084
68186
11800
9766
7270
18110
14012
11730
462
32540
7784
9384
55302
10096
52
57742
46722
4452
75616
18268
17268
15838
6950
13554
12896
44560
10670
1546
14570
15192
14768
5166
9780
12996
706
16412
2988
2560
6194
11030
7960
11982
3324
20106
8688
32644
51084
5880
10726
18214
15898
15664
13024
4618
17768
11472
56876
13042
43174
3090
5722
3442
53106
18970
642
2414
76354
14000
15648
10940
2902
18254
10126
45578
15222
8284
9006
4046
1596
4404
54480
12896
1712
42726
13188
7834
91744
79708
12584
7406
3848
8280
7956
14932
270
1356
13498
9362
80470
7002
3300
16378
17800
11484
74832
46600
11600
6248
2542
12584
896
69734
16666
10998
9214
18200
14812
4788
12304
8704
18554
7546
4702
15844
11462
48490
5834
57660
5284
7660
10624
13360
13614
13354
81468
370
5430
10128
7708
718
11616
4506
60826
13594
19014
7420
1888
36018
524
12864
5060
39974
7508
462
5448
2320
3360
16252
6644
19518
19204
12146
17994
3194
41950
45264
18274
34990
1846
66778
2720
2148
4820
3632
7214
5380
6610
13962
17102
3966
4828
12020
4428
73416
3736
1322
896
13142
10012
4458
10692
1036
9194
48252
11240
18516
7696
2918
17880
472
15898
19966
44068
14790
2498
17792
6776
74274
8614
1860
94848
748
19964
9904
7704
1948
14218
3666
86828
14996
3380
14894
5220
11756
30826
19706
13242
97878
15568
8002
14818
15438
6242
18982
4620
21298
83216
33760
15936
73630
7926
38032
9832
15874
1140
12900
1602
12944
3238
65082
1110
10560
47762
10266
6280
12352
10064
84496
13286
9012
14518
19734
17490
19900
190
18168
85738
12930
19688
3944
10058
5726
30984
2344
15492
12226
2894
46280
15024
10288
2428
2064
2208
13442
34188
18266
2730
14514
75458
9194
72706
2710
2440
1602
12502
2974
9772
12922
3660
16948
4866
5146
5018
13690
1064
8560
33468
5734
6322
2994
2232
19458
9062
19688
12728
5008
13002
3498
19644
6204
14244
10058
9318
8570
37374
3654
7198
15822
16166
11738
12814
6714
16564
1288
12624
11820
32192
18530
10344
19658
10616
13682
66954
44694
5902
14892
546
16632
13376
96442
106
73744
76218
8830
5542
4792
19312
13876
47184
15878
1864
98286
7658
15446
14220
7940
5192
1130
11396
7408
7786
12122
14262
8982
64994
3392
35938
18740
6492
16844
14264
14622
6050
19000
61248
9598
10330
14376
9780
15562
6234
10808
11174
40
9936
13298
432
11164
14874
18236
13292
4932
11278
98888
31910
5434
10562
1074
12630
19348
5762
16528
77136
98288
90362
13852
1596
6870
4202
2838
7856
8490
5218
10858
7336
19780
17728
36934
17478
18688
6248
13242
51194
19074
8384
1582
9122
46818
61812
19156
18800
10388
17218
33928
8844
49754
12792
84530
15702
7762
7498
15108
56918
2654
17748
12970
17360
18636
7294
1496
17810
98384
10812
19286
14554
98338
12560
43218
52244
57514
1074
18818
15172
7790
11688
8844
93328
18176
17842
19972
17082
7708
14556
26126
8808
68488
8514
72076
95634
8342
53102
56576
3950
13572
1860
1912
16368
6382
8080
6378
1904
10520
18082
8626
828
16286
13386
92342
19324
1158
14892
9654
8514
2332
9042
49736
14332
18528
19192
14598
4558
15794
7780
18264
2654
29654
62314
37542
2630
9482
12468
11992
8244
9654
3114
42042
10696
18438
73178
8802
772
57540
94008
17802
12348
17584
900
33944
46678
18106
8568
11840
1916
10900
11102
19248
10504
12680
19174
4340
19628
19904
4228
19088
15378
13094
54168
14550
1254
6036
10172
8520
11378
19112
10280
11386
4084
17350
3072
65918
3144
17380
6168
6504
13630
15504
14740
3986
5760
11594
2060
16526
4736
5628
18732
11206
1972
14752
2380
16094
13620
424
6384
8114
85904
14408
12308
18506
14530
5884
656
12228
5052
15418
19728
6016
13068
3704
7526
71862
2346
9460
6556
17626
77552
3612
16436
19024
11558
1678
9220
15064
31900
75520
3606
12004
15982
49572
12340
1132
8258
4100
7772
11286
19064
56484
16702
19900
8520
3120
2978
10448
2718
2470
16320
18662
19840
13580
55334
99546
16844
420
15434
8258
3330
95786
11168
5050
9180
35792
53002
29034
98210
4470
2216
17346
10902
3036
7450
25556
3094
6958
18454
97468
7176
33816
68902
11116
13218
4928
47272
2172
10336
18992
14726
67120
24520
53818
13324
15288
3536
82686
14350
10222
85812
68
13728
80904
6272
15326
11042
69286
21612
198
9364
87146
14734
40548
540
15348
16398
16428
18496
19628
1886
17414
72620
76246
5926
15024
5908
33340
5652
13460
17342
15130
7140
7306
7534
7230
34846
12002
56330
17916
10692
8636
17792
16534
12234
16524
19304
6856
3940
63016
16164
19384
32298
9676
83384
92234
7136
97518
3324
1258
3670
5594
11866
12822
5994
10118
18138
1024
3276
15978
1178
39258
19510
5820
12876
13652
13990
5118
18582
65184
5518
7704
8024
3310
1628
4278
12104
928
14544
7678
8128
4168
13860
3292
15338
9930
4962
15538
17962
19862
16998
10768
16940
1548
1016
29742
5176
14632
12676
524
16284
12306
706
614
522
54816
16542
17488
8580
7400
15394
15076
10572
18486
17126
14678
15712
15622
19338
4946
3450
3066
4724
59900
12814
18710
10698
10472
16812
2096
9172
14172
2052
3708
5740
96458
16118
6294
6626
74434
10964
19776
87100
85448
56908
4420
47476
11732
61798
17052
3580
18632
4292
34
24224
1714
6970
8106
18018
2602
2200
67202
17582
16128
18924
14186
16214
67136
4480
9038
7830
18030
4962
19958
7132
4680
77796
54810
3176
908
36918
18360
7434
1002
16260
4520
988
8866
1052
14924
7282
18670
64514
14896
41716
2176
6720
6162
68022
89314
28916
74390
10886
79532
5664
17418
12432
7560
10952
7532
5412
8874
1094
18702
10610
14900
11702
15104
81076
1242
96502
3268
3274
17872
16668
6120
51332
18442
5544
7140
6686
10284
14342
29456
10872
6724
4112
18370
11748
1130
7496
2560
11346
1386
3550
38964
9842
7282
8430
20576
16112
10296
70342
7886
7294
6276
4394
10396
1436
16618
10568
18692
4430
3916
46776
19004
56
638
708
7406
8334
14612
4414
4228
5184
984
14514
3734
1882
89090
9300
28022
8712
41580
18488
81522
14320
12266
7612
3910
268
3162
10406
19776
4924
15356
12184
15988
19910
6598
10830
254
6094
17554
5184
6134
2862
55944
34040
16660
4944
848
11112
99474
18998
7086
9622
8898
8100
90982
11034
31450
19698
82916
5782
9382
18314
10828
17932
13134
2440
18360
19826
3748
2952
788
15262
27746
7412
8756
11494
9368
9422
36138
18120
9842
8492
1630
57340
59878
2128
10150
15974
4522
12526
16074
3200
814
830
56866
19044
6310
16414
19960
10780
49222
236
10320
14850
5382
19186
18390
3190
3478
14396
36850
7878
16656
314
482
32038
60416
6270
13538
16426
7862
17558
6578
4308
10116
13588
8668
19396
9264
99070
82096
24438
91662
21336
1634
75562
12386
8434
19756
13378
9712
67716
7330
15928
16258
4040
1934
3232
7392
9880
12520
18924
6582
15552
97454
14870
19964
15460
9202
40070
3680
64298
2224
7384
17512
7266
1848
25348
8578
8892
3120
89732
21942
2312
70214
51004
42082
19240
6780
3594
99904
12664
14516
16414
1676
19882
11470
4082
16874
18876
10024
1926
13658
59632
2562
11886
13516
11086
10630
72022
5326
12346
12394
1096
19022
12608
17418
1912
4916
66532
1574
10048
16424
14990
2986
16642
16908
4770
8876
90006
80148
12666
7550
18690
6932
13976
73486
19284
15532
28350
82810
11104
23486
33708
17240
8900
18652
6996
13344
12054
6590
19952
2890
13076
7306
3748
3574
21916
12794
18606
15172
14664
6832
19074
13498
17140
18694
69594
16354
59772
1320
70884
17504
10568
10422
4196
9874
23866
15814
2332
16714
17924
3436
16598
19390
2234
10812
15258
10898
17946
18338
10892
10260
2832
1552
8360
18528
58004
12330
13232
15712
39430
9260
2748
15326
7876
57462
2100
64132
2784
4418
7680
7002
7114
9638
36560
16646
62948
62116
10382
1828
6294
15610
3356
18724
6596
40032
7320
9938
48446
13916
11616
2944
19720
17198
80220
84114
16172
9804
5556
12604
19268
2632
1870
97386
91188
164
3564
6598
4616
1376
17962
17402
16584
386
5730
8418
68456
5738
16164
17308
5598
19642
11380
76706
18048
19666
17808
11836
18944
2876
17998
57190
77758
87032
234
5940
64402
16362
3132
8720
15454
6584
8380
12386
1300
99560
90382
7836
7768
2892
18954
79088
82800
18874
5058
84192
29840
78976
19296
9986
6898
13526
96532
7246
51672
14700
87448
12356
31638
19430
57210
14158
10878
79874
15908
4438
11508
7276
646
10914
884
16284
16308
30326
19962
31968
2916
19332
19206
16574
19998
13744
14250
5842
13508
30226
14616
3062
2130
1492
10480
412
2826
9030
99256
36998
18550
37170
2756
16626
3776
6488
14990
15840
66792
94672
762
11372
60492
11292
57580
12018
55848
2992
4286
4586
5768
18758
15722
13782
5622
14986
5072
41778
1484
81500
23750
17062
64156
4380
42056
11110
72456
3694
148
7796
15570
14586
70468
14070
2836
47506
6718
19694
3990
95838
8520
8894
1356
15746
12684
13776
43390
6320
6294
1920
19742
15496
14026
19910
15476
37302
13392
13880
3850
4906
2138
2168
13382
5384
19110
10186
63684
15866
19774
3098
3744
7236
5322
402
16700
4086
2608
5078
58054
63678
95868
34356
19524
13646
8596
5592
18696
17808
1178
31640
5534
58264
95722
12644
10996
13148
7958
32046
13992
5902
13750
15220
12420
16794
3252
43352
2204
9056
16792
4426
8172
26648
10990
29266
1602
9028
2684
100
16284
8792
63028
1786
12368
19582
91766
4526
9050
63732
15842
20000
10608
13078
3588
19070
95864
5142
1108
18250
15986
7964
6338
13614
12030
16800
15912
12040
8460
6100
22090
98450
49938
61192
4860
10454
3258
43040
15946
79212
5674
38974
13108
23496
13538
65084
24710
17292
16616
14406
288
22016
6102
9386
6734
11332
12156
14504
3546
38388
7450
7694
19592
8774
19178
7692
14474
16714
9332
84632
76552
2660
61094
15172
11610
2732
2496
2584
19640
16334
19730
11246
9098
4412
9268
5298
716
17340
79188
9552
4116
19514
58550
3056
63704
17374
3628
2342
24654
6808
474
12756
6476
17722
260
1374
97370
2744
6934
93152
2018
4564
65320
13484
15152
9394
31948
3984
11618
10082
8690
8112
11440
16956
29150
4508
17270
5602
15332
15070
80456
39730
7518
16428
17032
28240
17520
83564
15174
42884
9210
750
34758
19384
732
8610
302
12188
4876
50534
34978
9080
17866
17518
17610
6388
2458
58738
9320
10314
7260
5496
96536
18374
7254
2120
87276
29196
7700
19772
7156
6286
6532
16928
54852
61602
9776
89476
9706
16572
11232
98438
13472
10184
14
14348
7736
15128
39776
5304
17344
12036
12484
10448
10812
76120
10732
8774
9782
8258
1498
6114
19596
41364
12812
15440
16860
4650
17512
16106
6908
18754
444
9980
71290
3736
9704
40188
14316
8326
530
3310
17160
9638
77774
14394
15140
18754
1432
5228
4144
13964
7246
1832
3676
13080
6732
16926
924
1332
7714
12642
24196
13184
11334
7826
15080
13126
13094
21580
54432
10636
95242
7160
96218
4510
374
6156
14422
4000
44220
14596
8602
2786
17372
84974
5488
18700
19144
18180
44048
7906
5750
11114
10644
57272
542
6450
11732
8408
3112
19182
15384
9594
1414
15796
18634
11330
9186
2910
19646
30436
1488
5658
2192
12856
10838
16640
11296
7966
19558
39294
17232
17870
12734
7452
10314
16852
8262
12192
804
15520
7150
5614
52164
31912
34418
10056
13156
5114
7426
9136
18644
13006
82830
13980
14292
32134
26992
3792
12254
3362
84418
12248
80654
478
18362
11724
16658
38248
15154
584
19330
3256
8278
9056
60940
13804
616
17396
20978
2670
14114
12352
18478
11298
7904
17506
454
294
10210
2438
7828
1382
15340
6550
5768
7518
13016
9900
18876
648
72370
8498
11424
2170
8958
32012
19298
922
9766
64336
5236
82720
6234
14910
17546
17674
19820
40340
15342
42648
7404
12174
38018
87626
41004
56262
15390
6668
4022
17040
13698
16842
9152
12980
5592
8406
18468
3534
1922
17126
7304
3540
18756
7526
12114
10138
284
87130
2194
61440
18544
85654
3188
3502
10160
11664
14884
17526
7544
63874
25086
55138
55132
13482
16006
52408
2802
99942
452
4294
15514
13648
98270
3212
18112
4826
88424
31632
14950
9758
70766
12424
11850
7786
3412
11618
14180
78604
1478
19296
562
14242
19662
15430
32442
85566
8588
8490
8640
11524
70864
9650
9678
19222
16148
14312
13392
14592
7968
4810
534
9106
6752
8682
2302
10496
12972
9790
52952
9178
19872
37646
18094
1104
21280
4392
9952
15306
2662
9950
13850
8394
38292
23194
15852
11138
3268
18636
7136
5984
36146
13054
1910
19640
19722
28126
14172
15940
5066
15630
69130
238
9208
1322
3280
93470
9230
13666
12152
5074
53806
12940
794
49180
8290
13218
81154
42688
19074
64674
11854
10812
3252
7648
3254
73134
36826
17972
14574
17324
76340
25246
19296
19032
4556
84092
320
97316
3660
19770
7984
9552
15140
6724
13802
6568
1042
39038
2810
10592
3822
18658
10032
4526
87890
3922
1304
73652
7510
42472
5584
82304
13548
4800
8038
11284
9002
2222
7476
6848
1726
12474
15428
4086
7472
6588
7022
36452
14112
7290
38466
10834
5726
71864
11592
46722
30888
30464
1026
84398
5062
1372
15216
16350
8876
828
21292
64366
4364
8326
6024
8660
12258
5802
73024
19094
11048
18398
48110
14500
18092
11392
75976
5916
8650
34002
9024
60
11058
7898
8574
10862
94986
12308
14364
9694
7266
33512
16106
6280
3852
14322
3434
9754
19486
2092
48356
7006
16726
16756
6442
4944
1106
14548
96126
18754
10628
13398
7224
15058
18946
15444
85982
10024
6396
2602
6896
15726
18380
23334
29632
26134
12032
4410
9998
15462
9824
16846
8722
2460
14950
17100
7232
9898
15962
5090
1914
1832
10890
34592
1376
5594
5800
3248
13578
49640
16144
7228
1932
4018
12930
16502
3012
4400
57862
17966
12606
2488
19746
5656
14184
28654
15008
9642
32656
1640
48870
9878
16778
83568
16112
2104
10426
4388
8142
94732
8380
8102
16944
17380
1394
3838
8690
3654
15260
9596
11092
29998
19598
16066
68400
12042
7570
14360
11932
5504
5740
36858
19304
17304
162
88858
11120
678
22006
13252
38300
17300
17550
52868
16916
18296
4524
19464
12856
14862
8876
9628
16924
6180
10288
7354
3652
59390
16656
93750
75422
7870
90
7154
9504
7830
13050
7072
17510
8796
73238
14036
1478
14392
8752
14912
15128
8852
9994
42576
5334
19340
18282
5486
22358
8112
11704
59244
15070
11048
19910
67310
9348
94348
4412
1930
11166
3232
2512
3246
38008
99806
27978
1540
1998
4180
5486
10652
19098
18112
736
6582
11516
4286
7530
7992
2734
30606
8706
16276
16854
4638
12722
9412
4924
41294
7918
17476
46130
98390
9932
5200
13566
19002
15810
7134
12322
40824
8464
16984
164
17184
16060
9094
90520
7592
35278
25774
19554
97758
16910
11860
16198
4768
15794
19174
18026
75868
1658
8918
82366
14684
6078
18558
3102
17818
5610
5176
9578
4574
15902
19034
15640
15222
1504
9298
75660
29714
960
12584
10670
64094
10076
5636
33936
33096
2206
1216
97358
7834
74876
17916
5858
32198
3262
58918
3834
12636
4226
37988
12292
6632
5874
39316
8558
6438
17494
2224
13208
3262
8276
11692
428
15012
9138
2512
7662
18308
18178
244
6594
29794
10022
5962
35938
90336
67678
8394
10160
5078
16230
26
6352
10084
40102
91608
8950
12290
6786
4352
2992
13094
7674
4758
15368
45282
19312
11148
52338
2984
18744
79840
14140
81390
9386
75238
9190
11162
3448
5038
17428
19358
12944
3984
8186
5904
44374
8998
4162
9184
43538
19272
17018
12512
76514
82408
13462
13328
5908
7968
4868
2752
84446
13460
7128
15372
4954
81180
94626
62996
4618
7334
70134
14370
7414
36268
14824
17844
4124
5502
9280
12984
58810
904
2536
4372
62640
22676
31894
3218
17240
11276
99596
5722
50062
14832
16300
90250
18668
59574
12646
1984
16772
15778
10722
6734
32010
8132
7998
30422
42674
19356
16780
66886
696
17098
11960
9366
12742
11378
12568
12956
5726
16302
4438
19328
8458
12290
18526
15716
9946
11650
19998
12468
8912
11942
7226
4610
7738
6258
328
6326
19098
14118
12636
3080
9134
18212
14018
6750
3768
77058
18498
19308
16444
12662
9952
6872
19300
1472
6216
14334
6320
12738
4796
7074
47078
18224
8456
18688
3232
13244
3570
65418
47258
19004
8638
14836
1324
16228
19714
1084
26344
954
11690
794
9940
3780
7456
12464
59454
96214
11158
89066
13560
70386
16278
14676
94802
11356
19368
6934
14524
4456
2740
10582
94952
17160
46160
1416
10178
6182
8414
6582
74124
15444
13890
42586
43234
12022
42452
82254
10322
15378
9216
19768
7614
4416
16018
10522
17194
14998
3728
42310
2400
5030
16412
14296
2824
64646
85464
86016
16714
47532
7224
67018
12958
3556
2634
230
16264
28986
7274
42106
10346
8410
2644
19352
1738
400
4580
60178
19018
9344
2774
51314
14336
19304
16272
17902
65884
55652
9934
14952
8438
11182
16944
55140
7558
23300
37430
15948
11530
15642
52056
18646
19996
18812
16176
9638
24252
6202
16342
17894
19856
87426
15800
15206
8588
69366
24908
99426
10888
7920
19142
58466
17748
6192
1510
6092
5672
344
16222
10526
6312
19830
4074
19344
1626
3982
7820
19102
54996
2958
52792
16722
19916
4712
21052
546
17558
7326
11308
94496
23794
13164
6954
29716
10266
6764
75722
16170
81512
8728
14174
14402
7158
8376
5568
8274
23072
5342
31700
19660
11262
7514
18174
9636
3658
18386
8274
15700
2856
56142
17124
81738
90900
17300
10534
5238
1666
3628
17912
9656
17560
11998
83258
10100
4478
1552
40752
6622
12598
9364
8280
53826
6702
2950
4314
16976
2626
90508
15882
12228
7988
16370
17614
15034
18142
16066
4154
15856
2888
2242
3288
44290
83604
15670
11938
3338
5822
3564
2348
30350
18678
12998
33746
4262
10672
1444
13400
6742
10902
11426
16718
27458
16126
16448
58918
274
34190
14472
10758
47434
10146
70358
4956
78206
67542
3264
7202
14944
50018
3230
44068
18734
19782
10982
9542
4826
11934
6820
10510
5088
690
5718
12920
7980
14678
45264
12630
2760
11088
19730
11262
8566
9128
7924
84924
21766
5244
4878
18180
51210
10364
18178
5894
6314
39246
36846
15044
15290
26318
612
3278
3840
908
9978
15360
4670
95576
3708
3088
99514
2640
10684
89400
13558
19500
14824
2132
18098
38382
19532
614
16668
3748
53278
12696
95766
9540
9894
12426
3726
13186
18186
13348
8174
12076
1754
10316
8484
5122
13090
2234
6692
3240
1056
15896
4582
8424
14202
81860
5480
5744
8644
17110
88036
16524
566
14470
1246
2328
3600
6460
6254
93996
8378
36
3248
14724
62
17538
12282
13924
6262
6626
8918
3906
18882
7010
17038
4322
2144
54134
19568
7600
2370
19538
9126
2978
17250
14814
11140
59412
14686
99348
812
83114
4564
82036
364
12976
12892
18580
3894
13744
19844
17742
5148
2614
26522
14750
17648
11130
10232
13530
19832
2174
10812
91912
5792
19726
7154
7442
9752
19358
1122
15552
10484
14532
7460
12796
86604
7740
19396
11760
18764
3384
18616
15386
11550
6796
6624
18948
19080
244
5734
8904
2050
44326
16642
2196
14928
19264
18568
87246
63658
1794
268
4166
12318
10588
8134
14996
91094
17144
1716
18420
3392
17688
17600
75938
2474
8394
1224
62568
886
14854
16166
9522
12686
19314
19196
48788
70320
5494
80242
86012
55248
8096
684
85124
17710
208
15864
15776
28744
13560
61132
7044
8954
84142
5580
4718
88700
82540
44504
17028
87254
15426
12364
11678
16120
7816
19740
10520
3136
13164
7548
16142
9254
58296
6196
17578
3546
16810
19892
794
17846
17514
14540
14624
37000
19316
15890
66278
13476
9376
67344
16538
11648
14496
2136
9102
6560
83284
3320
2634
15208
5482
3846
7808
43912
15004
18416
918
9814
17960
94898
7400
48068
5914
17318
52192
9552
2450
15804
6992
17448
8550
10846
19814
16054
5508
358
26236
14522
9604
3670
11128
94728
4308
16720
12436
79254
14456
12676
1900
2034
13896
1760
8648
12704
18792
88628
4790
11976
14098
18406
17098
8618
7692
13728
17436
12688
35634
3898
9580
12088
1850
9828
14874
6028
14018
9156
16260
75608
94188
69444
13394
47948
13742
9946
10086
43366
14620
11174
65436
6762
458
12204
9154
27898
6686
92570
10202
14374
8696
17080
13218
12732
11864
67814
6414
3840
8620
37612
89550
11928
14010
2898
7206
5498
61676
1130
12752
15606
4438
4850
80804
8338
26088
68162
12112
3282
3478
4194
2528
17472
10812
70574
56372
14074
15212
10734
10762
8968
1386
17540
8142
15714
12712
19970
16796
46656
5274
9538
15948
23810
638
12362
16078
6472
67934
15088
78550
18456
67210
17518
14342
42042
18854
12982
15442
32584
58706
8114
1376
7212
68380
13290
86398
19248
89792
8256
14858
80696
30866
6206
16308
6048
7752
16882
1946
3298
19166
1958
47276
76918
5946
16072
5290
11392
5012
10874
2072
1662
2028
3470
4036
9416
4722
13424
1552
32952
13128
11360
7188
98700
16140
10584
15762
58216
17080
13700
12178
13532
2596
16748
16702
10794
89556
8104
8874
3108
16256
3882
19116
14432
17608
8678
5686
10942
15550
76696
148
18436
17972
61758
10158
2714
10528
7488
18174
9616
7180
11690
37354
14004
13608
13634
42924
7224
2134
13190
16974
11090
3786
10010
3000
16164
9264
86138
4904
77108
19686
15688
16542
10110
7942
18542
6184
14612
19754
14580
12710
79822
8532
5682
77366
3394
10112
80714
11004
68058
6842
6990
19694
4404
8416
1618
79494
4930
13168
14962
8652
15648
3864
79320
2948
64492
17146
3528
18352
14696
17720
19384
12792
9798
6198
14790
32490
15512
10612
56
5106
2154
2406
46226
6834
8400
6574
13458
81750
8398
10916
16258
19674
15194
18414
17636
3366
28628
22876
15296
13036
2302
10832
73154
18264
17282
17506
19344
7680
4342
18686
11250
17330
2336
9572
4264
5972
16992
2788
55522
5542
16802
15154
13886
9258
11594
15778
8814
69736
75366
19210
54754
10786
16362
18354
65400
17110
9994
11086
2022
54998
17418
2940
5982
84
18978
83008
17612
18110
17496
60226
16384
8760
19212
744
8436
91802
6554
6672
18542
15740
6700
16242
6286
19934
16422
13090
49538
52124
65792
2806
1478
9706
8902
8700
17218
14324
5360
6758
2690
6114
13008
92828
17036
54428
34
69722
17024
5854
16744
4832
6402
10364
12918
13676
6460
2456
32370
17934
12690
69242
13732
7544
16050
13654
5134
94576
7412
4272
8902
12504
11456
16098
13276
31258
4184
11694
18252
97748
87822
50722
16370
11102
11984
5120
6572
12396
1118
9520
59770
95896
5450
25634
9876
11612
18522
10978
14046
6936
5634
14038
17690
10906
19786
16762
2892
61364
14266
2736
15190
3530
2474
11606
18146
3674
6738
8232
4044
9946
14544
48186
69676
17782
25586
15656
2706
16298
680
8538
4706
17878
16140
59118
2162
5182
91604
2224
15812
76678
14316
53126
19860
19384
12784
12602
13508
8430
54286
11462
11540
98266
756
3530
5148
2096
19650
9550
15300
15742
4544
12472
2924
2718
18610
27696
62486
5068
15306
5352
19448
90392
4942
10324
4294
7150
10302
14284
5084
31822
6448
6614
10966
10800
3338
17132
6856
10382
6520
93128
18934
4104
32126
21736
10170
4158
9122
112
13008
11348
2840
15384
6276
2150
55528
13474
64982
11214
13214
48354
37882
15022
32782
10656
85776
2064
21540
7560
19872
18650
5004
18280
3750
4056
3398
39446
26878
99162
84182
13446
10692
8008
5680
12080
7144
24072
10474
1224
9414
5184
19534
13506
6606
14076
2984
6288
10982
34938
12880
12740
6498
15424
15062
15902
7052
2538
31200
4080
23170
5064
2
56208
14920
3128
16828
6006
26918
16182
3094
2612
47242
816
568
12568
20090
66162
21926
8332
6324
12366
11650
952
738
8722
19090
10578
3852
13540
12338
2026
16146
19334
5214
15808
16234
2558
71568
12284
14298
9270
8998
23692
3926
50732
6434
4544
49582
48176
3032
14116
7660
68308
1426
16732
62234
10898
11428
78384
1866
14852
10972
38108
12232
6422
1662
18678
12484
1018
4058
18336
14314
11718
8754
8868
11096
89942
12594
19018
15210
11700
6316
5826
14988
38696
1894
6200
6808
1308
17646
13974
17276
7726
6670
14426
11466
17836
572
298
20094
59818
5662
5058
1552
18296
19334
15348
8066
19392
4442
166
11064
14280
16614
4356
1462
9336
41020
6282
14222
38380
19982
57676
19366
16900
65334
784
15142
12436
5888
24740
3120
8180
10942
30056
4442
13888
85506
13280
39736
1880
42396
15896
15986
1128
17302
13742
19628
97012
19606
17602
17404
1412
13570
13098
14518
5120
69342
61514
16304
5052
54140
11988
70162
10034
16062
8118
5572
19646
8270
2526
6290
13688
13098
80192
7872
418
10236
9208
5846
7020
8246
2676
19892
116
11304
30908
12862
32868
19994
3102
15038
3170
13566
4358
17868
4148
5502
32118
12384
15476
6618
4538
4324
3416
54592
12482
94296
56924
12026
5956
12408
15318
29768
20350
14630
5810
3884
3432
39652
19786
18160
8264
13940
16684
47246
6552
17810
15724
7400
14288
17896
18602
12420
4988
1004
31464
5274
15416
77306
83864
104
5810
6962
4314
17014
1922
64540
8268
1092
2886
12420
16804
10896
11764
23838
2734
8760
65010
9948
39132
17234
3870
16802
11560
57004
49792
18820
18458
14536
99982
57814
4706
18662
11488
5298
10728
14
15272
4998
5424
18564
38562
19742
5340
16320
52460
5338
2622
2876
12024
18230
69300
8248
2198
13752
45848
7346
16676
13024
16394
162
6208
10144
37960
18934
3214
79782
9432
8774
85386
4668
43142
18852
490
10494
18024
17562
68208
9660
19412
17444
8774
2344
15826
57220
14336
18312
19600
904
7928
19212
3252
1262
73894
17616
15140
12116
17904
84780
16744
9362
510
9584
32788
8818
434
2106
10096
18792
48474
11676
35896
15598
63148
53022
17822
18758
3160
7610
15220
10816
5416
14336
6038
8526
14692
13946
15564
77002
14158
92218
74960
16216
11222
15948
53890
4062
14160
18020
14128
90426
850
15412
12622
19792
8594
13006
4226
39528
8542
11536
17900
91902
38228
5698
11650
14900
13250
19414
66778
4998
3450
936
58664
18344
4730
15732
44468
52348
11156
45716
33826
5754
1254
10130
14076
2454
14784
19438
19646
11988
1482
7594
23424
3498
10728
11146
23294
4874
8898
84462
26458
10016
12342
14842
1130
706
13342
3846
14488
2756
5484
86834
6742
3294
13344
10906
1874
19566
10166
13686
12668
5636
19364
16960
1058
3068
12302
31134
82386
65410
6830
55104
6222
9076
782
11250
19222
17472
18172
33282
11002
1920
44804
4886
9814
18216
8738
720
53910
5628
4846
6014
13778
10750
15530
46952
10186
27656
85768
71602
8176
58956
93640
2988
89024
14814
870
19018
3140
26092
8120
11120
14744
5212
17088
36138
9676
79918
4240
7554
16608
1380
26306
2032
15686
1666
3080
17050
5392
19116
6550
6166
10468
6484
5644
15718
3160
4250
8726
91188
13664
1764
96758
36396
19792
23446
96044
37922
81616
8502
6850
368
10728
54782
11444
23424
12134
15324
12932
838
9102
2164
11824
19232
2130
95176
9382
9896
6088
93568
15292
11004
27958
11616
4434
7556
2158
2550
12916
5450
17988
31106
3076
1994
9692
99588
410
3904
8824
14602
10076
18272
61290
8330
15680
18110
1510
13622
12650
14332
7438
25372
10316
13182
376
5274
10992
7066
7896
18882
17904
12768
18818
98686
2988
302
3030
4098
12382
164
16450
10934
16344
9416
7244
760
6364
9228
2580
2450
8826
12802
33716
19528
9984
12724
15910
8512
16464
13310
2358
31214
11084
19364
222
90192
392
13064
10916
6078
8200
2922
6080
64464
79410
12578
26106
58586
20852
10062
19964
16100
12978
16938
18242
49872
7270
19634
2596
32862
13078
7642
33496
4278
17078
17288
9216
7264
17808
7322
9302
9830
8006
7178
5244
90444
612
50
51188
14784
102
14432
7884
3920
8822
18514
16978
19980
736
19188
74216
6530
12362
18118
13132
8480
5646
1694
8304
5928
13778
8684
15428
4796
15144
87166
26666
10114
80954
41562
8104
18918
19702
540
59208
1906
16938
9818
19998
99756
11368
4850
11166
14316
4878
47888
78394
61994
44462
9314
9030
4708
12862
24744
8000
4156
434
17226
4452
6726
3604
10002
19942
5542
16516
9344
13482
17244
9256
15276
12800
12598
53888
10448
810
14202
7836
15586
5214
33926
78686
31612
5288
97620
11800
296
14546
18642
4620
12860
77542
57796
21954
1614
56376
16216
2050
19400
15790
17618
15534
8296
19858
75640
14376
15510
16564
10076
12896
79306
14128
7488
9384
17702
780
9676
17890
12664
17220
3728
9742
742
10348
17776
48494
10912
18308
13944
67248
87810
3436
9390
94716
2140
67766
15198
20004
6626
7740
1976
3116
7946
18670
19918
19824
5218
4338
17458
66796
11116
74
19780
12480
6760
58618
156
7464
2724
15016
2826
13620
2158
3616
9590
11660
16884
5580
6046
7904
65864
10940
12226
19042
19378
79486
8164
12722
17598
16790
8794
77460
25016
23490
10642
8338
76452
12116
13814
26434
90602
62256
89748
14448
10198
17798
9860
2000
23408
8340
15686
3196
1450
12206
16188
94
7054
13842
9042
15130
2982
3318
318
3452
11538
6988
19154
41758
17360
41638
15712
35694
7494
1574
63938
1800
9144
71360
18176
5260
13268
12740
15190
13972
13280
6556
14992
16962
6284
4646
484
67664
16744
98
3824
13520
58882
17226
11782
11198
13380
17238
14336
15194
6954
67816
1094
5594
1040
648
11454
17936
1468
1690
63512
6156
6588
9564
59782
45164
84144
3402
11378
9690
9166
2958
55854
2580
10688
14900
14390
19106
14462
83294
26838
71832
5662
14544
18228
18588
6422
11824
11706
10662
15240
11200
2306
9514
14290
1242
21404
14658
15320
19740
19098
16418
2126
7776
17114
18082
70916
17168
93678
10454
14878
10880
17978
7668
8734
58394
1736
13874
73840
4816
15120
16020
5926
17778
5338
61638
11874
5592
57606
66664
7264
17502
6960
17762
11166
10100
51800
90836
14538
10902
286
62440
3846
23134
19344
18504
5058
59682
4696
19314
90616
51562
5588
52086
9360
57090
99800
4510
8628
15818
10122
75010
69422
14224
846
14128
7574
872
18828
14494
13588
78476
98180
5174
44974
2368
81904
15464
8992
9488
3390
2000
5166
61774
66020
670
17992
14994
2022
762
11062
9294
19286
3606
15540
7398
4378
3586
7230
8060
27976
8554
13916
550
17804
13104
5856
11508
2150
4436
18076
7590
28018
10340
98058
5060
16526
17714
13166
42382
57682
8670
8998
2500
16046
12936
10052
46516
12308
8726
6900
13668
952
47924
18412
5656
43388
5600
3232
16588
14920
97954
930
15940
19030
8680
10736
7546
17800
15300
6266
56336
9558
5412
11902
6760
12508
51260
1742
7014
14282
14746
13230
21196
18596
14168
89684
45954
45986
5426
7300
58950
18998
18292
970
13962
11218
1304
3142
2082
12444
1792
67360
8138
5186
11510
16916
5634
12612
4982
68704
4882
14790
12884
10666
57928
13904
6998
2662
4804
14410
17206
1062
14898
16100
7614
14046
14954
16208
11500
9612
2738
760
40918
18186
6674
88952
8032
14446
5730
6718
7602
5296
83980
9664
546
7356
500
2812
1810
16078
95604
16996
718
1826
4954
8132
7286
18334
3818
15738
3920
15336
10038
36496
31766
8830
16466
4274
554
5960
5480
26542
21480
2510
4578
13890
33536
7126
8064
12160
18872
2462
10420
41392
25184
16562
15088
87488
1976
7184
270
15598
12128
19396
9158
16888
4626
81454
86944
8600
3538
2556
19144
16960
8968
73452
51008
12512
6778
7688
59286
4950
15902
51526
6972
21198
8170
16250
18124
14584
6802
3222
7944
2902
1330
9628
6794
4832
69852
16460
13528
1192
138
7440
11728
78476
2990
18862
13478
18838
5776
12960
10904
42218
8178
448
15062
52002
4350
15358
15720
76684
52414
4934
19088
14060
9272
10204
10688
11798
12078
3972
21998
13740
20138
72814
41608
12318
24384
12532
74994
45712
70670
8112
14218
13190
16798
4878
5526
5874
7276
12832
19150
18042
3466
11538
3788
15460
19488
11602
6246
8534
62746
62770
7100
5354
3788
19644
2988
17716
11588
68392
2216
25368
13466
2626
7700
8068
16432
10926
9634
38578
1672
3726
2086
8916
17828
88934
17946
10740
18998
50354
9976
2378
1556
17520
4034
6650
13548
4910
9692
6708
13226
10742
1868
12594
3182
8186
14976
11662
5750
9688
73994
2074
10332
17798
3038
11506
15612
6052
19228
3008
19164
4234
13874
12310
9644
7228
17628
7700
684
12484
3744
33012
81886
9970
13264
6966
4566
17668
8538
18972
14424
41356
17792
19244
16424
67914
1978
17958
6390
85292
6636
4764
11584
98870
13940
14222
6570
8530
8882
1256
16912
18538
9706
11440
7924
95258
81254
4880
7340
16136
10886
244
8058
13068
17450
56034
13896
4558
11102
52420
63882
10092
16440
30018
14594
5666
6270
42642
11372
1262
15966
5132
5662
5694
16664
13252
89520
1460
11588
17056
36484
6006
21600
8090
12928
37936
70014
7998
16420
21476
19066
61318
1308
6292
55424
81800
66170
14774
4954
7660
9426
3924
17872
66730
17102
6040
64186
18488
16626
34140
53672
10034
18954
12468
16646
14848
13984
28108
13346
7072
16136
40290
7156
97428
40988
82730
19148
52772
12236
59272
11718
3552
3538
16588
15994
17262
1468
8608
11546
11324
46662
94006
94608
6958
4746
11214
9536
1348
9012
28320
11398
3384
8044
618
17986
30980
96732
14678
65812
3710
15316
14080
41124
97678
18476
15534
19528
1378
17600
55056
2254
9424
10492
48608
15120
4446
15714
84694
7858
6430
58272
8398
84534
11262
11818
6502
12988
11898
10110
19388
19468
2126
9992
19586
172
1728
5488
18124
13840
13472
6276
14988
10484
9392
4526
12288
17354
39734
17674
51834
17704
12984
17378
14642
9996
32614
4196
4562
1408
11618
19644
8484
15604
19276
18064
9568
8070
2024
26326
14282
5032
3804
11452
4222
16276
16368
15340
7250
210
15808
88860
19234
74000
10954
19652
12618
936
7384
14820
292
93414
9246
18732
3862
2832
26460
8960
17178
10582
4576
17522
3732
17202
3148
12278
84266
34436
54252
9990
8450
9882
3090
45770
4490
34260
3748
65776
35318
19092
9964
17782
4938
95870
4108
19282
2958
14730
9398
8196
18970
10362
69116
16114
8168
7284
2962
11832
12460
12574
15216
6082
14068
18544
1368
7630
12416
96242
43588
19596
36984
962
4696
18368
5240
57110
16966
9646
12258
11010
75374
16826
65080
83612
98516
18330
12450
2092
6356
6220
14580
19022
3418
12172
8578
2218
1134
62
13554
8042
6782
15710
6182
39594
60330
14454
68980
10484
16584
75766
45574
74082
2718
18936
3856
3446
15096
15232
12262
9416
88366
4682
7788
72286
46708
18418
4964
14466
5628
10250
8190
39306
19924
7908
78192
12414
16010
3650
15714
4778
40036
6442
12508
17676
81254
19012
1726
2158
15956
10416
3108
18482
4042
9626
15746
804
96166
41842
2024
13258
5830
30112
466
13182
18066
14696
16908
15214
17160
1532
17462
4566
5130
4158
43420
3966
18348
44910
33456
8538
39984
18264
7216
33704
8488
10916
98016
6608
54410
14200
41984
5806
90116
95616
18734
16300
33460
6324
19664
11546
69954
9998
9488
3798
702
2872
18112
19094
15492
17758
11802
15256
6630
3792
18038
9202
38304
42
5992
5888
6952
3062
6360
97008
67292
13560
5604
10614
14544
16130
9580
16626
79204
25168
30292
4352
5706
11706
11532
68454
40312
12100
95780
7800
10324
18182
14364
14528
9412
6782
7344
95532
87642
6710
6094
21206
8946
6532
1426
7892
2808
17720
5076
96476
18940
4522
18828
81700
86532
15686
8844
11460
16134
7814
4178
17664
9064
5992
9104
74144
4818
3894
6106
18590
9888
16418
56492
53060
7742
18458
1748
11584
14144
14854
6392
10958
4482
31058
37126
6348
3356
13586
2320
10474
95514
6326
8030
14760
93788
5746
11950
9092
9712
23450
16498
12312
12192
294
16308
3528
91112
55954
52676
48730
10338
2080
4086
17218
13906
1532
8498
7296
1868
12576
4400
20252
13040
15440
15392
15316
5030
7732
35640
1058
2452
4158
19148
16416
13970
8134
11738
62724
7542
15116
17422
2678
8940
15978
9176
17558
39480
15786
2674
14068
18112
13064
7420
11990
1312
2088
1726
49774
10354
5840
4784
1848
13944
5532
17944
19404
15304
19518
96566
15048
12298
4794
4008
7568
9964
25872
5484
9002
30080
4342
3502
55666
7696
12550
29434
89808
18082
2400
18592
71456
17016
68
6340
18644
4754
1488
82312
5706
3820
25706
18878
30058
16618
3680
13228
12672
9608
19320
12132
7164
3302
16886
69912
10804
33872
4642
5416
1182
12276
10872
17908
11754
41020
220
12306
15084
3758
15432
17524
8054
14384
1788
17920
802
17132
16058
17612
68670
25164
550
2470
72952
72314
18238
1092
4762
13622
17138
6650
7614
10226
47698
65588
45728
8104
8664
92974
6902
11862
11136
6940
1074
184
4150
24918
2954
16540
26438
1796
14780
10710
6120
8266
1014
15954
16030
94570
3342
12224
5190
63622
13848
9280
4616
4634
15772
55792
8066
20060
19786
13924
33378
2872
14146
946
13682
7050
17298
6540
6398
24312
20472
9438
13546
17722
13174
1392
41094
19410
93092
14886
14038
18724
13830
11652
6106
44502
38730
9910
19870
19370
43880
202
2368
64642
18310
21962
6788
3506
1364
13232
26992
6404
4870
19308
79744
17870
10956
19072
13654
4918
19816
12112
7502
10680
16504
10604
66146
12524
3064
4250
13650
6940
7682
16970
8304
86884
30082
74042
3866
10030
15378
780
64814
2608
9908
4554
15802
9178
14996
17902
64254
8366
13202
12248
21826
26648
6626
3306
10566
37492
9714
10190
11826
67068
12444
2994
11404
14388
13768
1166
60082
19870
49796
9882
1556
9168
9296
70914
15688
4668
9300
30140
7964
5036
15018
18530
3922
31970
89826
16022
5982
6104
25408
2884
12142
19012
90036
2968
4066
15688
9718
46928
182
1256
4276
11760
17704
12458
18706
30508
8184
2706
4120
4024
11660
4556
3638
19706
5244
61816
90942
9468
8282
18408
8252
91328
89218
13702
16568
1642
15950
19790
59244
11392
9954
62008
5684
7878
19894
2888
11646
24736
2920
9074
88776
76246
9754
79982
61554
4422
10800
15400
18868
2528
12346
14218
13040
18118
11852
5704
12226
8618
89618
10360
15412
29170
14374
8
17250
4334
1138
35626
1960
28206
84
39498
17310
14934
6804
488
16278
99030
71302
17704
99136
44678
7304
17612
14630
13232
6768
9416
7550
19896
12302
5122
11676
1392
19136
5096
208
38488
6030
63652
17326
13144
814
5748
9384
18438
14962
16402
5080
15428
16302
8634
12102
5146
82902
13482
4840
16498
17740
12254
2988
4980
94180
11344
9190
7572
7406
16044
17718
6808
55328
54
25318
17924
524
7062
11926
4052
17536
1768
710
14778
15628
14262
13112
4810
2566
12732
84
5688
5612
5188
12692
15338
8380
14336
11598
95684
18938
3478
9472
53198
12484
16276
16584
18654
8422
25848
57930
6968
16362
5472
17606
3340
9916
6684
17578
5402
41274
17082
180
15142
1464
61778
8652
7592
8310
37538
41180
5476
506
2
48492
30576
11556
17844
17602
50412
1216
17990
38354
98026
52198
78582
8450
14092
42130
14336
6296
7888
18694
18558
17098
3808
230
9772
708
1748
6076
17768
16756
694
5656
680
15984
17564
2910
10048
18034
2404
14244
10960
64538
19296
19188
15478
3630
16366
4786
14276
16930
1332
17374
18796
16664
7656
8276
94992
2208
35020
128
17254
62308
2244
18412
1698
91062
17902
15758
4468
15844
9602
8832
970
15234
7208
10600
1876
24078
16780
67220
7338
16594
14070
68866
14094
8450
55288
8900
2952
13718
17830
5830
15516
51780
7508
23068
6028
8880
9862
13910
8548
4606
8208
13094
4142
92342
97458
8368
4362
4990
4354
53254
7802
3208
5964
19762
4958
8152
12850
4364
8516
21476
1476
16594
19530
10234
19808
15600
50864
288
10738
24500
13924
38198
70358
2386
2430
7344
292
9498
38766
7714
4604
14996
7898
10560
19204
16408
16402
8044
1422
19346
16716
948
13542
71280
4656
30740
4818
10580
61668
9966
11318
14694
8406
23656
2240
1508
6476
2164
10198
35022
11506
876
3420
296
12230
1728
15926
8114
89210
8580
45132
11210
75716
19294
30236
18188
650
5030
19730
16052
19776
6084
8126
8174
35046
4840
12354
13660
16502
16120
49270
5940
58562
19616
8214
1918
59814
11134
17852
12278
3910
3342
13596
206
31064
18988
14784
63450
8604
14442
3552
6850
16294
12532
30786
11200
17406
514
7670
5576
6152
17170
55156
16392
13916
87146
680
17804
79578
16054
14484
9318
14728
748
4224
15950
9394
11748
16140
2246
6858
15886
10672
59532
3554
16788
24916
9628
28820
6482
12584
24196
15000
7412
170
5830
9012
12640
14138
46384
16572
97378
11052
17506
30020
4168
2082
59480
11632
17670
12844
47864
4594
9542
13736
7290
14086
5406
16264
59382
6584
14712
16864
14030
7084
11894
80848
9932
15562
11738
3972
1430
858
15060
85766
18238
18322
48932
11418
17732
4622
11454
36406
5150
58306
8736
2270
10334
7234
85240
2558
14320
3452
81140
72518
19976
18288
16680
5266
17512
16424
54790
15518
2564
15996
1896
4132
9356
14972
10242
7678
19560
5890
35930
75914
7870
10068
58688
11102
99828
12570
13858
23562
14010
5404
8722
12990
472
76474
4474
1974
98512
12240
5960
58952
9382
6844
994
17580
83672
7180
13600
16504
3706
24034
37234
18254
3018
17076
6490
17494
2072
16790
1346
13414
18690
13926
300
7214
12390
15794
1102
19338
14756
16320
14652
6354
8222
77306
5104
3690
10546
14478
17102
12952
7562
9618
85208
772
7446
2480
72
7388
13138
64828
430
14078
802
18780
12872
8790
11304
11592
6154
2174
14936
18576
9556
18664
82116
6020
12048
4872
2940
50460
5698
5178
6080
19424
14848
39502
18804
4694
17246
5656
7462
7774
17314
4532
88536
7776
4150
9264
3764
15210
17064
3172
3582
2342
76564
2616
13246
64
52240
12014
9608
10382
2244
9936
8836
65598
12962
90762
85650
1724
15610
84636
19536
38668
1798
17886
19416
18718
69308
21270
11032
94656
12748
14326
6962
45814
16566
6882
7274
60320
67122
11606
61558
11550
19014
14908
9090
16790
12292
6336
39074
13440
84912
17650
10638
18640
15090
15020
9406
19596
12154
4514
7406
9884
15510
15578
49060
13420
18208
17888
19146
18614
15798
63744
6164
18246
9956
9016
704
33632
17524
9296
18596
3540
13398
52514
4856
3682
55818
11012
12406
10002
14664
1046
11212
25202
18320
4936
4264
14652
14202
11298
11708
3852
19720
78704
4602
86194
2020
42120
53978
12616
9264
9138
14420
13126
3216
3458
930
10524
14680
12422
1278
5198
17516
34440
5672
6766
14994
10250
22584
10290
44698
5288
4770
18572
1268
9042
16070
3840
662
580
17732
15602
6456
6250
8868
39248
16666
90184
18484
17320
1926
3160
76660
2860
522
70156
2562
43712
67696
35074
19998
9132
14878
1140
74110
4330
1952
18784
46274
14058
17750
480
8520
68088
2296
50660
13804
2938
8694
17194
9560
8790
2446
3236
1456
6998
17286
10482
10792
1268
19980
12106
35264
4614
16640
12302
16020
19014
19612
86504
5234
5396
17142
4806
12010
6030
15152
19538
2996
67630
6330
7162
4492
3560
17778
13490
31370
9340
7984
12106
14972
19948
82864
55828
7244
7334
15276
302
9828
18588
18932
4422
4374
2582
33684
2834
14808
5822
794
8598
1100
56574
17666
6000
4526
4406
17116
90686
10438
3132
3200
15638
44632
11122
14094
4538
14624
5520
10838
6200
9832
82916
19664
18858
820
11978
1052
71020
99562
7934
44990
92002
12562
33974
5552
10592
7828
18118
13020
48570
18076
19488
6758
11502
11068
630
6294
4848
15902
19796
54472
17836
14580
12936
7228
3848
12174
7182
3534
19854
66970
11958
16672
8500
13910
3480
6584
2774
12100
15624
4890
8818
15056
76512
77588
14510
69968
13420
14178
19222
8750
15872
52794
78880
18146
1882
18428
6468
18650
15938
8308
14014
13072
97630
49618
16380
12930
13990
57676
25262
13000
344
57134
3628
16568
11942
14248
7092
13358
77510
12940
12910
95270
11562
11278
42582
19998
89168
7622
2152
9814
13654
17272
12812
6308
32512
6718
84946
15780
10098
17608
64448
2992
11426
1098
19422
6492
31656
16070
13944
9010
898
4656
16536
11540
9154
2308
89194
1998
7188
17142
7164
4600
8376
81860
59414
14562
2812
2644
19456
13660
86426
8412
12650
11844
25914
6638
9204
2074
46252
17612
13878
12286
5264
13144
2700
8604
15818
11048
6606
1636
13750
15666
5716
1098
5060
51326
2534
63598
39606
51348
4298
76420
1088
16830
98782
93310
6216
15404
9698
15056
2898
89924
47972
8534
34072
4400
14138
1060
95048
1838
7740
17880
17540
5604
1614
5856
91760
99694
5990
7354
16726
17524
6826
17106
50186
84928
4018
3598
4092
2758
10980
15878
6764
10810
86972
16404
2812
56054
13150
2634
28940
71030
81656
9308
20108
14024
12344
57114
444
13750
87668
6698
8458
53272
12384
11334
81354
1996
4338
17560
17258
32674
46634
2310
17982
400
11674
13268
3066
17110
12310
19472
15970
4944
2478
13788
8440
8964
17176
12654
8222
4896
17598
77692
16962
16852
9614
17322
8172
11434
2692
18016
13864
15350
3738
4954
11024
1440
9704
4278
17860
54976
57486
41222
19244
10702
87086
2512
13432
5148
11300
87008
8572
12084
6414
10894
11344
40672
18730
13112
11238
2534
45266
15020
19682
9394
3262
11188
26020
5012
9654
4700
15644
124
8216
3230
4926
10174
8730
1794
10022
6200
16978
3698
4220
19944
19246
16974
2990
47534
9048
13132
1752
296
94466
12568
5798
4114
14146
11480
970
48090
8388
802
17446
1014
12940
14236
65760
2886
19166
19372
12158
4556
3360
8106
11616
99470
3374
19340
18704
9200
4494
312
8806
15002
23444
10358
11380
15312
23374
19790
7110
2206
2494
262
99648
12788
13468
3824
7430
9152
14328
11722
76042
6944
4780
16100
92118
14024
16140
2226
6632
15530
6662
17522
19434
97830
9306
16968
12164
3812
14556
61248
49272
7722
12952
17318
63734
83138
1782
1454
18350
66180
7136
9148
6862
85506
92710
5040
400
14334
50712
18500
16396
15316
38844
11740
10996
14926
9516
8488
13540
15670
22636
6654
99664
942
14062
35470
38414
14604
60540
16204
97930
58866
794
5954
8
10470
10278
9728
61112
10750
6426
12024
5120
17114
9942
2276
3874
10762
16134
14422
19292
30506
35792
19002
1742
4272
14772
39048
7918
8006
14464
6024
57098
96852
10436
6852
16440
1756
9228
15758
33542
1538
12344
19638
11718
11068
17626
2046
19630
18360
8562
5198
13678
1298
42334
12722
18636
14478
4262
13578
9748
18398
10134
14692
66758
17454
59414
2702
238
10564
12010
32560
11898
19742
13628
10336
20800
11716
11934
9726
13112
4412
74976
4942
72268
94928
2848
7632
8806
77062
38060
6150
8566
17888
7390
1276
11024
41982
19178
11118
1684
81240
17742
52142
70934
18336
32514
15390
87658
8330
36086
9978
12010
12250
15124
12224
8178
18374
19942
5346
14782
13176
1110
14612
13946
14372
15344
19206
13518
17624
13948
69356
18108
19104
17786
10570
11478
8706
14606
11818
6956
6672
7078
96198
3790
18476
15486
8966
88154
43092
9458
2962
13008
3500
9882
17586
9464
87836
17304
13110
1962
5670
17610
8014
6542
84348
9886
17772
14592
87624
29106
1766
4772
7174
10950
16566
8812
37462
1518
3454
16854
12750
53446
82190
93972
9430
10494
18794
95534
89236
90894
79218
10922
8152
4036
13934
6344
10842
17474
71830
17400
9204
11634
2818
3942
34888
6576
15458
4860
11720
11572
5748
7844
17590
55090
9676
3350
3252
76130
3898
9832
7202
1350
6992
396
6542
40092
10658
94006
19288
3308
10992
1548
17224
17210
17886
11744
4682
12534
17444
15512
4476
16702
10124
9994
57656
13142
17484
36718
43740
6186
5304
19574
17724
62480
1998
75972
4940
17148
17744
16336
648
6520
15754
19018
19626
7962
13280
16788
11422
6018
17046
15122
11706
74336
1568
19188
16038
10082
12690
52400
97612
19120
9784
44730
92058
1832
12544
60608
47772
16272
12828
17632
18180
10222
12934
13816
12484
14290
13370
6508
1058
11272
4392
6608
14422
66210
19566
11238
73444
5692
96990
15932
206
66056
2410
17976
18976
4426
15108
11088
10430
13794
296
10180
6958
5502
12026
19114
4356
13114
8564
17326
2414
1210
14304
66346
4112
83978
1046
9202
74772
8956
7688
19084
16070
81740
94894
4032
4382
19092
7380
33690
15102
98900
16286
77326
64612
684
3394
10296
5316
19942
11678
3468
12998
19276
13340
14738
14524
68242
12868
14512
904
18030
27364
1468
3094
38684
9206
19480
8424
83636
15712
6536
16718
11212
696
13290
5190
2184
12882
15092
96228
12300
69078
10024
3982
16456
544
15614
90170
8838
2014
13258
8752
5514
14686
6774
17244
35726
15222
96672
10572
17062
4960
974
15848
77890
96330
25284
99146
18960
17572
19156
412
13810
7310
7578
15542
17676
14718
73394
10642
17270
59732
17942
2002
10312
13480
1898
44064
4144
18972
1642
5480
15340
2930
10458
14026
11746
17132
11192
19228
5262
514
17460
7432
41816
16294
14762
6088
8410
14216
25132
1290
13704
12816
13870
17024
3216
7058
16416
7440
3982
13100
15978
8676
15574
5026
17060
14744
5490
10336
8976
89922
13454
12524
9778
5854
10002
11654
11426
16136
998
17156
51426
17646
45282
78966
18198
2540
8272
10604
23792
2936
80688
9816
1330
90846
17340
17550
8628
36524
222
4960
19956
8796
3808
26660
7772
7032
16152
48074
12334
10894
80630
11586
2462
7010
5234
16790
2180
4974
12006
5062
5420
58116
4310
19642
4396
17938
2926
10084
16666
1366
97656
8070
21034
7120
4846
6456
12912
45208
72120
17534
47932
16886
52546
72862
69640
9242
2598
5608
2902
19512
3028
1632
15794
9468
6988
2884
30468
5208
57690
4074
19968
94736
19878
3870
10888
9910
11136
3380
91102
13404
14108
11532
3126
86644
31952
17382
94632
19954
3540
19080
34102
14194
9116
5940
9054
12556
12866
11262
8796
16404
2538
11776
56684
8512
7520
3140
8408
5578
514
46518
37180
56390
2134
45906
15696
17894
45894
730
12268
2852
20796
16962
18382
7226
3874
35648
22972
65454
3162
4530
2958
18166
1648
33158
16294
8320
13856
2984
9238
14440
11218
19656
49982
45180
6408
2960
3782
15652
9268
24676
2212
4820
310
18954
8690
1620
14830
5344
39760
22614
60134
8942
23052
9758
14230
67928
17838
63066
16542
16634
15874
5362
17682
22158
7208
18514
97960
9748
79014
11154
6462
14674
10328
15898
7560
7732
17592
1026
14106
16732
3898
9506
8866
13830
19996
35602
17580
2160
16968
3740
36202
12318
7444
4474
12134
584
7264
32280
7806
16006
36896
11732
15144
14478
1434
13682
2562
6304
494
83368
15844
77342
5402
7906
19352
47098
14446
11898
11302
37614
14518
524
13056
4624
8914
18018
11684
2178
50708
16512
2088
19134
16126
6778
24500
1874
1774
70024
4654
17366
10578
33110
17408
34404
15420
1670
11730
12116
66656
16618
3044
16410
5664
19356
9654
16182
17380
9884
2292
53136
11560
6630
18030
2142
21844
718
6532
7496
6160
19962
2592
15408
2340
9462
17100
26532
7828
5340
6844
8710
188
3802
14366
13412
1130
21762
16768
15408
19328
7416
594
4192
8260
18368
18336
1284
5690
17764
16850
19254
1004
36450
9894
5180
17256
18414
14654
9378
59172
56446
7806
10142
34044
5154
15838
94640
15658
7432
10688
34962
34054
1786
3242
76764
6708
77652
73610
6102
220
1848
18974
16556
996
5794
4488
18826
10452
6468
954
5888
2282
18786
5152
17146
33568
8554
11808
1856
9832
70778
81758
17322
19956
4960
5886
20934
65146
11430
4646
55340
1396
72120
11440
8026
18434
13962
3436
9900
17006
12826
16882
3932
1586
60042
5790
21348
14518
8704
7256
81696
7284
80920
2078
14816
16968
85490
57344
858
11038
1642
12924
9526
2808
7726
19182
4924
18444
49262
12552
9852
8992
4710
9546
2120
4682
8102
14164
2902
94662
17390
3356
7042
10972
71666
16170
15016
88466
17234
16880
9670
3942
14146
13958
34234
5492
3462
2714
13832
7730
14588
6358
10186
11168
16144
8272
18400
18854
9212
58472
5858
14156
5982
13436
16306
13254
4980
76554
2072
2916
6064
13750
29948
3802
6688
66
13492
10702
17572
8044
6776
18268
68604
9354
15560
60104
15394
1006
47978
3244
14282
4318
19844
8362
474
15524
3630
37706
55450
92384
834
19334
10970
9296
1758
13674
11410
81100
17854
9334
3810
11790
11402
17674
13110
16064
10184
42
6354
16146
9144
72962
2356
30834
8012
97286
14634
17806
16882
6398
9606
6802
3906
12724
63354
2806
4202
78026
1624
7744
3108
9890
19228
11040
10998
98352
16722
3776
546
20110
22510
3674
13158
6596
54016
7910
5080
10784
70026
75694
18278
61108
19524
11704
2818
14066
258
80104
49510
57006
5596
60274
15950
11378
10044
17442
11614
83116
18320
13274
10580
31756
37114
914
77682
11894
1260
11592
5528
16790
11184
79794
48964
16554
11722
9078
14578
28518
4936
81260
7260
18008
2654
5046
11114
10892
7144
54680
15206
9802
4864
57910
10496
14640
4382
10370
17666
17760
5340
10254
19970
12402
39506
17764
58570
3522
43860
74292
25152
14750
13648
93642
6818
19738
13160
1094
16562
348
14702
4178
56
2188
18762
2314
4108
10426
1382
22802
1072
5884
7880
14904
338
16394
4898
14884
19820
90982
15392
50724
35340
81700
14918
18718
18460
476
5450
7652
6180
19646
40340
9896
7946
104
17550
86940
2358
5314
1928
3300
10176
12378
8902
7100
51554
8558
8800
19140
2802
19564
9892
7970
7414
98402
17306
81816
6464
3924
9030
9298
59186
16076
556
15570
17526
78206
12000
9752
90290
10256
97296
23452
92626
3020
62382
9522
926
11100
412
83706
87708
1662
3876
1366
18552
4402
10082
8700
1498
27268
1206
6748
46662
38188
18122
8928
19602
39854
6556
5612
15270
5552
16318
15466
5490
77194
17080
8390
80518
9396
17842
54476
9036
60324
6802
29302
11824
17010
19586
338
14494
50492
14854
15776
14860
5702
11334
14678
32036
8662
25870
19510
10490
984
5758
53854
13026
29684
60508
11430
5772
35564
2506
85942
14252
63946
7050
4814
93130
3862
12552
12626
68946
5412
18268
49572
8236
2638
7930
74102
16240
18454
2028
13986
5092
10098
13342
1680
5126
13964
9434
18862
622
41160
9368
92776
10454
10484
9186
16974
1860
16230
14096
21726
18816
3554
53638
15732
3248
15514
17796
7596
18504
11386
54
8380
12980
13604
416
196
13384
65748
17366
31228
71370
17816
7860
37606
15106
12868
87270
97934
19904
13752
5866
95692
6792
3180
3490
12572
5856
3758
3584
16008
16584
7148
41834
7090
7180
2248
1230
18712
16712
14266
9456
642
95878
8870
14346
4380
3660
15072
41782
9924
14108
13890
14528
17892
12674
1182
8694
16438
19928
3282
14620
6076
8876
13152
90010
18888
13230
57818
55034
12584
5240
336
766
16648
15788
38196
13240
5718
10292
1174
896
2614
9926
83214
242
14752
806
16114
12448
15582
6658
9578
1220
10904
4026
7346
7190
17966
8252
15406
13402
93386
37242
12492
12678
81780
15042
836
11276
4866
4030
18554
678
14560
334
61392
15434
216
87872
15138
11134
90126
84912
14966
4606
82966
41636
1602
7706
17882
14398
11886
9620
2070
68
14364
69846
80326
7108
95758
8272
13376
37152
87168
8384
66454
83244
38612
17504
960
15924
18944
8392
23866
18718
18604
10274
2504
11472
1790
36728
12282
13856
38538
15974
1746
59700
16446
678
13336
1416
56998
5442
7892
13058
15068
1744
13798
13888
10230
90592
15010
12970
5480
356
16228
72096
51408
57094
7762
3088
17374
11926
5466
16660
4690
12320
28392
10308
7184
88202
84238
12732
11628
94008
17716
11674
9910
13256
17756
18716
9630
760
5368
5292
11484
10634
6156
8842
6634
10698
10470
19282
10320
3536
1852
50942
5108
18092
10274
18566
7816
1244
45314
9450
3744
1186
12166
3550
2758
7058
19538
17648
43104
77746
6628
7926
5534
4312
7884
6132
16636
3578
38190
2330
29860
8202
11682
70440
5860
18128
61886
6972
10018
11918
93216
11240
6806
3842
960
16890
16724
71224
1704
1492
406
1174
17250
318
9338
1632
9966
11212
6282
63130
12132
5222
60458
10888
86616
9928
5850
7298
7518
858
9034
6086
3442
2010
932
944
94098
50226
93316
11350
19414
10314
9916
92904
92852
16196
7628
14522
6598
51314
98908
16564
10652
8952
15246
19506
2476
14382
14420
2956
9968
14052
15114
9040
14574
68238
12806
4982
17438
4074
8150
3252
2416
11304
6912
19214
18830
79844
17294
7052
13516
5800
3474
11754
6606
5878
19154
8134
11628
16926
14410
16844
13274
12026
5032
95118
16068
5364
12162
62080
18082
17516
19838
14882
6636
15772
11398
17688
17508
4316
4572
18076
1448
19456
15212
18810
12722
18218
61832
7294
1482
6806
76124
15402
4744
19704
12904
65438
5868
6342
10296
84238
15090
40170
9548
18494
15226
19988
4624
6350
18720
9100
12178
11152
30980
9338
72
3502
19166
10318
39444
4438
6844
15352
85626
58740
11814
13696
44324
6036
52210
582
22078
59424
5506
14744
3002
4550
2902
12032
12432
3882
5602
8172
15422
14778
48072
15780
34246
77712
17414
4800
98698
13856
65710
12804
5242
4030
7788
17102
8418
70986
1518
3810
6880
4422
41028
8260
14604
10090
2390
19972
6348
714
6294
5592
15868
136
44424
13278
28592
15412
13704
7340
6934
46314
15542
11546
72948
4828
82812
3884
15740
9424
18870
2720
13024
7646
50622
13958
26136
94276
49150
14018
5814
3762
57364
12378
8940
17066
62756
86582
12976
18452
16058
13158
19508
17974
46076
68714
7178
14886
50180
85138
18884
17610
11136
25014
2764
12774
17952
2020
19352
364
8184
9730
83178
9486
15548
86856
9732
3934
1296
1110
5642
9652
7302
79370
2458
16304
44282
5096
10124
13494
5134
59650
9442
2494
8558
3120
94310
16074
1502
48214
82222
244
15288
52288
15472
13806
4746
18542
83680
2314
5362
10984
14314
692
6898
1240
16548
99918
9146
4764
9134
10034
49592
8544
24454
13814
16604
11842
3254
6780
52636
53182
16862
9134
3668
3234
18682
87538
970
2320
4940
81644
6512
6256
1024
16266
8992
3834
12030
13542
32930
8672
12388
46810
91956
1264
5724
2250
13448
34248
71530
93280
16896
16892
18578
12050
6454
18082
19904
19634
9922
5464
68088
9208
14058
15180
37128
16182
14832
6006
500
40416
4832
3528
6330
11782
10084
8158
4120
14920
8274
32580
18668
1218
7070
5716
148
6374
8160
8202
7206
11178
5478
1170
41956
8162
536
7620
1312
16876
14160
89396
1672
12278
11852
4250
11664
17232
33114
21996
6852
70794
15364
14582
69360
17258
2698
2154
33838
13486
19628
10400
19368
15620
59926
14524
13272
3678
9988
24592
3800
4400
296
15112
18118
73724
19274
1464
80610
11134
17142
13288
3868
7784
11150
60138
16958
7634
3584
28
68626
11650
3556
11486
76094
11310
17194
16138
19158
17388
51584
94676
4860
18998
40462
42244
16642
1438
5168
9052
6430
14104
32922
8286
7026
77288
46352
11598
91356
7192
2892
14298
7766
716
81852
11988
8674
8600
252
16704
13538
16660
5878
16260
31704
18484
11950
74556
19586
55690
52084
19262
2946
88240
6220
1084
6042
2966
5394
89790
48582
87160
10572
16688
4710
46066
14046
3004
1674
19662
9844
15896
23970
3150
4582
18364
16960
7630
15024
1666
8022
12320
7648
5676
10768
2574
5222
524
10340
14602
17348
15022
15428
8712
19958
80768
57196
9842
8588
12226
7526
10974
10208
7966
18510
73632
19250
16608
9430
1012
36
3102
66528
11476
794
43636
4384
56804
1948
18676
12150
49618
1734
92384
95008
9788
7532
86142
81986
44704
14708
7908
15148
62056
16978
7368
16272
80994
14724
6122
20546
7660
9382
11252
7260
13440
3224
14336
11330
36872
7288
64116
13858
11338
18702
6106
60056
39258
16306
16088
63532
89320
10950
7680
3286
46554
10396
22658
17226
13928
12272
27454
7696
7500
18508
13480
14502
15808
11554
92050
85940
74608
31372
18894
9710
11976
17938
352
5508
7036
16908
16382
2744
15788
4836
18630
11788
8876
6486
15230
2418
10844
10464
9610
7574
3204
12496
13276
7828
11888
15750
13296
15882
99458
18600
7542
10866
3188
19200
16182
4134
12638
8178
3956
5342
12058
13962
84748
18242
44290
9412
2894
14302
1436
12198
53472
8302
11534
11102
1998
3910
13586
18848
11930
31982
7976
8700
6144
1378
17186
2602
10146
8842
8138
5598
7378
2346
19570
17834
24358
9536
36116
18798
2030
15602
12424
6262
95612
6334
14012
13694
3804
17016
5776
35832
2654
14346
7212
18446
15484
14772
18350
10876
10758
11568
16874
7014
14720
9138
4958
7030
4792
19692
2768
4332
13694
10946
28738
5606
1374
1482
10606
82888
9998
9242
3218
52000
79492
12014
3346
32262
36194
1964
16678
16154
59036
15458
4312
14512
68878
9564
19758
12096
19070
15628
5350
5018
17538
7972
6170
2038
10860
71300
35900
77928
6878
17668
586
47282
19716
5614
12970
14828
30182
15570
14186
29818
58326
2716
57010
19972
9450
10606
14200
1128
11536
98984
2004
2236
14120
2372
4260
14858
6990
19050
16078
13322
64670
42612
21404
55952
83594
10318
13058
15416
108
36394
2152
17340
1168
94278
10476
9760
29672
15332
10098
3560
15690
7536
18156
11664
17886
9110
15760
23610
20234
5170
5174
11892
8758
97212
12324
42656
1780
5266
66702
16138
10318
3686
13356
17106
16062
2284
9206
10678
4548
3444
15500
10940
4002
2230
49326
5506
10216
17106
7598
15338
4894
13524
17444
12564
84174
6458
11420
53766
1006
6384
1116
14652
11554
83232
8150
12956
4318
37702
3170
14880
13054
3952
7664
10584
154
8154
6898
45874
93926
4002
10998
3126
16080
10882
14632
11358
16316
11040
1676
81996
10296
3752
67948
6212
3142
13986
99952
2192
4128
89542
1996
908
9342
11026
16692
4526
11204
21748
14252
65634
232
19418
13336
12768
8742
12922
11030
63310
19690
20646
5446
15020
74402
6754
6788
2188
20948
4536
1186
17672
13262
13352
36936
9172
13562
24932
1924
18828
19318
13750
4434
12440
16014
5324
11978
3504
74750
15014
1068
9872
17924
32312
2988
50740
17654
18892
680
11774
59906
12998
21996
7244
10956
10662
15160
13360
11924
13384
10688
17388
16508
920
10716
16542
5734
19148
12900
5450
2182
12018
470
8810
9016
4440
75194
8152
8438
12726
13598
318
13818
6382
13834
15970
6766
96242
3718
2034
17684
1678
72852
14844
5828
4064
17842
81510
16194
7656
3784
15646
3466
15300
19474
13682
76794
10626
16206
18748
3792
10480
18882
80868
8450
18934
13290
1256
17188
10594
8868
4852
11042
70306
6866
79116
14300
90906
5160
11622
12696
55640
792
10512
19014
14122
19554
46740
6700
15786
60554
62404
14828
3100
19822
6746
12528
14300
6148
15880
9606
18842
35644
55530
5850
13756
488
920
7326
5844
17068
15608
5258
14484
384
15474
14636
2144
386
19144
11578
4670
18498
8216
9646
9408
15160
18106
51480
5330
23220
8702
15470
77090
85006
15112
98
17942
9194
3388
3642
13758
3824
17482
56176
8542
540
8432
12682
33698
68636
12234
19800
16286
7184
8168
72272
1034
4430
84718
74418
1870
14176
8936
12526
54256
12424
69988
11016
14776
18240
5766
7824
63222
12088
13118
10498
16600
2454
10736
95902
3682
12594
29522
980
17338
12018
14010
1158
16824
7716
10960
3420
1734
35656
78818
8244
13516
14896
8540
17566
17728
15396
19020
39874
18112
53290
1634
5156
2854
2998
18166
8926
15748
16122
11766
5760
69820
11254
3776
15352
4842
19444
41198
9008
18
5534
17724
1532
76838
96614
2882
1942
5334
41648
3876
15070
5376
10120
61816
6842
18860
99550
18002
5394
16326
35870
48724
17688
94668
10232
18320
2904
19326
15762
13470
17660
48238
10020
16526
51858
12796
2300
17620
13682
49612
3930
78616
12636
708
4140
19418
2948
85328
14124
11732
2524
55240
31168
17864
74232
19742
18178
12430
1560
83106
17702
57032
6854
9574
688
2186
14204
58
10358
2754
3890
7486
128
12566
18112
11646
446
6930
15280
614
19088
13022
16866
7392
11202
4800
10918
4476
9400
19566
12032
10106
6918
10490
6164
38538
5492
14600
12920
8420
14558
29196
10592
67950
11026
17540
43270
33360
67608
4330
12572
17788
1984
7298
4658
5572
5318
2362
95268
19832
54728
3008
57920
2572
9930
8744
62934
25062
11378
18942
19086
17510
8106
5878
15838
3004
842
16312
1934
8550
16826
11518
13362
16862
17906
7880
10438
4490
10998
5998
18714
1504
67806
18904
63850
3228
11656
5458
37568
40968
2942
2990
64616
1894
17348
14392
8050
18348
12800
5112
17486
39298
18680
91240
43682
6862
76096
9014
1818
16790
8302
17744
10318
11024
552
7110
18610
2214
5564
1976
1808
16278
16200
10292
2208
84502
15534
1792
4584
166
2670
16052
12390
17494
9072
11326
2768
6238
3774
8802
79778
6520
14350
13182
3992
64716
4308
18174
17618
17174
15420
2828
8220
77626
14942
2896
3850
16380
15316
32230
54024
2116
11418
12566
15584
19618
30240
44092
7046
13660
5696
63800
13510
9192
35824
47892
81410
5314
16788
816
27306
5852
78288
18972
13250
43946
73344
15156
93652
83984
16192
18172
140
5222
9148
9150
554
16422
3198
33376
9442
8212
52066
10074
67984
8546
90322
29678
12494
5448
4258
2272
95930
35750
1478
77258
29512
15144
7310
6760
58828
4728
9916
29004
11926
4872
5568
16632
5606
6322
18394
4868
16086
11508
7934
7466
67890
47694
19334
14326
15750
17550
2442
11380
9176
17300
3074
5294
19690
17354
16850
4840
4704
7546
6268
6358
80
46
64916
1438
15382
5232
8028
354
16728
6462
88634
9268
8304
20414
6710
3402
4918
6814
18302
12658
7334
14478
2400
10252
18830
11882
82334
15384
19210
19220
8072
96612
12182
5110
1556
13340
18438
62656
19234
6290
13180
14674
1792
14380
13706
9908
52466
19662
13560
13370
9810
18584
17312
714
19528
15292
724
2008
4766
9990
18232
14724
978
19776
62086
77930
3340
29662
3630
62046
8616
25306
9186
7836
86346
76648
13494
5218
13062
16506
16134
90908
454
13228
10044
5280
77610
17140
69308
15916
11368
13036
19320
2160
13612
17802
4016
3718
15574
78344
74342
21132
90240
2830
11662
6594
15950
39794
17262
15932
83596
8448
18120
96954
7064
1402
14568
3614
9100
120
75844
1480
8848
1898
36066
14598
14742
12242
16166
6384
2754
28346
19588
13668
12606
25988
19122
48228
12202
6812
6048
14442
29648
8082
1248
10798
974
1280
5790
9226
3576
3112
4564
23504
23494
16374
1976
38346
16346
7244
13100
18880
8718
11524
16678
11816
92916
17670
66232
19286
7496
10422
11178
12424
1540
774
10904
7850
2598
6226
8596
99160
5034
7576
52270
10418
39552
12056
76228
18476
12116
15932
7216
26460
2662
17858
11282
15030
91174
12828
56272
75080
15814
16136
74256
14598
8428
19444
65336
13800
18744
9876
7604
89080
3822
5688
10358
5256
16928
14072
9780
16632
15494
5452
10220
57864
6232
18564
17176
4626
84794
55498
5066
5854
12398
17358
4584
3730
56076
19676
11146
6206
33364
50170
10184
2242
8112
9024
15754
15746
64094
2178
18964
87312
59940
3930
18590
81724
81448
18078
864
10232
4586
4112
1262
950
2218
12366
2148
1674
87558
3372
11010
18286
19036
7242
19436
5832
11538
18038
10332
13426
9502
7620
15170
10372
74592
3458
18768
13766
16962
17128
47994
10472
14326
1494
18240
13650
4716
15732
21316
10556
2360
438
7802
9626
18998
10076
9366
4254
12420
1568
872
4328
17470
15038
93228
14580
55600
184
8014
43984
17882
79126
8766
63930
18052
6150
35368
18138
95146
13426
12278
8276
42392
24866
18098
15866
16780
74244
1948
9078
12626
1010
52560
15890
2262
6538
2994
52124
2614
57794
12848
184
16534
2632
12758
8376
12904
8022
84726
7632
9298
15846
7868
18556
8126
62792
5378
8344
99864
11454
17110
19454
80800
1960
6800
10670
58240
96788
19038
19902
1862
6098
19998
19086
18482
98050
1294
690
19802
278
7802
8014
76956
7858
10704
3430
1044
2900
40474
10992
3606
3660
19146
45500
17286
13810
2834
12668
18304
15590
15326
18758
7190
78236
64678
9432
12726
92186
8342
9256
16278
12044
4198
1150
11904
19900
19134
3082
4750
2098
6338
15500
610
16362
2302
96124
13850
13862
5270
19964
14412
13008
13170
9438
17496
19204
9758
1522
10196
1716
7206
69734
8964
1688
14388
16272
13198
9804
19352
12408
2420
2110
2306
10458
67058
50954
9934
18422
1916
1660
8288
3462
40096
662
82280
17246
10452
6686
9762
13152
66102
13518
11002
10966
11510
14592
13640
16702
8592
16466
8480
19364
93214
5466
9646
10380
18206
15932
4324
9950
95910
83048
8094
2218
54728
12928
1910
5902
6450
7246
81908
2410
27646
5836
5540
1820
11030
12344
670
16078
14666
16356
6106
18128
95844
11220
8380
12410
92382
3112
3994
15264
3664
5964
17222
68008
15158
1922
99346
7382
10238
2344
15356
9876
49544
15870
14708
15640
7328
12446
4426
5546
78678
7844
12058
3188
13788
16122
15728
1462
12402
9908
8738
1514
7466
13852
15006
17186
29560
4504
18282
17818
13814
19770
13218
10890
7226
75286
3030
1428
11434
3584
9918
64880
71740
82538
53474
4162
5594
11848
43360
19630
11502
41828
4834
676
72326
10746
41306
16718
15816
15334
11760
39432
8032
15176
16286
75534
9850
478
2870
12392
8674
9192
10422
18108
46126
48524
71680
6266
53566
16754
32
6684
17728
11332
14308
648
14706
24304
95644
18610
8920
3104
8066
2192
5988
17932
5450
64734
13542
10644
1722
7754
8324
35378
10322
12836
17160
1208
21112
14152
19144
3068
17302
96336
338
16142
98482
1974
5846
11428
42174
16290
68332
7800
75256
7750
9230
62208
19062
16592
5480
16232
14280
8762
9952
10784
97002
6306
16732
2086
12698
13412
46638
4928
3940
4252
4538
18116
7992
7656
1572
3808
76902
5954
24632
17636
48648
1750
13626
16328
5846
3202
2358
15080
18008
2970
11012
5632
10338
34744
7630
15298
2210
15738
90710
5674
3242
10064
95294
17462
14060
19898
2948
16042
4054
16404
14098
7890
18262
33040
34820
16868
14848
54366
17952
4890
10674
16314
47010
18682
9632
9076
13868
2354
6138
14790
3544
14400
2982
14422
15340
1908
80994
2326
74966
14190
33246
18322
79410
14186
13788
5818
15852
61430
14758
6674
156
4960
30302
13354
13744
4610
38606
16410
94
18212
996
19180
13106
15730
4938
8444
9916
12574
338
13082
19184
17936
51064
87902
15796
19334
8116
20892
9494
3572
3776
70520
29280
9058
10880
76968
2756
17110
5294
15168
9716
1648
17024
11786
12218
5704
4112
16136
11784
4992
11812
5274
15106
8706
10414
8988
13686
9078
10704
8926
56188
18680
8810
12626
88700
4914
9722
3146
14232
10406
16088
17878
17726
18240
12508
13584
8764
96016
67190
14462
50882
6378
9192
8014
9216
19952
17286
19642
5590
2106
31112
15576
7652
5702
90396
50068
13728
92464
10666
92926
19600
12222
19624
24348
15748
1286
18480
39134
11220
4686
3284
14218
1312
96544
82430
19180
2492
11824
14710
4826
1248
44112
19750
1188
12568
4148
6608
13360
63698
9226
6908
12938
15830
12236
10478
13946
10134
6464
4178
9958
3148
5684
66218
2976
3496
12688
13900
6398
17664
13438
17860
7212
60894
2450
17736
20
12292
14664
3360
15342
19994
15568
1218
98332
66328
9548
876
99584
19584
15010
360
3626
12048
6610
7856
9638
11406
15926
17752
18742
16042
7052
4592
16914
7278
69908
59868
48792
5030
8798
1954
14304
15502
1888
16732
40906
99178
8094
42792
6718
16724
15800
40360
12300
19888
11274
18726
2198
8242
52834
10388
3406
48916
18118
9644
6486
16928
32998
28074
13698
3180
11954
25682
9242
794
16208
6942
10992
13132
8592
8494
2364
19052
3032
6086
3656
9532
9506
3840
7038
30554
13544
10686
24628
10476
8534
15346
13914
6484
12446
19560
7580
42940
12502
13466
2882
11630
136
9290
3270
16544
12300
10238
19522
19420
9380
45722
96306
12044
14764
13240
1940
17246
2876
11634
12136
232
1172
12858
17088
17030
16078
7546
25762
156
7256
8056
9308
16514
17350
82838
2652
9632
8032
2706
93388
44986
12628
8566
17512
14818
17878
10652
17842
3612
9778
83240
12998
34560
33162
65230
12784
48878
26944
7832
7602
13364
73732
12056
5722
14550
34496
9176
9782
9060
17506
82634
5192
994
15752
1828
3752
9770
2782
362
18630
1952
8204
1476
6096
19278
392
4500
63930
7358
11910
16062
1160
14820
46384
14018
15016
55212
50166
62890
21704
814
13118
15122
37654
8252
9652
44110
804
99532
76878
3148
15220
10716
8378
3384
422
90414
7390
9692
5430
10998
15156
2756
6690
52770
12906
17134
15686
16302
56518
26078
8664
8200
12842
69724
11034
16802
41202
6892
15832
46596
67120
2726
2456
17062
19748
4284
3804
13334
18334
6972
11862
6066
3948
1458
77358
7272
31206
1134
12718
35734
10826
19852
35560
2226
13542
11858
16680
2378
7172
4456
6052
14206
6346
7612
8134
2746
49912
31224
5054
67646
12534
17922
4956
9342
24754
15022
94604
5614
95814
10652
16050
10630
2114
11110
13974
4762
2336
16830
5768
56136
16974
51316
13304
6412
18162
3390
11294
43190
6352
63668
7224
32724
21364
17894
1196
19360
3154
35104
6478
15126
17746
3958
624
60606
12550
2332
14974
6902
20366
6124
9934
61144
7308
8434
17890
90998
2086
9776
898
30840
16914
18858
43140
48472
16266
10082
9768
8920
9990
2656
1126
19058
80184
1900
15362
11820
17850
2222
3328
3480
15260
16842
3496
4666
17592
79266
16348
2204
130
12814
10560
18768
12896
59288
1256
18686
85156
7530
9026
44374
65622
13034
39536
2636
26188
71780
12612
81618
3884
12536
9056
2852
7414
3846
18590
11708
13880
13156
16448
992
4546
19524
5760
7672
3624
94766
7114
10514
4244
11884
2634
12068
14680
9036
29666
15214
14910
7384
8690
17702
17836
19280
59002
16292
97974
28
860
47918
17442
16200
4136
16250
17792
43928
5604
11950
17178
13328
8880
14148
256
14022
2638
7242
19844
18740
15430
2944
13716
15554
5030
5884
10016
8342
13224
11706
7980
19950
610
7974
16036
19834
16226
19796
18356
17932
4600
8754
13320
18032
4670
54770
12048
19774
13220
5692
2112
11314
3406
14536
13934
11670
1782
11610
13134
7538
3294
89494
24094
6820
15782
69566
88668
16790
19628
32236
11648
6500
13066
14236
6644
4376
67020
55790
19012
18024
80398
15748
17738
7828
9120
64138
19986
6652
12860
13952
5210
5090
12812
11424
8480
13218
17076
16046
18134
9072
17440
12268
19580
3770
44898
37308
2462
11824
60820
41040
1924
2666
11918
75180
6554
15900
14610
52358
27408
85514
14354
91760
15320
4526
7996
39302
15706
14240
42180
2984
84968
4192
6206
8938
76962
15028
6362
12894
3160
12046
59072
54738
94784
18672
55188
3238
30570
5954
14040
44840
19640
1540
2856
10796
3272
39308
19224
98762
75866
1674
1460
1876
1040
10246
58942
17938
15866
15518
3312
93040
52704
99062
29080
17982
56034
4078
4172
3434
18088
23324
13042
904
2220
65728
7476
12384
8030
11636
4016
1000
3586
77848
44780
51944
5010
73592
18912
79432
9486
5822
21936
9494
26682
6412
11576
11614
92006
60
33148
10874
9960
14950
13294
18208
12426
17790
28600
10982
8226
8270
16128
17010
19678
7546
19328
16704
19896
1610
12672
17710
1790
7996
15180
7158
3778
69552
10302
14036
8338
4522
18568
9958
4712
6232
278
7644
8296
10856
12674
4624
11868
15502
11540
7816
33766
268
12134
11062
8424
4632
10482
14500
11766
4988
6636
2652
19356
14386
32308
66464
2042
24320
4334
14736
61808
34830
18790
82318
44334
16162
14168
680
2846
1674
11806
5150
12942
1388
294
12158
35192
958
7742
43094
17222
18020
76444
19548
1548
15364
2112
13928
43736
14810
1560
6134
94658
7832
18818
2068
9892
10900
3812
14446
16030
46278
97734
12712
2182
15318
1116
92558
5282
19522
13350
80486
7498
13256
99222
19316
7972
19840
17176
8224
48726
11864
6248
23032
7754
3980
13536
83574
50372
942
16174
1230
17644
7692
7206
5304
10472
31360
3654
21918
8676
86084
52370
5920
18376
976
74872
5514
16832
5324
4122
8582
34704
7836
7490
19240
7930
8284
9146
10272
16142
48540
10226
11956
82024
12782
7314
8810
9678
19672
10596
19486
5896
11172
8118
2610
48690
19392
75190
3986
13740
2418
19652
6672
12886
2270
86834
6910
78084
3948
54162
6636
1940
100
12934
23612
50838
83442
19554
17816
17520
10296
6824
50518
77140
14474
5190
14466
6816
5930
19310
13140
14234
14344
15140
17034
3874
77228
2374
15030
11312
5642
6406
17842
2224
11596
12326
14386
17168
7210
11812
12178
85654
9180
19998
6248
11760
54578
10268
10634
29178
15256
15114
2586
96144
19814
19802
4604
72066
18152
3756
18228
116
6034
10504
6774
3912
48728
734
3934
7768
48250
8126
46804
11550
66836
60722
16358
9700
5822
46268
2180
3796
15464
18448
17462
19334
36306
7854
5164
6194
17386
13964
17028
12006
1902
11766
68622
9162
15224
11176
15314
18520
11250
92194
17786
1828
10964
7022
5008
17236
1084
76
6162
7414
13346
2428
5602
16146
11410
15872
41792
55738
17370
3974
2402
18906
7520
36308
8842
12868
33160
3766
18264
3786
11246
19540
8770
16586
12016
9244
71514
37242
6046
12336
19938
8656
16878
17990
6668
85434
4896
14694
7084
24058
99390
10952
3276
28488
12146
696
9462
13244
11464
11080
17750
9364
17286
17186
14582
7570
38488
29634
15066
10190
1724
47420
6870
3684
62760
4276
85226
11752
7914
33276
70406
92698
94968
1244
14958
5928
10240
8370
82030
16984
10858
13082
4162
53016
274
11464
1074
1680
2056
3312
59114
7640
1284
18524
16796
18856
3252
18678
11848
83618
15598
820
8872
5836
7034
15818
4290
6818
93972
5672
93226
6990
78442
91258
10496
15050
11164
13090
20732
19024
14408
2562
2754
6338
99688
11046
15950
93954
1196
48852
6976
3668
2592
12786
19340
15858
13002
89886
10044
16496
20330
46650
9992
55258
3196
13198
15150
5216
71398
14030
4152
8954
5486
16838
17598
14568
6110
13198
9796
14646
86416
8598
13084
1988
10544
10116
12070
6798
78158
5480
14542
10772
282
17258
2138
12200
4142
3948
12144
2890
606
16920
11300
18404
15614
14586
70850
9008
90360
11180
11012
17224
6060
11996
544
11970
14076
3390
13258
19078
2896
1142
93246
18234
6002
8338
12400
16188
14076
15204
8578
38248
5462
43914
5784
8040
8138
12356
9904
9180
1574
16412
1566
16818
1788
2522
13852
1598
1260
7810
7726
17654
62826
90968
12578
17510
3960
17002
74580
6540
9138
10820
93834
5184
2634
12712
8624
15978
14420
15444
8510
1524
17970
79774
11762
4954
18096
88738
3118
75760
1100
15006
1638
98612
15202
1130
6988
19056
10852
1614
18494
17902
3370
99520
12574
15526
4294
16140
5714
16410
14906
86576
1430
83762
7262
8310
38290
8308
6148
10148
18490
138
12430
18734
14582
89656
32694
8670
1078
4792
102
15806
13958
8142
2610
19988
9650
18574
2646
13092
14736
1912
17810
12888
152
5416
2770
2086
17054
17318
11906
33068
11864
14916
8906
15488
908
3018
60482
8392
32938
11232
18706
18520
41676
2240
1164
1528
5126
72052
15226
19218
1438
63678
11302
10930
18538
40878
2040
164
5968
96242
9138
16302
17202
16568
13708
10306
4216
11254
66736
15310
15126
510
18994
11522
29838
17484
4088
19310
7756
86206
16046
14938
3528
67416
89770
10976
9210
10868
14428
13376
16246
88404
2854
17436
20220
16094
17292
4162
14760
80794
5336
11350
15142
12930
9790
12068
7784
19316
14136
19058
7668
12460
12930
77224
54630
50038
87930
19216
9086
9456
18720
53978
3966
10790
9988
18180
2316
10712
1266
15190
75554
9080
66878
19240
15180
4422
11372
5098
19234
13752
7970
84274
10800
6518
10568
116
2628
84456
16586
1954
11198
36412
76736
19450
16690
10088
9920
13742
13618
132
11736
12072
852
19348
13236
12448
11718
16508
18938
6246
19408
31142
17614
17778
16416
87450
8240
14218
11898
17474
78852
13352
5352
51450
47766
5116
7736
260
1682
7800
2036
8298
38850
52834
53290
1938
6560
5024
5350
7466
93706
334
27162
63860
66466
6534
10126
14326
18898
10468
17342
3062
16930
17528
9430
62536
29328
13414
15256
5164
19030
15320
15942
7664
13314
10594
6112
12124
13714
9388
14842
8426
9358
41754
6628
15776
15710
16428
52680
72128
12626
19432
85792
19358
3118
16182
21372
17532
19850
4380
6214
53412
11046
9186
8320
13134
16228
37006
16288
35628
11388
8858
19838
87500
18990
19630
3126
19972
81378
36536
62
9184
2716
85478
8098
15906
568
10130
5364
6506
5562
9538
18192
52722
19300
9210
9046
17516
57554
11264
83568
10592
19926
93456
3474
6044
10276
15060
74630
18838
74654
11100
18790
4048
92190
386
11496
14814
11446
16448
4202
7464
900
7014
14888
7980
19462
24574
18346
4352
15356
82932
12954
1580
2452
11426
9390
15974
14424
14676
8296
16700
5022
6834
23000
4354
5332
8774
7452
2284
10514
10218
18978
19716
9998
13414
10330
25376
9042
6636
1886
14284
5602
13924
13424
1282
68238
1874
16938
80370
79740
10526
1650
5062
4212
4176
6436
38416
13800
1610
12172
66888
8360
398
7804
19362
32530
14108
12292
14530
8514
18998
540
40064
10
7580
9362
5052
52166
19130
11634
6356
17660
15982
18912
10492
1340
92740
14226
3832
36562
1644
15222
7042
644
18950
1484
91210
16194
15066
344
3738
3932
2338
8072
14262
94094
11436
60106
18778
4362
17696
76486
7908
4740
92816
17774
18532
10276
6126
12306
13082
79474
14614
9714
73216
11924
14226
11746
17244
2506
95698
4054
9864
7840
92356
11648
24658
9366
12940
7332
16006
14016
14336
12838
25920
1256
17554
13600
8314
2652
15450
4912
17538
17264
16712
7754
14220
7930
10628
97180
1540
14412
14490
31532
3482
24526
35412
63920
16684
16954
15986
19198
44396
98740
586
11080
18166
30104
2766
64960
12482
4668
6648
11150
17196
12936
18670
17618
46688
9706
12124
9720
7956
7842
17630
5156
290
1882
5938
9424
3694
2444
17830
6830
9550
13774
19696
7228
63516
3998
29250
44950
6754
19564
18500
4638
282
22562
8630
612
14908
1036
592
18816
24376
14460
12072
14870
6372
12706
14960
1088
14658
16536
17226
13638
18438
19768
77602
9744
70494
9612
17650
6624
11682
7480
6044
8580
55914
3962
1690
1866
10096
17392
1844
17366
7020
8382
3668
5166
62152
15336
76650
6212
16990
50610
48104
73642
22016
11878
1600
58988
51074
1008
4022
3062
70574
2238
40256
15562
658
13524
15250
5304
12010
6810
11776
18188
10902
91856
9320
15560
29866
14300
14166
3644
17890
7854
16978
7152
5798
12530
10440
16450
68196
3958
18506
7280
5988
50050
15200
3666
53890
15312
2460
15308
2594
33326
10558
17334
9002
16594
59196
744
930
5832
6902
17132
11882
1038
11792
16890
7906
72894
18008
7722
83244
7244
1988
42838
16360
2846
10054
9482
13998
6344
12610
9768
4548
8828
7306
5948
11772
12510
11910
5424
9688
12536
4988
3026
4978
34
7040
11540
14436
17578
25250
17278
23438
13722
4716
646
39980
1114
13556
13780
190
15336
5740
9510
5088
3844
282
15960
1750
58664
17054
284
87282
14776
4254
14908
10632
3476
14392
33420
13750
2664
91026
13510
15244
43174
4438
4572
19496
7784
16042
59396
81298
17854
13278
18180
84156
60982
9880
1552
88218
18590
12636
15428
2520
13280
18824
18222
51220
8628
2392
3050
5004
1460
16482
3764
2380
6714
22730
750
18344
37190
17444
1868
3232
4192
72570
6618
81360
9512
8646
7134
19262
10396
17602
16556
3000
18240
84964
12184
13074
17056
7038
11486
6906
17174
3336
2820
9254
15436
6368
11544
8444
40822
2230
16690
87646
12436
6848
97420
8102
7126
4258
19924
7184
9462
6404
14294
46
17508
12424
57726
9070
87232
13032
8374
29128
1570
1088
17994
16624
18650
12642
65274
15664
5634
10792
3892
12274
7920
18414
48440
13070
10170
15112
10084
32578
2424
7884
6876
9658
9974
12074
29202
57790
15650
8474
6932
7100
1820
3978
35922
56578
15786
2222
67978
18086
4416
12158
16740
16052
7130
1100
2350
276
6922
29716
13412
11962
19530
2718
14312
7390
14918
9512
3042
96800
5964
6880
11242
25752
34840
4632
12048
626
266
12794
11562
17592
12690
2458
42420
6516
19748
34228
10604
2526
17958
8694
9252
298
1036
1144
7882
19910
11640
17724
10982
53564
19578
93366
18164
16952
2372
494
15716
8848
13636
13604
77110
1788
254
6408
5370
11552
65698
18614
92270
10442
14390
32852
5116
10398
4208
7910
2822
12108
12102
16340
10260
17062
17704
58938
4908
19970
16312
71902
3652
74312
5856
11714
12278
16408
9426
12724
11510
21030
18796
2278
89462
4114
2662
6094
18006
17862
1756
82056
16106
2728
72160
3644
17348
15992
15076
44620
9392
438
6954
9776
18282
14092
13840
15728
6236
6770
3664
76628
12534
7900
10562
11272
14202
58436
69992
6312
6614
18020
2410
11098
68962
3900
72690
1094
15480
3254
38976
6346
16156
11392
75586
12208
13186
8208
6248
1738
40328
13100
4790
79158
11350
19078
4436
16620
58668
17068
83644
11052
1988
4776
12618
81350
12330
12882
84452
81396
4208
3864
19866
19012
72934
666
19194
95858
2560
4566
6434
16054
1090
78464
14730
13560
10812
13966
14592
7246
2148
19262
1220
16692
13134
97590
12532
54884
4308
10274
9576
1100
6840
19180
19370
2650
2186
11846
10448
11576
3358
15800
10748
13020
11300
11238
14816
2632
3832
17544
11806
950
15712
63312
3924
6092
1298
4246
9670
9064
18298
8278
9554
73580
34896
38642
18466
3952
18252
1088
3364
17586
1760
5528
9244
16030
17382
11878
3024
78266
13332
55248
19786
16614
4442
16418
8830
33496
9112
8420
12600
18362
4136
2778
12654
97730
18092
5098
66742
22432
25264
22158
17194
2664
13894
38134
9818
3688
18232
53150
7262
8128
5610
304
46828
30524
10206
18048
13926
16514
15616
21648
43478
7608
6792
45930
6802
18382
2560
4190
18426
9872
80676
13522
11984
8554
20322
18662
1860
72662
7902
8142
9674
17346
2808
92658
8288
11646
15950
1928
10122
72686
30624
91862
8624
410
9538
17362
3084
5320
9142
2264
51808
81492
15336
12274
6324
46514
18100
32118
3314
4522
18890
53528
5866
23412
652
52456
82426
15980
9306
2872
29260
14948
7022
17900
6710
98828
15300
11722
16366
2260
5282
15036
12438
7246
5178
2270
3768
9692
978
52866
61720
11038
1314
7626
2964
6132
12946
14472
36762
1166
57898
6270
710
17580
11242
2516
10656
11508
13586
19132
12532
9010
11214
12722
83046
16662
5726
3152
6608
45162
14936
14216
43432
18602
3910
66128
68000
89996
14830
8440
11272
18056
11864
4062
900
11096
6852
15806
12240
7956
15962
56908
2910
68878
11024
19862
64956
80892
88332
4036
13666
3258
13466
15050
16586
11426
13496
18854
3198
26528
4540
34302
10712
14718
17042
10022
6858
15030
14200
80936
16932
12398
42872
6338
6384
4274
8960
15182
3724
39834
2718
6728
43830
7674
7876
3460
19084
51390
7178
4244
3256
118
16812
16616
9366
80424
32030
4956
3902
3786
40660
15572
93152
83096
14424
17502
18124
19722
70400
70534
19886
620
5642
59282
5172
10632
1748
7604
27190
70762
57798
19490
17370
5720
10434
1280
17036
11216
10248
8122
9704
4308
1908
13780
43276
4152
14506
6830
500
5484
32046
13824
4918
23542
75128
89976
7560
10820
17462
12092
7650
9440
18458
14418
2378
75662
48036
15386
78424
16802
8086
906
17418
19300
4286
14272
18396
13316
19976
20854
13046
15824
130
9180
64926
1162
514
15310
40754
3152
17566
7844
9668
7286
2114
12962
4702
5764
78900
64
9156
4000
17758
89830
82012
6104
19906
6792
10832
58926
53660
9924
8814
11138
924
332
4810
16268
16778
15440
15830
13796
14526
17606
56802
760
4070
18614
7990
63210
14288
28262
11740
18914
4568
3136
6880
8650
1364
4194
15140
89532
18616
10790
9856
13866
12498
35892
40
16962
5786
11416
15240
5690
19002
19036
11088
170
19418
52686
6776
4508
10658
4808
14368
9754
15588
17738
13402
6824
13984
10966
6564
87188
9996
86082
18796
4764
5240
13104
19530
9820
18202
8266
11670
57092
2384
27122
35072
17494
796
1176
5644
5022
95870
3578
8818
25892
166
17292
4320
23906
72
16128
16046
4774
14224
5846
6878
17738
12912
2604
18654
17344
3914
8564
81228
14460
15124
2342
36140
5414
6254
6014
19718
11408
6474
18714
5996
16302
5764
19956
15112
56602
3112
89890
7190
11680
12636
19100
3686
18522
16226
12416
14930
7186
98148
15442
3976
15992
5364
14714
444
9022
76430
19118
18448
2062
10698
19452
10926
778
1882
15262
19152
19332
4936
15412
13450
1628
7336
86336
2364
4208
6650
91654
17324
19118
11000
8540
622
12944
3590
70624
11388
356
3118
10698
65226
6890
15836
85324
19420
10294
14770
8320
616
3768
58000
7742
1704
14792
13742
19614
12846
2160
12726
2200
11998
4758
2700
14496
2424
13804
9166
86172
3546
15476
4124
41604
30804
690
35670
3352
13228
4688
7834
91258
2850
7880
73244
46678
14140
5494
452
9430
12346
17802
43216
38330
2386
8500
19572
7360
12158
4920
8744
15178
10176
13160
16922
4824
64842
7574
6488
3096
9056
11652
31468
59806
1056
4084
13112
2188
1376
1608
18482
15632
91548
79930
40804
4140
8590
2532
19364
16780
7454
12172
61476
7380
6014
16622
15540
38112
1742
11984
89732
15498
87360
53302
68798
16506
6426
2368
41068
18794
14674
5058
92402
50986
5380
5976
18334
5926
9360
16018
2250
14030
5924
95882
9222
4310
58
9224
5090
6220
11078
6464
3436
2120
16060
11766
14708
10166
9212
65480
12496
15158
19720
61324
4676
14378
4668
15402
14458
1772
10250
98348
9442
468
14016
12506
18840
16236
14512
16448
2464
2332
9236
15472
13280
9788
17022
57728
9124
5754
33056
3044
4814
7810
17846
6656
13470
13096
48754
2404
12590
78154
61906
57316
12894
10306
15406
17826
18544
6972
18634
8386
8432
12498
13192
5262
11218
53424
4282
146
15958
13298
18834
12672
90136
5392
17982
1442
15006
10748
69346
10018
19240
11616
96376
1370
13148
9374
47694
4308
18678
16234
17212
17288
17212
19534
2192
1710
27860
9718
59320
15778
13456
8746
10076
15188
28010
3488
7184
5800
17580
8842
7476
14384
18366
12322
17564
4148
11772
12898
6164
5408
59360
16016
14144
11352
9648
13298
67890
4586
8054
13314
58384
18260
14904
15634
10348
18102
11726
11762
620
5102
18176
7722
18442
16010
15580
5408
85906
14832
12558
9268
17286
14688
13570
2996
98250
5262
31288
13436
12210
842
19438
2294
3258
54426
6588
140
9072
18090
11232
4186
41178
16864
16304
936
2642
2566
8308
7638
17236
2274
11598
14996
55672
27624
17242
89664
16162
8096
15882
10904
41246
2278
85132
13604
15282
3862
98972
51294
7150
12124
42498
16694
17548
3532
15140
5870
14892
17628
666
3248
10638
18302
5950
8232
17066
4556
23676
43152
2578
20910
9120
14670
7916
34266
67394
1480
17466
97606
736
15928
37738
17486
16934
8044
5560
2694
16018
6204
17478
7312
17630
9252
4044
14990
3472
46550
5708
6230
3548
1816
67144
46468
1960
19140
7620
16060
16444
24040
4332
12470
5772
99872
9002
11342
2088
19306
1372
7642
10734
9552
19536
51710
10930
10730
19364
96496
9890
13626
3268
4644
51908
13968
49490
134
1452
19330
63020
6100
14704
82500
5694
10250
46548
19370
15766
3372
17682
6978
2780
1246
83282
12820
9442
18040
37118
6516
84252
4630
12054
7058
14968
1116
2316
13752
5040
10714
13366
828
46734
18370
7128
28912
11186
11858
7168
34488
4516
13030
16846
33578
14846
1400
2842
5524
3916
45532
12114
18192
126
4540
19248
5542
32784
11192
15634
5930
7182
31448
16050
86216
71766
13538
14594
17950
1310
5220
16220
17082
15732
34352
37208
8148
3714
2102
14124
10552
47534
10890
39118
33010
72908
4114
530
9218
58158
12876
3894
34884
18614
65206
13502
7572
384
10042
3470
5496
5774
11582
6282
17064
14254
39388
16882
516
14774
988
18896
1230
6258
14616
83122
11568
966
11808
72194
19104
18352
19558
994
68138
80694
86244
5764
812
866
758
9068
9124
8006
15468
10244
6114
70082
11888
19898
646
60888
4528
3270
7782
1990
44928
16384
15948
16458
910
17812
88424
91430
3842
89350
85074
6470
13418
52438
15046
19702
5862
15840
6864
16214
5786
1442
42900
2870
1994
15748
17786
13506
1114
79730
17396
18844
64374
18214
16262
1644
14704
9724
42056
27540
13040
1660
43968
13122
7396
18944
4582
6634
89042
1872
9006
19850
5838
16932
61592
2596
18280
93114
14342
3178
1196
278
3516
23058
11398
4458
12898
5804
8590
21464
3372
15974
17850
5368
85974
3560
16322
9526
1320
1694
38708
7000
9604
6302
16228
97744
19884
78532
2264
19782
3216
4002
96874
3946
7292
7806
8796
9166
13724
17642
15452
1908
57876
1538
16762
7948
18810
16418
4230
3946
17814
3034
10726
7408
8878
7218
8920
26668
81310
11358
416
30810
3114
3134
17332
10204
5424
59762
17314
11734
18486
1216
6738
83052
31068
14566
28268
10154
13870
6536
29416
15588
54124
9064
10696
14302
95428
19046
26362
19082
2408
2034
49854
10324
16940
69690
45796
19762
16216
10072
2158
15530
15102
14422
13052
17436
13044
13662
2668
89386
46990
12302
7604
7632
11346
5618
7632
176
5822
70570
8840
35374
18904
10214
12002
5766
2272
17368
982
18320
18400
28192
4800
7138
38904
85822
77526
7360
9292
15172
10662
11940
81414
1364
2676
12514
95142
57928
15730
17124
15976
18564
16646
12992
18596
900
84572
17876
4592
7732
1884
436
4246
122
34944
14178
7402
14424
32186
2286
18688
8982
10786
60
2256
1106
37508
91506
17122
11126
14582
78786
10200
2396
42590
1580
6682
15658
16584
2240
12988
75322
17698
14650
89208
8490
24908
5642
12636
57358
1484
5138
12352
49368
14878
18866
1100
3610
37430
16652
15186
1220
18120
88070
14474
19860
4048
83474
3220
12482
69956
33424
13464
15522
9876
9616
68166
47762
2064
73252
7202
530
9422
51148
19630
64358
91150
4424
12854
96
94566
6060
18410
1676
12352
4156
19266
16950
29000
3854
98404
14672
8406
83660
10984
17618
48842
40712
67106
16852
12928
19590
41646
6144
13808
5984
88290
9382
29624
7798
6870
92988
614
2266
74262
10544
87988
5648
6610
16558
19772
14212
11634
9874
10908
71992
49294
3104
544
17904
15906
2454
5546
6670
19150
2780
18146
10876
4938
18002
75008
15672
5582
94198
13888
6792
75036
61288
19794
320
89124
33702
23276
4536
17192
17606
7332
91156
19506
3114
9030
2
68280
90984
8816
6350
80192
17726
5108
1504
83456
1994
54520
14120
7244
14030
32724
69326
8694
13234
12316
6540
1890
11350
16974
16118
13080
78114
9746
72426
7836
62238
19884
4772
50872
11694
60234
73982
6560
34166
7442
5252
36472
8800
11330
5062
4052
11282
1884
492
2710
13840
11338
5566
8642
7158
90606
64482
4002
89992
1998
17768
3140
63758
98260
85288
19254
11516
19106
29666
12290
81176
16926
13770
37096
11812
14522
74076
17532
26828
8920
3220
11382
384
89354
19494
1050
3472
31602
3300
25930
11738
6676
35644
14314
9502
89104
2402
14522
15544
11310
11310
11602
12380
15064
13970
4046
4048
45946
13572
15378
77030
15838
9968
27116
5848
18332
86910
39604
17924
16748
3554
18848
1134
55316
45942
1184
16002
1240
17702
9678
18804
17360
7592
7252
12146
4158
19562
17246
8742
8334
1550
51802
10112
14912
16272
5674
11468
13128
2460
2552
3418
14482
49350
14732
2618
22344
67014
6674
5560
14672
93164
12236
18602
494
69616
7558
17058
19522
68598
11376
16578
7780
28440
8690
14296
2462
96774
8772
6412
17020
48066
22796
52116
6874
52048
23564
1374
76498
72284
71004
9032
67298
2066
13700
11672
95076
16926
2560
9326
6732
7310
2634
998
80658
17542
13650
4434
7450
5492
11278
38288
364
66644
1878
81380
12166
8312
1984
51688
9502
132
9042
14962
11176
40444
19040
16118
3194
17694
11436
16112
392
5296
45430
2966
16338
13134
15328
91460
19424
12292
9256
9226
19366
14822
14744
354
1888
62706
6144
6340
2110
14560
34100
956
884
17166
3984
16310
9798
69638
1212
5892
19266
13030
1320
14400
1946
68598
5400
55006
19318
14938
17740
5012
6676
2320
12548
51684
6858
16782
66348
9690
3936
96472
6564
11750
6230
8326
808
17110
8154
33340
458
7244
70
9476
79830
10052
41588
2572
4042
13584
15084
24426
21174
52712
9384
9366
11708
19860
11970
16100
4414
8722
7518
2126
39288
3076
10952
15318
13634
1942
3540
562
6700
16586
18706
16558
740
6014
37970
8088
14486
73502
9192
19506
6910
1728
16148
13256
10706
86332
18210
14180
13676
6118
5620
15210
36984
1932
14370
9460
17724
98422
4792
14836
3574
11378
748
13842
6564
34446
59532
15862
18566
76166
19896
13714
43664
16268
6828
10302
49216
16650
42510
13082
46992
67906
15364
542
6750
11656
3544
25430
3730
5594
4680
476
10626
9370
15472
14284
14996
10296
18364
99758
4304
11380
18322
9788
76010
20738
36768
5090
93504
70684
6360
7390
14206
886
7286
70640
11214
3018
1702
61288
10622
8032
38440
16362
13940
4104
15838
6878
86666
11888
4540
18642
14942
8218
11612
2812
11216
5582
1676
18372
11070
4658
4594
10728
17558
12384
8356
44048
40628
84684
11842
5998
18446
12492
15808
14084
5536
12882
15816
76038
11070
4018
14660
5934
616
10244
10236
4874
13802
8640
14880
1034
19652
17826
7010
5242
82986
8728
83030
16518
3666
15334
19820
17020
68458
16792
10740
5306
88364
11496
7292
15760
55850
68090
14258
6100
16460
564
17086
16328
724
950
40436
18796
13622
16302
5650
2652
6402
866
30
9910
11944
19664
16960
208
16018
10394
3230
12570
32354
14790
4268
11706
17388
79752
7708
5348
65906
15136
89572
14846
18218
53098
2512
2570
18708
17352
1746
12570
15548
57990
13988
7526
10054
82740
11456
18930
8924
1504
4504
6876
13496
35340
9320
14980
8518
10188
8014
9594
6942
43772
14696
3980
6190
10932
11026
18702
78248
46978
4522
15878
10704
1130
10334
2656
14154
12070
284
4302
14566
3056
13528
11536
1672
7080
16150
572
95778
2930
10140
10944
14996
19474
13420
20690
14396
4974
98036
12698
19300
61854
15304
7592
14040
12310
7288
3304
14672
18430
15690
862
2108
7856
6452
15534
26680
12530
16096
4716
72746
36120
7288
12738
18014
16128
92628
562
462
14674
3118
10634
14540
12640
1168
9344
15550
17464
19072
45614
87228
14786
1540
9894
75554
16506
10956
2708
75012
93770
512
44516
6896
2556
12850
3936
12532
1594
4734
16756
15794
12176
90102
11694
13356
12692
44726
57588
3538
8828
10442
15082
2870
180
8004
55994
4756
55794
11936
18358
15464
37338
9108
18434
31834
21016
6492
19328
7972
38996
26638
82022
12770
13022
4440
74214
2050
12970
1602
10072
5938
14810
4680
6788
12866
10954
13144
96828
18608
12948
15578
3574
6888
96356
5562
5016
54368
46910
16772
7778
3884
21910
11060
18012
13626
3956
18862
5600
278
1272
108
10420
16984
8980
2764
18542
16712
70050
14960
11952
75530
5490
9200
8324
14244
2208
18522
10468
15852
17078
15898
14876
37516
13542
5540
4028
80448
9728
61462
9378
75954
6308
9836
7208
13890
74612
17160
11486
14126
39894
5724
18828
73798
9846
17618
3906
46274
4184
7468
6816
18448
5116
5572
18772
12824
14732
9952
8272
39664
11074
5942
19818
9574
3864
11832
6468
5934
15090
9570
8912
89326
11518
8452
17892
6914
4510
6098
8720
6700
15716
45174
59884
7864
3164
18598
8224
14470
17212
6148
13128
2286
7590
13926
11768
50826
7520
84088
7550
8118
6258
3010
59690
18404
29808
5468
62106
26714
6394
9310
11450
16748
2148
19662
17680
8274
94368
5782
14216
9792
82864
19732
85200
16894
6106
18192
18900
10388
5342
14118
7294
4050
5978
17542
10124
14596
43638
31766
398
11912
8184
17624
10542
14976
14278
17452
75146
16962
262
19208
70978
10030
11086
3936
6504
2286
5480
62060
89748
5120
14626
10834
8626
61316
17196
4800
85368
18432
12202
85284
17436
11448
17676
88920
9780
840
11106
18170
6124
4918
16720
44276
3088
4830
6514
3336
10912
85584
12530
21540
8284
1244
14262
24842
4612
93920
20398
48322
79760
1736
1640
6124
79012
12664
19048
17014
4330
60008
680
16446
90616
2440
16016
16610
73290
6076
67576
16290
16942
13502
2210
5596
95000
97890
15442
8790
40
7964
1900
11110
15038
5106
9288
5804
356
794
1626
18142
13400
38030
19350
18442
10940
4356
54494
28490
9656
17628
66902
8794
5442
32236
1734
10890
8942
12210
19062
6316
8094
11062
7754
9564
13976
13880
6902
18904
980
50608
9924
11512
11106
2184
12018
18614
5890
13576
15548
5676
17608
66
8360
16096
9884
7080
47184
13948
3254
4002
104
13380
12130
15312
18236
11506
17272
2604
2258
18780
76042
81330
43838
5544
11308
60006
14224
2636
8388
15466
13458
82
3134
14158
944
6380
4750
14334
19700
5248
19122
12186
17542
13854
6124
4676
11604
18014
6724
48082
16446
43932
21216
7120
1050
18998
79702
5594
4828
6266
17908
14592
8926
6790
36012
7184
2182
13140
7394
3758
12518
8232
43506
1854
16374
1632
17104
53174
16856
7580
42656
14928
16728
66946
12028
2536
15926
5768
1230
2840
6262
15034
88636
74034
2208
752
7572
58072
8768
99840
5514
16212
3354
18662
4814
18496
56168
18998
6522
10490
82600
85532
8778
30776
7522
19658
16880
19986
17138
12418
2776
10854
52880
8776
5088
12128
5360
6540
8746
55808
11036
1348
17448
9120
7316
4924
50548
71844
1034
18832
15722
6764
15942
18000
6232
14840
60030
57690
5004
7520
4736
848
1218
2254
13990
5832
18346
78146
75674
49320
5514
2500
17262
7280
7126
81034
6778
164
10734
14916
17614
11510
12346
14728
12840
10570
8844
11566
2832
18266
13400
14990
2170
236
39192
33036
13744
13028
10204
14660
3152
19826
8772
16054
3488
12982
13358
8784
6380
2744
1746
5616
71928
4372
10190
13842
32482
6820
16824
12158
14718
8690
15108
5898
42462
2110
10506
11608
90070
9208
17882
18106
3160
5678
14948
10792
3130
14192
2366
23208
17996
39934
10582
66878
10948
14304
9920
16762
24844
19874
82160
12510
14024
42868
6568
5356
66136
67874
12452
12918
834
796
3580
8474
86184
2160
17598
4112
9798
802
4862
17180
1088
1360
14468
15992
7976
5300
3340
12548
17820
10192
16140
37874
6978
58350
4426
7686
68876
23102
18462
17476
2280
16922
16434
78372
97740
12274
13978
15834
6784
17010
15326
6152
1644
17664
26288
8906
6008
43548
19922
6364
9294
18804
99736
436
4286
9142
13346
13654
96558
6242
16392
11768
76412
14182
95846
11070
6882
14238
24846
5768
8134
6258
3664
16358
16470
5160
10062
5912
14936
14824
18052
15972
10
10228
39572
7334
12840
4878
48796
15062
17546
3436
106
14234
6792
18558
10464
18418
5306
5886
2456
17764
11236
2418
73796
9520
1302
5000
4382
1104
9654
8306
37608
8464
5988
10842
8784
6098
3338
1978
4310
15080
9184
1496
15426
5590
19762
32442
19722
19072
10148
12702
85286
18600
8096
6010
18106
3532
14276
36486
64448
5794
13860
3730
6482
13840
26224
1418
18940
15816
17886
65316
7374
1640
15968
11590
4084
10812
1460
5956
9680
36402
12416
56568
14054
19290
8
2758
632
1926
14656
42600
36106
468
3352
12630
684
15520
6402
4516
4924
4638
15718
12802
806
17576
11016
226
11508
3776
23096
10384
4516
19868
83208
17294
14476
1676
17782
14364
1514
4104
96656
11926
9900
38112
5528
8246
9840
17996
35650
4136
16200
14546
9610
14860
7112
16204
16048
16854
64348
1812
85760
3444
7654
19042
684
9458
11014
91776
63436
3988
4724
19078
73194
914
10208
7888
81756
3060
19434
14500
56338
17782
8282
15728
13328
16200
14358
11316
17838
10876
12026
14382
932
66
1752
70880
2968
15038
18836
18622
11120
45838
2792
9414
15344
9064
15648
18916
14324
11646
9718
12454
64760
16550
8458
13256
14474
3918
1854
5694
18020
9192
68862
1982
11026
47940
75962
28728
12916
11274
19410
11636
8924
83240
19304
44088
14398
886
6316
586
17894
11180
4606
4152
11850
14116
8328
10782
43598
14980
12672
5188
5900
16670
5646
6416
4774
10944
18112
62150
74278
1164
16066
17602
3250
16274
19914
96566
12330
3218
7328
44
14540
6916
8890
8938
17110
10172
6534
8100
16540
14886
15530
9056
7516
12634
8894
5550
12848
1090
95518
5044
39330
762
16978
8612
36992
12890
10134
1544
8064
10096
13248
43224
4298
91898
90146
12242
10744
18410
11410
13388
5420
17460
17818
5094
4960
79830
9222
7338
5846
18508
64
2612
19360
81880
14140
8956
24010
446
11128
16920
58778
2970
27674
7802
11470
1202
7832
17770
74498
5238
1804
1734
15068
12742
18572
8786
1170
68738
6188
6042
85220
86930
47958
18012
85590
76994
5372
6088
14392
18424
3930
18574
11582
6220
13454
73596
3316
9686
8298
7950
3908
74262
21574
32250
9116
17966
4584
57658
4946
2950
2068
8360
10146
14658
6156
238
19458
13598
3758
10688
12260
8638
10282
19856
6102
2396
9978
6858
10084
2020
7764
9058
9198
19924
12250
3514
18698
16826
74720
11246
9056
18342
52148
6352
77748
5950
7428
16284
1700
5082
49944
3740
6238
2596
8420
5570
3134
17670
7842
8014
24532
16768
7346
43964
11858
13722
2086
8288
1236
8114
6942
15506
19400
19032
8870
11042
2536
16046
1552
13130
8486
9508
15696
5898
12984
3192
1984
7182
6588
5786
17344
6244
40716
26574
24896
15294
19578
55738
1120
78376
15824
19832
36940
47220
17582
1134
26046
5258
7572
74224
12390
6876
650
13226
8212
18342
11642
15098
38056
3948
17352
5742
82850
516
8808
99776
75514
9822
9198
71764
1016
4896
17666
694
14322
3080
9272
10050
3080
11688
14782
63690
60374
28092
38938
2860
68346
6152
65046
11332
15474
52680
15200
18202
4716
15300
14878
18884
14470
13362
9474
63596
1902
1764
1196
6706
15032
75860
25942
56842
1898
15820
17674
6378
15290
18954
11588
2088
10884
50596
9950
13630
18348
93934
21942
2038
56580
4014
97274
14084
10734
16124
10470
65210
13472
97774
7570
13652
7238
5828
7634
10166
19960
8928
95320
4304
15268
4982
91360
4264
18724
5784
4668
16580
5630
17952
3412
89762
18388
10804
79902
15126
3326
17314
11174
11010
14190
85810
10116
13236
19804
15056
11378
17274
14326
60696
58926
10640
5224
29024
8370
7360
93662
6810
33436
15812
12124
21590
76310
668
3592
15436
5468
792
23120
11136
8404
3096
3174
8288
11938
1666
1612
7800
5448
9190
18336
7660
15360
5812
9972
76366
2992
3564
14490
14384
5980
19924
7428
2628
4128
19022
14378
15298
10906
3214
59140
14814
4186
15646
3714
16740
12686
68778
6814
9144
2770
5374
17538
16630
11898
13024
5548
9024
3206
2536
9822
14236
17364
15346
8006
2724
34014
16540
57752
6064
85624
18986
4094
4012
13734
7118
12586
2250
19652
59672
3902
12690
31576
5632
12442
2294
3520
16444
8170
13916
9672
79688
19046
14056
2586
42572
17150
5290
18878
7696
14988
12304
6964
5850
49002
18156
18444
8784
18586
19154
3806
5668
17496
5444
5524
64718
13904
9400
22850
12434
13860
16594
7932
9408
19344
22494
17148
2302
14432
13278
5200
10682
16184
98776
10652
14816
18676
13590
8348
962
12900
18556
69738
80716
9160
11164
10706
94316
11176
82098
4012
14448
47966
15830
5710
94904
1782
294
11044
14730
2240
18186
16792
8442
6404
14614
5956
85884
11678
19224
11342
14056
2592
7610
15816
19798
8568
18412
91888
6330
2704
10664
39102
3052
16286
11684
5688
11930
11630
1084
14456
92778
81720
65030
62580
6690
43102
37500
4938
7672
72232
10618
66818
3320
14898
98084
72316
11296
42908
18318
2908
4866
222
74318
20152
6682
10682
60594
11766
13286
57096
9042
14056
7604
52662
16034
9116
12636
12108
12326
8780
12718
142
11560
8200
15998
7452
14558
18624
6284
19196
10564
20766
4820
75676
11202
7616
16686
7502
9036
2448
5358
2510
12750
8214
14878
3292
68428
9198
14752
3386
11384
18486
40034
64744
29910
2084
33890
582
4964
4736
2794
1852
8344
11998
5638
13318
1682
76192
52
19184
13102
776
6172
65584
77414
1454
12376
50538
6498
6682
9508
53834
12188
18752
6258
11936
13444
60432
7692
5592
9562
15248
9596
3948
12028
42830
45746
74092
3100
17752
11126
8456
10482
15430
63070
5360
60424
6222
14872
16764
9710
7922
98400
12922
19558
10052
14742
11610
9926
11644
15804
18212
4916
9850
10210
18418
94940
12358
318
68692
18432
16288
7530
13776
15302
9780
10852
8618
7720
66564
8582
68044
14480
88326
60142
88270
5066
2044
2240
8074
17842
72340
77916
1186
29920
10672
3206
11240
11478
14970
12062
434
7232
17468
47546
12472
5806
15018
18648
10820
11070
93310
20114
17816
15052
19006
81162
16794
5106
12922
10030
4082
98430
72264
9462
8726
422
8080
19994
7062
78916
6108
13560
6372
3276
3432
83836
4108
18866
6238
15482
3414
3644
13588
14202
85440
968
12800
824
39670
17732
1836
80788
266
19626
1450
5294
13570
4156
13064
1018
16838
2174
15856
8124
49018
8666
19870
1104
9102
10568
12454
4574
9816
2922
13600
4884
8444
9244
9046
3480
10026
19526
5142
12556
13078
18756
46884
10856
5730
17934
10618
17188
62572
19268
65332
17324
1236
1168
18790
64416
2350
17750
10680
2552
13292
67120
11690
3646
11366
50008
12380
9244
80992
40426
17502
10030
19332
3502
18336
35180
5462
9826
9038
11486
12738
676
88186
12720
10574
88634
224
84792
2662
68262
16764
60920
52052
17364
1328
3628
11708
18616
6976
45802
19314
530
15806
8390
93356
19514
73036
15020
240
8238
59682
13838
87364
17704
19726
49192
4730
9528
74072
14950
96406
13732
6804
11532
9736
2730
14024
3380
72414
19016
12876
8326
88076
1500
6868
76472
5820
19036
13412
5134
14474
17512
51262
1728
12920
3324
60940
12422
11222
9050
5088
5844
12748
19566
18504
41934
14502
1330
1410
3878
2904
17200
5212
296
2486
14874
13976
1610
8486
5642
14208
18328
19454
8948
19316
16692
18072
2358
9272
10566
13738
16776
9912
9270
13178
16140
14824
47214
7902
450
2692
16902
9410
49678
13056
12866
10982
18992
12070
74476
4036
7704
9488
6696
11214
18548
15318
17972
4540
252
81740
99286
12608
54184
10970
1978
5784
54190
18978
5332
2540
32830
4826
12044
48292
96682
8594
2196
65918
16300
41372
27490
3994
39528
54884
62684
7168
1926
8124
1468
14488
6476
17780
11000
83656
19956
8840
66098
14862
49854
18784
71594
3258
1096
9482
16584
5014
7118
5122
95878
95166
5626
12476
3994
13792
312
19604
7060
91168
9036
13232
2232
11328
15956
11178
96676
18412
11888
19410
8076
13188
43912
23228
19896
22748
17024
11964
8510
13244
3342
12484
6170
13106
10934
2896
13620
19982
9814
5766
12466
6266
15466
63572
16300
15784
19908
13286
16412
41648
548
2592
15458
17146
14442
11504
18600
9888
2724
15894
16958
1128
76472
16354
19606
2744
9380
9368
4434
8310
8730
4612
4798
17382
75458
8216
21556
24950
11046
1760
17494
29460
10286
2514
3188
16158
284
12376
35216
14874
71940
10232
59884
93972
9824
14082
57104
16862
18532
3952
3618
4122
19568
64786
18950
14706
12760
56250
15622
5904
2516
18336
18100
3316
5240
15054
25942
6214
5022
12014
86770
76536
14656
2704
12352
87824
15646
17814
10300
96480
21816
236
9822
95220
4002
12040
14382
13504
16926
18582
48042
2668
2474
8604
16368
14732
4128
862
3722
31446
49142
13272
17354
34978
6974
9924
5428
11430
8298
6262
7584
5460
13580
12234
14962
14622
11060
26064
194
2556
16954
1300
8112
14940
22898
10362
10036
13678
1494
96440
17928
16782
2984
2204
7546
8412
39724
16562
24812
12268
7802
8102
4746
17846
762
17054
4472
13394
36108
19060
12362
6234
6146
11234
9778
17062
9936
66284
10220
12358
81194
14724
6000
17676
39506
6924
12064
2176
7460
7020
19162
458
49908
16456
1124
10392
13280
17868
17796
13616
18924
3994
1314
34426
1072
9804
13876
18200
15654
16280
1020
3396
14038
9680
85002
10798
53312
19002
9574
6222
10478
78894
8372
16160
77588
11196
2296
3032
45326
11892
19434
7674
15188
2968
12130
91592
18898
86714
71450
19940
3246
8688
19862
1668
93266
13874
18686
20328
3428
4820
4766
3538
358
8650
52886
19334
274
5178
9782
4728
44966
19702
7460
86130
16218
9674
10470
7614
19396
18170
2192
3358
1238
416
6328
6622
15352
59450
15064
12342
5480
9212
3634
4
4518
4980
10454
5688
46204
14846
4132
66600
4774
46298
13840
18278
44188
79376
14048
9406
14918
7914
44272
19668
10912
518
17068
99078
57380
16128
12252
17826
87532
82272
15294
18840
17178
10388
2802
17970
19444
28746
56078
9886
39584
5446
8394
16880
428
6678
10554
62
14728
11274
10274
16446
5568
9806
13820
17300
64986
10948
31404
51314
17744
15058
14420
9344
16382
17418
19670
15010
13496
14726
4842
9274
16586
14216
71786
7318
752
90666
1894
3492
1500
9338
52204
16130
5428
7212
65370
13712
58624
854
1788
58468
15106
10870
5726
7274
84416
2272
55986
6442
17808
674
15134
8142
18028
680
7478
15762
4384
18246
19758
17220
6452
2812
19716
4436
4296
18146
16602
22196
16680
19512
19054
6006
16630
51656
18818
10656
8048
14598
8944
12912
694
8260
4192
8044
5828
73972
14654
90484
17284
13262
3740
17688
4618
192
5938
35204
6868
5704
10252
68878
3260
13908
5764
17362
12250
16922
14446
55534
17790
4690
11804
35992
2068
528
15122
16624
9958
12198
56540
2518
13160
260
7174
16204
5376
18622
8842
11780
9710
58580
17288
958
246
8034
544
16020
19286
85150
78
58526
16388
8092
8586
16650
1494
52438
69316
11990
10240
92372
12352
364
15238
7720
3594
9252
10044
4988
8710
26346
658
32756
46038
15278
7094
9496
368
19370
48534
5730
18352
23758
7062
10156
5040
74928
5812
3340
8482
4854
17648
18490
85492
4256
4640
9408
19098
16290
17138
19812
36274
90808
7164
7800
6766
8510
9062
7208
13554
7766
17194
16930
7050
8598
84846
14108
8450
16994
18454
19086
6170
7498
18724
13394
11358
23954
16046
18844
18936
6030
16320
18408
1664
91828
4302
8232
48468
6028
6106
12830
18672
59208
7318
996
6776
2554
46908
31178
8126
25632
7704
9426
1218
6710
10798
17266
84824
5878
30232
8116
1636
56424
5456
4314
14698
16400
12716
14360
7258
10046
2284
21990
48294
19400
25336
2448
15712
15072
1634
16830
10208
4040
35960
2722
81330
12162
19712
17888
13574
18348
16210
16100
10672
2554
65126
11944
19904
67464
14152
15292
7438
14490
10116
17344
242
9726
9382
6128
18998
18658
18178
13408
9156
79794
50182
7064
50044
19856
6366
16738
3752
18910
8124
3984
10046
11728
10134
1726
2430
9736
19906
17930
68458
13506
11106
31136
96114
3950
7422
16086
76192
2136
5914
9698
10228
14396
8860
5190
94594
15096
7186
13826
2310
13190
10484
18858
558
10862
61682
6500
75060
568
3442
354
19386
9858
720
2948
12998
29334
16118
8924
68638
37796
45728
6908
12488
5194
8702
98726
22218
69508
9648
13548
1342
12468
18628
942
18384
7120
15914
8556
12680
7474
13858
3732
6780
4200
2998
4134
8192
18896
3160
12270
7854
12950
16702
13350
3690
22082
200
18654
30
79212
32872
2636
338
9774
8798
11054
1332
5294
3878
50998
12694
19844
1836
6166
17766
11818
30000
12050
6012
2378
34366
9098
10846
16406
17884
1822
4386
2026
17404
18790
31594
12624
8636
15706
7754
15428
11606
1676
57260
77426
57840
85152
9332
13524
17392
96748
9934
57988
2432
9272
11296
6386
17052
3926
86986
7562
13216
9540
5464
14218
15796
11576
4630
96988
18716
19808
26106
24412
11298
1924
5050
8856
11398
1678
2528
8986
604
77496
13122
45866
14778
4074
18074
7420
12666
2120
2184
11330
19848
17694
6418
82678
996
19712
6154
16848
13202
11068
7760
12000
16190
5438
1164
13434
72136
9112
68862
4754
16614
8800
19308
16862
43352
6758
16180
53034
30938
86162
10256
2920
83510
19090
1770
19736
14362
15046
7376
10300
3962
67774
2096
11114
14464
13304
12554
36604
6036
4064
60584
9716
16552
13862
16150
16396
10956
39274
102
72906
3370
866
49812
18180
2386
70058
7452
17316
10230
18742
16100
2762
9478
12746
17840
90932
10668
7514
4634
5764
4182
10174
8980
49702
5396
6534
73820
19942
3414
14896
10662
1320
16826
8216
13586
82690
17528
54478
16074
12802
46166
10436
13960
11740
12838
96018
26
13678
8096
18946
71828
336
7340
7174
46744
97958
18816
3400
8930
16432
8898
76288
3108
5902
12804
19808
10630
12480
14592
13716
15716
57108
15032
12046
22134
16310
16164
18332
19982
8882
9652
7690
95896
53720
18412
18706
66802
13986
1008
8830
16278
9414
9422
14772
11504
5816
428
11506
97740
4022
13702
16454
3030
5450
69908
7628
8092
60942
19502
10678
70130
17400
8008
54714
73918
3150
8576
7110
9098
4184
19206
3890
12128
11820
60322
16144
16080
19746
8692
7496
6136
16804
15084
11108
11868
15186
11506
11258
34362
10176
13080
36572
6256
53244
14974
12106
8442
96338
5358
4716
66276
19966
10250
1980
1974
2718
50600
97734
8628
37260
2270
16378
17420
15202
16380
18352
14706
11478
17158
17814
13962
4276
73290
41246
15238
770
828
19796
13140
14806
23216
2416
65060
5306
11778
2950
6548
19842
5034
17304
9624
8584
9420
15298
10562
4884
11690
75558
16254
2364
53290
15974
6524
16294
13224
4682
1652
19896
5244
11730
29258
17194
3306
19882
8036
1330
49538
60
16126
76102
10482
14296
14210
19644
68520
710
11076
47792
5236
10644
46910
11166
8840
10642
7886
2412
13382
4504
22338
4468
284
11478
720
18198
14776
16130
42206
18784
28818
15988
17096
19718
5564
4928
18220
4686
15428
94814
17192
15396
1054
16506
9288
11212
3328
14968
10114
5066
9416
17262
1894
51944
8798
15742
13268
15780
76928
5446
4762
3358
13112
1028
15270
10144
10034
17158
19816
9060
12006
9994
7794
5952
9008
22112
4688
3704
11342
90720
12312
73676
10566
9640
7792
1300
10892
24378
10992
16240
81722
7434
8806
6192
84266
15962
74748
15528
18586
7204
11296
10268
8608
73036
4260
10094
1810
6854
6286
13798
5908
554
63880
38804
10368
80534
586
12150
18110
13704
1886
10226
1322
5314
13792
7052
19050
10890
10482
120
2276
49254
6920
17986
33758
17732
19154
13032
5142
19112
3336
8612
108
4424
15930
16040
16818
15742
7922
13408
1254
13684
54468
1822
17472
16998
86236
15380
6092
15794
4920
990
7318
6622
2028
82590
3980
15792
74
4060
1826
6124
3644
1168
12422
10018
90856
2124
16888
11714
64636
14356
9864
2810
5470
276
6038
16174
30176
10008
24646
15878
7022
16492
39702
44054
3618
7686
204
8640
1328
9686
1350
96740
15118
71354
12708
10054
19494
16052
3764
42356
10408
6888
66328
176
66482
11934
18086
19784
11562
12402
4090
4962
6988
11448
49980
10088
36818
3152
5220
14984
15652
15400
15608
33478
33694
11338
14732
5930
1684
15400
16640
16218
5320
18164
16008
8184
594
7080
394
9974
14926
3530
17660
16740
3412
60064
17620
19100
1022
5470
79452
17944
19312
79928
12914
4718
3240
18170
92828
35650
70694
8664
5038
44772
39138
90254
28688
11110
91326
18232
4844
96718
4672
466
3004
20482
1948
5820
10716
3410
60116
47496
13462
49724
120
68598
40142
75634
3018
88636
8190
9218
8486
17540
15156
6706
4364
426
9738
1756
12086
2636
60124
2582
3966
18132
18196
80472
4514
5196
14768
12650
11992
6844
18428
886
69372
59408
5988
12440
14792
2260
14886
17438
27236
15272
15694
2836
14954
7314
1048
76014
674
10514
50998
902
84858
5026
84728
3804
7664
8678
6586
13196
29026
8024
9318
1874
842
16318
8822
8748
4438
17848
3918
1226
16168
93030
13504
17362
2922
21020
396
47502
19570
42282
12444
93784
68898
16888
13622
60666
11726
18998
19500
11756
178
99366
9998
16904
11086
2616
14484
5426
79402
11476
4180
51264
17124
13796
16818
4900
69294
16254
57180
18436
7006
15150
15118
80932
15816
11238
9888
19184
10024
4608
4850
1792
17440
17054
2698
18656
15232
1858
15810
15370
2114
12776
7490
8926
26218
17258
10374
1978
4724
9938
46096
30310
11558
8530
5590
68
1566
11270
97022
85514
46030
3914
44876
9236
19640
6618
70824
26258
2084
16872
13670
18204
14166
62116
13586
6368
11140
16798
14158
18848
8920
18804
16486
3218
67604
8526
4976
3910
19304
89796
8894
10984
17600
18464
394
1368
2440
4526
3276
7644
19298
1948
0
17762
10414
5436
13460
7432
19678
3240
2882
9196
17290
17898
19380
8104
18180
6848
22508
6964
55448
17288
10844
3250
2834
14488
15580
18258
87988
13412
99562
6054
11266
10606
13396
14426
13502
98738
13426
99382
10838
90966
23904
10460
15332
14076
4430
9354
13056
16556
4704
2528
3792
19150
944
10726
16696
6888
48044
80924
7784
4988
1106
114
14762
15730
4020
17420
60928
42302
85652
15868
75108
11374
35160
19162
14782
11428
8368
10524
66746
37660
13984
23310
14576
4544
2938
13610
16606
17794
14668
2782
10402
15604
18582
3870
17840
9766
72378
19966
13502
10842
43728
69126
66890
3100
92816
13638
9518
82730
17512
68014
110
18852
13414
3172
19062
15130
32
18020
12546
9236
3784
97680
5332
2152
80996
4156
4700
19508
11656
18404
3950
79910
5494
18266
11018
14720
16594
8452
8196
5368
13290
12222
73078
11094
23716
1722
30384
19732
12124
24676
13994
58408
11244
10066
8784
14520
6186
9548
2530
4060
11398
68300
14954
70992
17336
13452
9910
2118
4628
19352
10028
5126
6822
15182
12768
13088
10578
60888
11516
52676
4930
23728
22908
43444
9916
11086
62522
16614
3986
7236
18798
10086
5812
51838
17106
14898
10680
79660
2614
17254
1206
50138
69746
4402
3122
15026
85638
26332
7302
36370
6200
9684
35844
5614
17690
13452
14116
11106
8052
15764
10080
88
9602
37922
4916
10568
16700
88040
12254
6394
12136
18154
1590
16510
17502
4304
13218
13498
10464
45552
45210
16874
5398
3512
12248
43716
72006
8480
39342
10964
1266
74322
10170
10570
13904
6738
91360
13616
12982
19654
2246
12654
11936
5548
25112
8556
49994
5116
13278
14942
12218
5324
14924
3046
8596
7446
6764
74522
16416
13676
64340
18960
4164
14930
85484
12328
17778
15802
12348
22768
14086
12066
12050
9532
7028
18080
338
11556
88202
6716
82662
15806
10876
18866
4568
2116
16900
9744
12996
762
1434
11210
3982
19132
48816
6122
80740
2354
5386
11496
8130
240
13126
6820
13982
8656
4858
9132
24096
19122
1998
38596
11732
3278
6818
1366
2978
18618
85772
2848
14096
61380
5012
15028
18728
5124
15822
19268
2634
17702
82922
13286
47924
39188
15144
4552
81528
5452
2242
290
70840
3344
6524
14524
15762
1334
15906
1580
15620
19492
60550
5306
11842
9528
32726
43440
1156
95160
14900
77374
45500
11926
9436
9174
67040
16290
52944
19026
13538
10534
9216
1776
10514
6102
49002
4936
16346
17448
19650
340
15338
6724
6464
17380
1322
8850
6954
788
18464
13560
10626
1616
36194
18550
5256
8014
73402
484
4906
15610
18716
10522
76136
18814
13002
17052
8144
2274
19832
40322
94332
13018
8440
93898
11558
8642
1086
68858
5962
8966
13342
99040
17844
6416
56622
15554
11582
318
12454
17412
10910
7864
11440
4098
3052
57530
11848
1578
22860
9874
12326
2212
81090
1314
18332
4888
49000
16152
9456
5638
2356
12910
27350
67144
61116
11332
98520
13494
16874
18730
13462
62210
7086
13924
7638
7864
1078
97940
10640
14132
10538
74042
14894
10690
19520
10044
18162
6930
25882
89074
11188
15890
38224
8460
86872
81132
11162
7134
48356
9102
546
2590
20066
12300
6106
75068
5718
2716
438
11102
62416
7000
19392
17818
9166
7618
4986
6810
34642
10814
14974
56958
15860
50908
14794
78296
5160
17358
11536
2722
4100
13684
3620
47528
11954
24940
59424
15722
3112
5720
6688
15956
8448
14458
64346
8882
11088
7744
19792
3490
632
10564
15730
14354
3726
22012
1636
18036
8620
996
672
16426
3156
52
10164
86016
22522
15600
8456
16508
16708
13422
88118
26316
19604
5216
15660
12278
17254
112
16710
8562
75486
9736
19076
22510
8994
82864
5452
7650
15342
87676
11228
64406
14952
8120
18212
6140
3034
3322
1174
4554
6494
3126
19748
1738
2678
12608
82908
7138
14548
1942
6710
1940
14178
82168
12416
428
78074
17864
12494
2800
532
99962
10194
36424
8070
8760
4858
2814
2266
11968
23898
7924
10694
17812
10764
6976
21752
8550
34336
12764
16956
17148
11152
17986
89022
6
5722
7110
14298
49464
7412
2500
2768
5308
13262
7688
17330
18850
8734
14748
4574
69954
774
5124
13302
8650
10960
11978
14754
4852
6488
16026
2234
20982
80514
13996
8308
8904
11172
30668
15072
112
9648
4434
11828
16830
74152
7800
48384
30028
5164
11332
15126
2324
19386
18404
10972
15756
1994
3314
17450
6296
13948
4930
1364
8770
7528
19214
13268
6914
19268
19644
28032
18708
14658
15418
6024
18856
48378
77852
5596
16170
24754
34934
13058
862
950
10814
14146
5136
15866
3070
9858
4674
10488
15422
88834
6708
14560
5298
172
7698
342
15926
11210
7520
92836
68824
55228
5050
3658
1064
4858
65718
38330
16540
7934
48812
26474
11550
10590
9674
18534
15568
50284
3396
7118
6616
12104
7276
64212
14158
73104
14138
82244
84898
17070
5810
1308
14290
7368
79106
10114
40742
6070
16532
15182
12226
14162
14926
9356
6180
5694
1088
14252
96222
142
19566
54
11030
10094
26256
26124
88
14454
7396
2086
13982
3500
18536
16774
4494
13450
75006
4998
80274
60594
1488
6056
18226
16182
8960
10486
84508
10038
17802
4980
1406
7528
16920
5098
16184
5538
16950
18752
738
10580
5780
40196
3776
15546
55598
6084
16152
54586
18396
84704
15148
15454
1356
14834
14800
61302
2614
368
4530
6670
70900
8532
18148
3558
73146
11450
2408
14596
60548
1020
14278
11164
1388
24152
14708
15810
18522
91130
62872
15764
12432
27236
34858
19816
10148
14696
2418
21984
15428
19492
366
13012
44810
18504
10744
14008
18976
15424
67854
61776
5448
44204
4360
10788
6084
118
38488
4556
7440
28052
15610
13386
10804
11120
1874
17544
13200
69122
10384
6816
10306
686
10924
614
15258
17212
8816
19550
9288
10750
19630
10094
17770
18862
18486
11496
11724
20108
618
62194
61900
3412
4924
17154
19138
7370
5770
79506
83244
11460
8670
14624
93102
3864
62444
684
14232
33870
6974
7816
31590
1620
13438
6674
6934
17344
746
538
7712
61194
17724
33116
8532
45526
2
10434
68882
16388
13546
4428
15008
44640
10554
4436
35890
16918
15224
8790
57584
96464
17960
4374
474
16352
4712
92752
19896
92572
6952
94786
12858
90380
19334
19928
652
14970
4286
5238
100
3234
88992
66388
47700
3448
17926
12122
976
15564
76794
4004
35896
10844
13258
18936
9164
17738
15222
2220
12800
9010
6364
30526
14618
12696
7342
38892
4550
6274
28696
6300
19284
15056
4980
8338
8048
12342
2930
3088
52236
3572
24962
16814
4554
18774
15504
15712
534
89476
33682
2834
42908
7356
3088
3162
7690
25734
93198
7714
500
90890
6500
13504
9480
49692
9682
10222
3994
17104
11430
3280
3196
83142
9370
6924
1078
6888
84392
40486
5812
10780
15284
59716
4542
18934
21134
52776
18190
36782
3122
956
7968
19284
3130
5792
19656
894
3690
2146
21042
7222
1064
12340
35590
4564
65328
6898
11500
18712
94718
88496
17740
16324
9528
1268
6384
7280
17558
5000
6314
14866
54442
87700
75200
16082
10730
55040
12246
78706
18818
15866
3896
26728
1628
18054
17076
6902
20148
14988
1318
2460
33104
3982
14610
16290
2962
7310
5406
49088
2
2568
93538
526
17866
4532
4304
12484
18364
15008
5740
19230
7734
5358
11734
6382
14124
6294
11214
47840
13302
28270
45074
21260
15568
2920
8438
9984
4824
30586
72696
12246
16578
58012
17852
34412
5052
19748
902
13608
14876
17374
11618
56060
12170
4974
7956
19830
96554
17846
7862
1532
16782
47492
2302
9990
16462
9174
93256
1136
12216
10374
17096
10320
95096
5738
1940
2470
9776
4244
3602
14770
76334
7170
7166
98226
968
18156
2478
13832
11944
16938
30
898
18302
3084
6294
5784
72518
11026
14762
17564
14900
6184
12018
2382
9494
14786
692
9348
8254
2900
2634
14216
32244
43372
13646
12338
12022
11444
16376
8700
50452
16810
17058
1676
70696
6470
11760
72572
19784
16670
2744
2398
6968
13820
6028
5792
8254
27872
1950
860
6582
19196
29212
8846
6798
15224
2134
4190
44094
81146
97884
7664
4926
14194
6016
97468
646
17628
48660
57516
18022
8298
9280
6002
27496
3744
8020
67736
10980
18960
3812
17350
3166
3640
18624
2284
10108
13466
17422
6864
70996
12638
38644
5506
18400
21866
10410
16808
5992
12168
18588
18940
3832
1006
88596
11682
6410
502
16024
4358
8922
9444
822
18786
16806
17252
18466
37088
4844
6382
14968
1692
1468
6466
18542
3104
16334
18144
17636
8270
22936
16984
16972
15544
19120
9894
6050
19902
38348
28442
12936
7806
15066
16518
90468
10838
3252
10798
17178
2404
13762
9194
18596
9686
14458
17122
3850
3992
11432
37024
32730
16460
2100
30424
57926
2462
6902
2620
6498
280
19736
40110
13970
91186
2084
81032
58178
16802
15102
87770
82580
11106
62904
4646
10478
11848
1612
7518
75034
13488
15870
47176
27940
19132
12316
3772
3556
5228
3920
10372
5240
17176
17694
18714
18160
39602
8612
6040
19234
15704
5868
12818
62
17206
17062
4714
4598
7646
11892
9976
17614
5134
12926
17898
5458
13250
2478
13500
3382
382
3186
15252
1990
16058
19856
7954
17228
13394
46380
4026
7486
6804
1470
6970
17600
16322
4690
63710
12272
5122
19926
9290
13764
5628
16434
534
12822
19382
10828
14566
13302
91220
18646
1652
9226
17856
2638
906
11680
17016
87598
18590
3822
9466
7582
19698
5720
14750
15074
10370
12740
98202
10942
17260
990
1752
6504
11716
18368
11990
49252
1006
3214
63478
28760
43698
1414
14470
3752
6040
13970
29178
5866
18352
3562
14566
2084
16998
2092
3292
13624
47976
17274
55268
16554
6630
46
16492
87826
208
8336
18658
15976
13552
2344
9782
10436
27744
78156
57100
14936
65922
14760
18930
12952
3290
1418
15522
11540
91186
6838
9812
86182
13620
13984
14292
5046
4406
38066
15064
7674
75004
11568
17688
9330
13368
6342
16788
18968
17906
2018
41884
51340
13762
17608
8594
3008
11022
14874
18704
15630
19510
15580
10706
11324
5356
43034
2224
10716
4286
18532
14552
12138
9818
8916
6482
5046
76330
744
3560
8908
52122
64838
16812
13070
11874
74188
17996
8232
5054
12280
1322
16452
16876
22984
19492
21610
32744
4656
11068
4456
9856
4784
43636
12588
9516
3560
12534
9252
35412
11598
88720
13136
18032
6808
9724
63466
9978
1040
6364
12258
1814
5308
77198
8608
14906
18242
10308
1842
42680
2036
78896
12138
6152
12040
2724
384
10370
6394
13458
19712
9940
83636
10042
7678
4246
18960
12410
1782
158
15596
5644
12588
39818
67298
13000
58560
4552
5162
17020
1696
16060
14722
12632
91772
9926
17808
21136
61774
9374
14960
18704
18008
11578
22014
87846
3568
1440
18546
10972
4858
15312
9080
9202
15366
2070
19976
2188
10686
14944
382
17118
1744
7404
7986
76018
28204
19594
6438
39772
4560
15212
17118
18750
65636
1258
8934
7400
2566
432
18790
52172
4282
2084
18180
57666
15536
7946
22114
15190
16122
11902
9126
11764
4858
47766
12152
9494
16018
6004
7254
50498
16196
7224
10632
13528
16484
18946
5944
6914
16042
1368
18274
10522
64584
22984
6364
626
15362
6532
19678
15586
16318
17236
11686
21256
9258
8714
2220
96308
54050
34290
15006
23490
18104
12488
43230
18950
10182
668
10872
1228
57998
19954
19342
17656
16922
4198
34318
74520
36356
9870
13024
13138
5256
15628
17016
10118
8418
1764
2934
9252
64120
962
3500
19080
15188
16982
3372
8280
2842
19754
3738
8092
3102
10672
13292
10128
5554
14874
13762
18660
6120
6322
74894
4142
3976
18162
4272
7130
3198
12106
9480
14298
15444
3996
4
5552
18078
12524
512
15080
16056
71322
17292
81862
43124
19638
5706
10378
34548
13080
9712
7232
22448
6090
17112
9006
936
6038
19384
43478
33388
11986
116
4952
16980
16536
52220
9982
1644
10282
5506
14542
18492
14424
20246
19350
12888
9188
94958
7424
12510
8260
12466
98342
2436
8312
17362
12964
16356
19084
880
46266
2014
3484
9108
10026
18984
1618
15488
10234
86982
9576
10290
32538
7250
14990
27402
91764
55348
18578
14126
11398
10724
7804
11302
53290
16602
88600
13678
34462
10198
18040
10760
5728
46656
638
84502
8148
6856
14034
6710
3258
2170
4964
16838
3894
13954
81594
13826
2474
5658
10254
986
9662
32578
78786
53972
16750
5062
4674
18152
14646
22010
16946
37842
16500
27000
16906
17296
13472
4988
3418
18604
49988
3344
18552
17550
7168
15976
5744
5628
17692
5126
2366
11886
1134
80586
18934
8550
8284
54462
19410
4486
13650
4878
6614
19996
9308
15442
34150
868
1830
12384
98584
17998
1674
4928
1430
6296
7950
12538
82582
16388
4666
13280
18632
10968
76090
840
49608
19096
13840
13792
9146
8126
29586
75510
13290
81158
15540
716
16006
19020
54278
10200
15134
10748
1988
5074
32242
5392
17552
19250
12744
4294
6240
47300
17518
13766
4426
4468
40576
12344
16682
97002
9180
19908
1630
14468
3492
50224
91718
33612
18844
1566
87812
96596
11156
3668
18788
6002
70748
14262
13448
18796
5882
10264
18504
1304
104
9290
11352
5096
15510
15824
1950
10974
7762
7548
67530
12992
1282
1710
18270
2710
15304
46132
5060
8012
19410
8334
12428
17608
10202
9596
34592
90046
3618
17040
9018
13760
18806
13492
4008
7830
14866
13454
36228
90264
14354
19452
10196
3988
3470
13742
8040
4526
17722
4732
12176
13656
5256
2262
16802
5596
3930
2954
16134
13820
49434
96648
38294
84536
99328
39806
4196
7444
4544
10742
16574
18362
5520
7652
4378
85452
19340
15046
36152
19294
10162
14880
15534
7158
31114
9852
2112
1796
17654
10304
31414
1536
16384
3990
19060
18766
2682
57200
12112
12374
1374
15904
3508
2910
4026
14806
8062
17330
58212
13786
16390
15548
68836
8834
9032
13418
8942
17958
60706
12872
16668
8840
63266
786
5256
10750
77008
89896
1626
1562
68672
4138
17272
33490
17668
13068
18900
82810
25142
13968
2488
852
2764
9654
86180
19488
13202
12632
27714
16354
12830
388
2748
18646
15086
116
9284
7794
11484
9378
11074
15106
26590
2690
5362
19164
10442
43370
11938
288
8932
2052
29634
18926
18260
17758
4020
58448
6800
13062
12114
1172
15026
98560
50034
29878
8074
10092
1206
13156
11130
12202
9574
9822
15240
5854
5482
5610
12148
19480
3866
12304
15984
14374
18748
2462
45666
57918
90700
9826
8582
1794
33964
62710
1324
1544
81238
2036
12806
15322
15664
5646
74308
10682
18172
7358
9000
19434
18338
12968
9562
18858
13456
18588
434
7644
80624
12608
15718
8894
16184
13692
66352
17072
19962
7684
35984
12202
14930
56734
12794
4902
17336
19138
95518
57548
73950
16068
12020
1832
10120
97902
18288
2752
5354
17402
4088
8108
16880
5810
50014
86982
8060
7032
13804
13472
15670
15286
6078
78766
11516
16450
13904
18986
13280
19398
3176
10902
16916
16160
18092
9156
18814
10826
11854
16862
18142
858
11536
14876
17308
17534
30354
16788
17786
14296
9682
19154
17388
17322
13168
18142
708
14358
9268
26844
1332
96720
6978
3476
33162
10700
59368
4350
5146
16818
5822
9690
3290
79472
3478
10492
66774
12496
6314
99896
824
13718
57652
19136
4110
19098
98690
12772
3598
12688
48872
78110
606
13144
8126
19204
544
79058
11302
96030
11584
17642
7250
546
6706
73378
33058
10486
16894
98526
19810
16530
5090
79018
93066
84042
5234
19964
40356
3064
12706
2764
13874
16986
10392
762
1648
10574
7000
95092
26428
14594
3674
12750
2660
9018
18560
19166
14070
6648
5010
15606
17388
1506
10542
80284
10934
668
79100
13200
12780
1460
4866
19714
2308
28098
11270
2174
3664
7498
10198
19844
2668
35006
29528
73270
13966
3838
8574
14976
3730
8800
5364
7906
3244
36628
1702
6996
11134
14720
6152
77152
75874
3944
11916
16216
95928
2786
316
13826
16676
9450
10838
84078
476
78250
19306
15252
51454
87522
74102
19826
40360
2656
444
12578
14524
1854
1694
5568
18082
462
8400
3272
15914
27896
9146
78210
4662
9642
16020
7578
12824
9740
16134
17418
14942
52046
172
2872
16774
7108
14756
9898
10912
6746
3818
3912
3440
18968
11656
6562
11678
67898
17638
4152
17368
86286
13420
52360
47532
3474
2314
7338
3788
73306
18982
10608
16980
95092
14
5862
82854
12562
16150
15666
43850
20750
17056
1792
9616
12112
17134
15426
12356
3498
48810
17736
23264
11802
52224
53182
3378
19832
13438
6822
1302
17940
32974
10084
45096
16678
12754
1530
3668
8328
5156
89202
16716
7444
15924
99864
89458
59250
19634
9984
58818
13892
32508
12822
11722
9092
17714
31122
7432
9276
76442
10774
55916
17280
2432
70918
14
17664
77748
1194
4106
16804
19302
7440
16896
93850
57150
86930
22270
7942
2688
10464
5246
9952
7394
16234
30878
12238
39376
2850
40650
27248
88678
17946
1558
18884
64930
11626
69782
9298
15092
4500
9720
3686
33788
4952
9028
8268
14694
2834
13048
18062
9450
61700
17046
17092
6176
71474
8964
76820
7576
438
11778
7098
90666
4474
45974
9342
7042
1344
50244
7442
90952
13030
17062
698
22636
80172
10052
12206
2554
3878
9392
7786
5792
16632
9604
18664
18998
16660
13802
5608
20476
18170
1382
12096
2464
19358
42366
2838
2778
9098
83866
3342
18182
12304
11728
72
12280
73458
10122
4684
32838
11750
35590
17566
12616
11536
16586
9972
80790
69476
5572
8068
15522
36480
18148
2832
73332
35374
30966
5222
93732
77866
19090
2686
17986
14668
10972
6766
1470
14710
34948
12408
136
15072
15424
78978
15514
4464
12280
11932
15364
13626
18958
10242
5626
6698
24114
37026
11058
694
2180
982
1266
77460
15616
10368
22104
96188
15934
3110
16368
452
65838
12910
4018
4592
16322
12490
5606
3474
428
2430
44300
30900
84738
3812
68834
23942
9446
5472
13200
13580
16356
5804
11822
52416
31990
13662
20358
90772
17994
11396
3362
10748
19238
14644
16368
10098
18932
15644
8342
29574
3628
13370
13938
53488
19630
1318
32366
7110
5854
98284
13192
57872
8642
13198
12350
13604
57418
11250
15810
13390
6406
78938
14576
558
2584
7528
11432
17972
16620
43678
15892
83474
78
1690
80196
5490
7174
18422
65820
70730
8196
1894
97952
2242
8678
97950
17510
83442
12754
7554
51456
4580
3760
15836
17074
11600
13832
13292
3786
64852
14994
9306
3764
36296
17690
13858
12930
97352
40362
6558
14232
5660
17866
15388
19234
12372
4544
4342
11480
16122
3458
85406
27262
18804
5382
15518
20608
4136
17422
13058
6322
12446
13518
11858
11296
4054
12136
17688
10660
7828
7990
74412
468
18340
6134
13864
15990
19330
13394
11690
83304
15196
45930
14772
1758
19152
10002
85000
83552
6496
4444
11724
4034
4856
16492
20174
20870
13086
6868
83276
42198
14344
8288
4856
4402
12228
11454
12180
11860
2798
450
15126
12492
10060
16746
24978
3632
15356
19108
70998
1276
58572
6722
5764
9722
2130
4522
48578
27784
19900
2034
44182
4522
13674
4012
9158
7548
16672
12466
18618
16216
6526
8922
780
17840
41898
4664
19472
96618
4176
3238
69900
19206
15250
11494
3272
3628
44358
17762
16916
4628
10088
2486
10968
18230
5662
170
16100
1302
31506
16132
1988
18392
52598
14420
16454
4762
15040
56
5806
18086
15840
17388
22862
6100
4244
11412
12006
7016
6442
13618
6692
5442
10536
12320
6824
15360
3908
9108
19310
1280
16056
8082
34964
9478
67618
9512
1286
96424
94016
4926
7100
15968
12932
51328
19740
48532
964
10354
12756
24478
15746
6366
10042
66878
8590
8782
652
18078
7714
8614
10296
33128
1434
36532
6952
3980
13006
85598
18656
10662
14226
88798
7838
90026
17574
22618
50980
31346
67818
1430
2878
32866
2594
400
3906
13378
1646
3696
95922
4538
10332
9480
11798
7794
11366
45208
4380
29402
5490
37428
2748
858
3902
942
98516
17854
81376
5218
11884
37526
386
80452
9984
83582
4850
1358
31950
73246
4078
12176
88726
72296
11818
18650
8722
18252
2344
2650
12392
13128
6770
18526
8528
7834
19450
9586
5486
2650
12576
17954
12504
43972
8004
17644
13040
10842
7762
7622
28058
5296
28464
8348
164
14370
17948
18642
19898
10604
15626
4936
7550
4962
294
2140
9818
85288
7014
15302
12324
3802
5532
1840
17620
814
57692
4952
18638
2772
76356
6508
78252
1120
12450
19268
16674
54070
23610
14966
51656
16128
51424
73574
14038
1044
17304
18304
15844
1124
3864
75694
52008
302
16476
18260
17314
6504
20074
17270
8336
2158
11066
40668
6970
10284
6412
770
32208
58562
98784
4110
1388
6146
44436
68892
90048
3400
1762
17208
14046
16196
8454
94022
7224
76792
10380
2452
9466
10002
7778
42776
9146
36188
3890
8844
31860
18440
8616
14850
7164
53964
17900
8210
16326
364
19836
4700
13004
16982
14682
3062
1138
17016
2560
1570
7944
6760
956
10336
17338
7238
15720
7672
14830
12006
11400
4780
85574
10402
14570
1324
78406
144
18402
9548
78040
76824
42114
2524
87712
3750
5648
14120
11220
54962
78508
6002
484
7782
48502
66712
19606
37260
19254
2302
4462
15782
65778
920
56368
30128
89286
8916
9114
15142
19224
99480
5552
1798
12010
19538
3196
10106
14668
95228
9832
12300
16538
15362
8450
19258
13472
7454
7550
14528
19532
5090
16056
39852
14988
4268
14038
75054
66822
90612
4774
18082
5296
17296
15034
31938
4890
13094
2884
24576
17744
13496
6194
10410
15314
33850
19690
16188
7090
17052
13106
9748
8294
17602
1698
10116
2098
53932
18538
19378
6448
71152
13858
6554
89682
16640
20440
79798
17364
10284
204
14348
1084
4494
18490
558
9594
26
30012
4154
42720
8318
62570
4822
16494
10804
15118
19608
56252
3352
16518
8866
16136
8208
76846
3904
1210
8392
19154
62858
42674
1472
34
4704
10904
94776
96176
70668
14216
12606
13532
13846
15614
12876
88512
9778
11504
65872
18772
16506
11768
27752
11444
10196
93490
22376
958
83506
8818
632
13692
18182
10432
386
13034
7892
3820
97148
10006
1212
1480
1256
9246
19556
2294
10316
16790
1110
9666
46010
15038
17258
44910
17272
15872
8778
17614
68706
36372
50662
10056
17596
10786
6810
2726
28286
360
17728
2734
19644
7878
6550
17742
3474
12680
13788
12932
412
9532
10210
14904
2776
21132
19920
9386
18800
15048
11632
11516
118
662
18148
31198
18504
6180
19292
16692
7946
17258
15844
7982
14976
8928
19950
18866
15392
16394
31268
56462
3926
47096
25056
12078
15806
27648
7694
55422
16044
4458
5314
18868
18794
16768
8936
18060
1456
9786
13970
7502
4162
30358
12158
6900
4622
15594
71756
3930
44594
9674
62934
18064
14680
1404
12192
15324
81330
478
5202
7382
9414
7486
17056
15226
162
1916
88516
5958
18638
19514
12144
5482
586
37786
53138
99468
10382
6430
11300
16166
18330
11246
39580
57444
11114
91188
7244
12878
17732
16104
15308
19254
2506
512
2852
6652
804
10942
9704
19736
6034
72416
13212
13444
10914
18416
786
13980
15088
12490
3938
66132
16568
648
4330
13032
2594
13792
58154
4626
16184
74940
3120
19436
2838
15572
16378
8334
6842
17758
20364
3590
5712
5696
37280
6584
11940
90254
74272
17238
12778
11232
56016
70992
1336
1856
74562
3076
16406
19990
8330
13462
18862
16822
89060
6880
5980
98256
1148
12674
3256
4796
10452
14622
16284
9542
12764
7798
4090
794
15314
8658
50308
7838
2240
15286
15312
10986
19444
33928
1586
4186
10684
46238
18296
4978
2032
19344
19214
2704
92650
92118
11034
3856
3344
11580
16586
13198
15770
1146
58048
17650
9218
210
13860
71490
69996
73098
14152
5368
8312
838
4676
8898
2158
55416
97208
6942
13262
6186
404
16492
15190
14884
17084
3524
97764
3624
3208
882
61548
16654
542
4442
5282
8176
21556
5034
8840
2686
8174
2406
19972
19678
11160
11210
41032
9620
1732
16456
17134
5756
2428
13762
17858
38410
19054
18818
14032
5608
886
1918
10672
19970
10440
7508
70636
4250
71872
47280
15374
83660
7796
68880
10
16546
18274
3498
5274
13584
3948
12252
13508
78374
31746
12352
5146
11292
19348
15470
19310
15912
11160
5330
10994
484
7502
14396
4614
10992
60440
66804
80650
2300
2648
18130
3472
6486
87184
12600
1606
16956
16692
2748
16286
14496
4408
17432
10344
14114
18770
4328
10858
6134
91836
18450
68702
16630
8692
19496
12592
3078
11374
13138
98794
7520
412
1024
13540
8758
6780
19446
19962
16324
4100
9364
66794
5512
10890
16274
13708
11018
13480
43536
8318
11200
11714
31616
1502
14704
17992
3522
20610
27464
18536
5818
1470
80816
10214
2526
13828
9184
992
11776
16422
19406
1732
1780
1522
6754
19430
64518
16402
13266
18562
13376
72952
4994
36580
18710
14342
61244
19824
48058
4142
10776
14486
9900
98514
6046
13674
18688
9876
4036
10230
16688
9256
21172
9190
88242
13670
360
3794
89274
904
7504
11240
7854
59628
32654
10962
12864
5386
16668
65432
7340
16540
88306
12178
17434
17372
15788
1244
18166
93820
13384
8806
8672
14564
14702
5848
4766
88984
9556
19766
4066
25556
97240
7362
16346
83412
3508
39126
1212
8306
8870
65278
11508
57148
6764
7038
11624
1098
36618
47276
11366
18506
4764
64942
41904
17780
19208
13020
8668
3252
61140
12420
18696
1224
3806
7154
22304
61520
10792
12502
20584
4750
1642
17250
3666
11368
34104
7578
62192
20536
76570
8806
78182
10848
16616
91198
13844
10616
45182
64658
17336
8294
21994
616
19606
81462
19172
81172
16150
3024
14090
7522
742
8622
78912
17428
18778
17956
11844
53574
64386
15998
19462
81678
1830
5934
14650
1190
17320
19290
3940
95484
95472
17562
78516
51218
8082
13332
16256
12420
1172
54038
5344
16142
95806
2362
14452
19420
59980
49604
16348
1358
17524
704
71992
18658
63142
16236
52078
15366
2834
5382
27668
69496
16042
4384
59322
78066
13720
1364
10694
34704
7112
42302
598
9044
10078
1806
3980
15952
32636
5386
2318
10530
9898
12336
10086
4806
12616
12282
2290
79098
2936
3754
9770
6598
10828
1972
6100
3556
3320
2316
19092
56268
3868
29240
10888
12342
3372
15668
14950
9020
3046
5464
83500
16742
15834
10160
11230
6090
9354
78010
6764
14598
11744
9956
10478
15754
2022
2424
10288
7418
3804
33800
12222
47020
37282
12822
9592
14350
14830
11848
3314
4696
19316
7748
2992
5774
16186
6652
87638
3068
4048
16508
2666
69430
16836
11664
18752
2174
6738
80616
11090
13232
9840
17628
19256
7806
3910
10150
4028
17154
16008
15356
3352
73338
3874
19598
5760
12032
1476
1624
3174
99838
14792
3276
5824
32866
81134
100
5462
11802
16732
16124
18532
7760
4270
2914
980
5112
10094
15936
13712
96480
68080
17152
17158
2846
5434
76154
11768
18314
8974
62674
10946
12396
70740
18122
20778
764
6474
19874
2784
2238
70820
13202
2346
18482
88500
19346
10876
2034
1396
14818
16076
9774
12458
97866
3792
3704
4538
11006
490
51190
56722
16534
17874
30238
7540
10618
19056
12618
19798
85862
15298
20054
18640
46002
83710
4962
18256
15628
3072
802
16240
18744
1450
11552
11426
15664
18792
75368
55456
14546
8534
13698
15256
1938
9330
15872
99518
3218
4598
708
16572
10656
1792
10198
1734
5348
6032
8104
4452
51330
3178
11608
57706
4784
3720
47978
13726
12336
19972
4794
8078
2124
13624
35094
76806
17820
19690
11306
15020
13970
8592
6128
12084
8468
5704
11520
1260
18498
3788
16688
16034
18384
19380
15234
16538
12706
14430
8596
5878
8748
16736
1070
6034
97050
19178
50668
12200
16164
72814
460
17340
15520
78548
1380
14300
17356
1102
8600
10362
88378
12022
728
15924
11644
4772
33232
15112
9756
7008
7144
8652
1004
3062
5538
5414
1434
8540
3400
8842
2530
14008
19816
18568
19922
11422
14482
16110
6040
13576
8328
13744
88950
10960
17254
73482
17204
4888
13824
7058
18768
9810
11666
11828
16462
18154
2056
11826
40784
11532
7304
15850
8160
5854
3474
19718
5568
7118
6800
18598
7934
5914
4728
98636
7392
16420
18784
13102
90932
22144
42552
2084
3120
5012
2012
17762
10218
13526
16650
80396
3456
9750
12386
17682
13566
6202
15452
18468
14868
87282
12380
82064
38426
2824
4856
4316
18548
18898
56430
67356
11404
17094
1796
15380
77378
14176
19728
5588
61238
11012
1032
37098
3812
95216
32128
19580
1538
2236
17252
1310
17828
14868
5332
1670
11958
5246
10572
2832
16290
9236
6342
8710
11148
15078
160
17546
13832
9974
13316
6016
7972
18760
17458
10730
15078
17310
17068
18
10372
18538
50874
17928
19978
9444
1668
6880
13478
4842
19648
10892
70286
7840
4638
306
4
28814
18728
12066
14494
8474
12876
16154
10424
4960
3390
11506
53782
4806
18194
10552
5206
1608
6830
8644
39090
4196
6626
45040
12684
254
6388
6106
1834
6158
1096
3896
13376
24460
10144
19466
46514
5698
3886
2566
65436
5308
3464
17732
14586
2774
15184
14774
6158
11834
9948
82750
638
10158
63634
8178
3938
25258
12398
10424
89248
6490
12134
77604
11500
4024
31924
24006
12812
334
1774
21756
21538
4448
14436
8720
14402
16626
2426
12578
888
12214
81392
7444
11698
10058
49510
6408
15134
90664
4302
59066
19688
1238
66196
1130
51168
76762
3462
5120
10720
19104
15908
17354
12778
57370
7248
4552
7764
77266
6384
10990
4180
12066
18766
17246
7502
6070
12058
19460
11616
2290
360
19188
15142
9006
96860
5474
1952
3070
5888
16956
18268
93048
10670
18756
10676
12082
2458
1702
15726
14262
12934
26814
12948
11196
2432
25898
9532
75472
13640
486
3530
14866
4510
54614
11524
11116
45370
1350
49468
7084
10844
10856
75808
24634
6408
37650
86842
88760
13710
3536
8772
16196
11768
10128
11444
15538
1576
11856
10778
9242
15844
59366
11024
172
40760
16110
26474
6348
17846
80684
14482
1082
166
840
14518
7060
2094
13358
15338
8404
18542
10270
6246
834
10556
12782
2896
2560
1002
81922
5426
14460
21204
7752
9736
48608
74492
5078
6334
7286
19200
1416
19932
11456
26220
18582
49800
1544
15242
11582
5976
8286
17264
9648
2086
17246
8098
5112
8368
31770
19352
2452
21106
14594
4638
6696
16780
18076
8580
7576
7852
99410
10052
4256
2412
9228
54850
3198
18288
41782
3776
4888
2208
28174
8850
19172
2074
19326
11688
19242
6230
65972
6144
2306
18892
3642
940
18406
15526
1512
1380
82008
76166
4368
13404
9728
404
84648
16970
8970
1480
7648
3006
17656
6334
19836
18274
8494
19588
3346
16000
23878
33240
7386
12834
17970
99440
6102
8892
6748
3740
6898
12276
9270
19928
6958
13274
7124
698
84102
68974
39038
10150
7682
15336
17300
34862
6208
30988
13212
7820
4570
3502
9184
26170
65602
11396
7280
6286
41708
18060
6070
13320
14352
4286
2814
4340
844
15494
5232
15058
10406
4044
57014
7884
97700
16436
8312
5312
54396
16304
16226
8440
19904
12590
10706
9306
41132
608
6292
52554
59862
1372
13930
9504
17602
6864
13220
12796
28930
17738
5510
16462
70204
10758
43968
5546
18106
4838
41912
12280
2108
11576
70370
14446
5388
64970
75040
2350
3900
50200
19776
8064
5134
7468
4432
96296
55378
11986
17210
10232
15288
7224
6406
10474
62498
7158
1658
17022
15006
6444
1334
12108
18542
16108
55174
17702
5572
5218
83076
5808
11680
16782
2868
8964
79126
7660
3278
19406
15894
3034
17116
83200
11570
4882
48290
18546
6384
13850
18292
3764
38194
5020
17826
5398
13772
6324
84786
9530
11658
1308
77246
61682
12386
6464
8702
1050
11252
14498
76782
30984
86288
4126
15028
1372
9622
2612
10850
11746
19722
9836
9124
63522
14958
7118
2870
25948
10376
6720
236
76838
2284
2530
8370
19236
7966
2596
4586
12212
15868
14422
5172
10854
8128
222
15268
10580
91494
10342
29994
16334
93002
6496
7232
69188
15450
16610
85528
12704
8250
3126
18704
77540
832
29166
17128
12850
14332
36880
2844
6892
12018
10392
9708
18530
1938
6006
8978
18520
14686
81176
38138
1156
24106
38304
41780
4020
8340
16984
11428
5752
10146
86496
17460
98
3074
12718
7106
10396
5796
19176
53716
15996
55376
53476
16138
10766
16390
16774
86956
8522
15102
3216
37238
902
40568
15948
13360
19322
24732
16626
7010
12366
59336
1098
18892
4436
3468
62922
4050
1306
15224
7620
74230
14834
15134
63044
17110
96902
19286
18440
15624
16148
18658
16544
19596
90994
454
11082
632
16270
14570
3482
46504
2844
5726
806
7132
7270
63596
15280
14658
11142
7662
5376
39110
34956
17106
6434
15560
7728
11386
51502
11202
9566
9090
8568
12418
1440
12174
80534
3474
45604
1964
8030
8298
8090
2768
16892
17462
80994
11852
11906
8926
2106
7778
90614
7882
90440
426
7878
5456
1262
5458
72114
738
9308
10916
44300
4032
45368
5550
9838
18676
94494
87518
9416
2400
12836
2940
65990
16988
1546
18570
13588
5228
66370
2714
13024
7548
91470
12384
13884
95170
5570
23018
11828
1068
10176
4506
32
9618
34304
8174
10408
6122
8668
1560
9902
7072
15722
18744
14142
15852
18154
6936
17508
1394
8448
7018
2368
55216
39090
19720
14078
14140
3682
2398
2428
12952
10602
30858
59954
12920
6130
14052
18430
3430
2808
5430
16788
34854
36560
4142
13904
18034
19728
14114
16700
8970
5472
63074
12710
17620
82658
8034
16666
49690
5754
13718
18218
8916
41956
82304
23222
73490
1272
17370
3076
50298
96386
1464
2740
19574
15540
7276
6832
10798
22820
15178
8128
18254
11568
2804
352
77584
43504
18920
18758
10322
13170
77026
40424
906
7464
16998
15902
3884
53298
14944
2216
9936
9390
2444
2920
15462
1972
2934
16496
15210
9324
11574
48296
380
9212
14844
14412
4096
4558
130
10678
3582
16290
7154
1172
19884
96438
13074
13170
17976
4942
6532
18966
18838
16410
5350
8534
19516
16638
3080
91462
4552
15114
15280
11900
7570
12362
16284
2402
19978
18728
4656
13728
19958
16048
69096
32942
57844
1246
4922
996
15866
14560
834
34562
87834
6964
36836
8652
17146
6860
11708
19030
9078
16954
4242
7326
51908
14654
5460
2372
55990
100
3670
8200
16344
988
18552
4060
18262
15308
4714
26740
30488
2986
32850
16678
94908
13696
7880
384
68010
27966
19296
10828
8766
13724
19130
16184
16108
13740
610
10214
13864
89114
14814
2386
11106
2694
16718
18712
19188
18588
57036
3308
6200
7852
14400
12954
1884
11266
9570
8350
19632
166
59782
98478
16564
18694
1836
3538
64288
6696
10666
92622
16032
21066
19952
16206
2136
1186
2598
8720
4738
89840
74396
11050
13080
19396
51364
61784
3916
64770
19908
14258
12718
17700
34442
39526
19824
4110
2586
2204
15724
1364
62888
33900
19820
7608
6136
13282
72608
14894
10970
11490
47288
12476
7808
15018
9464
18948
18388
6224
8058
15110
19492
5758
14120
15468
19280
17424
7258
19422
12808
11436
13282
10082
15352
4868
14234
10990
5752
2576
2566
55860
4538
5980
7506
77684
9468
54536
17790
9762
41528
15886
57540
5072
858
16256
19356
9990
2578
7634
4472
58654
19520
57368
3866
11182
16562
9244
3554
12570
3822
14836
17886
4842
1030
13886
1388
17094
8714
99798
7158
19604
9780
88330
17628
19842
680
15404
68936
16706
13062
13666
16746
54994
986
17996
62030
4122
5352
18790
18766
7406
8898
2556
15512
17584
23506
4880
61002
10234
19330
53430
81864
7010
1942
16826
9354
10578
6272
15156
7548
10110
9064
9838
17814
18954
17196
5936
14742
15840
18814
17728
14982
10102
2592
4442
9178
2574
6730
9940
13150
11152
6354
16718
11616
16050
8726
18374
7864
19528
64344
1794
11656
7970
60530
21310
4048
84718
1964
13024
16790
414
6952
14398
52308
7802
14072
95794
3646
5726
11404
9810
7216
2576
11358
11158
14936
11438
6600
4202
9254
77876
72318
10982
10320
9936
11502
1080
6762
16326
19068
10456
16600
14990
11954
47008
5894
18758
11628
14720
12636
12298
9540
14242
14974
7702
3442
4824
38214
15906
13546
42286
65254
16626
9416
2920
2130
80074
7878
6374
1004
15182
13210
14494
9202
11288
15696
17104
19190
80104
16398
16150
16824
2922
10302
30292
2866
10726
19016
11574
13536
14690
7290
11646
1622
23288
22528
15584
13536
3756
10772
8216
5378
6906
12814
31424
17212
10358
14416
12992
11660
1122
3870
2814
10080
16452
66746
70870
94120
10762
17824
3224
7712
4150
57618
89562
48062
23272
5624
35024
8818
21744
17710
2922
38300
2722
14832
55304
300
13002
13664
39712
5210
60360
7656
5842
11384
6728
850
4800
14724
2266
11918
4552
15816
3252
9232
7064
2300
60174
18270
57798
4444
18310
1166
16200
4590
69798
10586
14640
2924
11930
17052
5376
740
88798
420
2388
80
19644
9824
5380
12228
5812
61444
14460
90244
7998
10012
16654
18392
46682
17976
7486
1908
13912
8930
218
55432
2962
2392
132
5728
19412
12100
10514
13786
9230
77698
1440
1420
90658
5042
1068
17444
702
17214
7494
64348
10726
19536
4844
56470
19128
6896
1488
2734
3474
73322
37538
9524
14132
428
93968
6348
2156
6018
3042
7104
7650
15520
11090
7984
4648
16438
10684
11498
12072
11406
49600
7970
1018
8364
30184
12802
11000
16394
54686
1434
15734
12028
90522
24006
64328
8432
10174
18772
10416
7406
14904
21588
94
19088
9588
9480
12518
10700
23996
18482
16750
15026
6670
4854
80352
8042
5328
6492
18096
19780
13132
18606
15782
12422
5842
69682
12318
18448
6324
18832
7762
9794
5412
16656
56702
9484
15840
11732
2708
11672
9858
19904
1720
1330
16272
3180
14590
10230
10942
38
2714
11688
15616
13298
3796
73620
17414
10048
7816
11144
14718
10054
12172
9950
94364
28480
3414
11908
17112
4996
16664
1818
16156
13054
1156
19892
5358
62184
2516
24156
10282
10282
16034
15176
1580
8762
810
12934
10776
11436
14098
10192
17112
13776
16748
13040
2194
2028
5866
228
5366
5666
4384
14584
13082
4466
4932
634
1716
5918
19246
11116
13978
9088
12872
54820
16570
7318
11016
16190
7314
13464
52408
4926
89080
78446
6744
19912
60840
16098
12088
102
60372
11868
18494
15250
66648
4746
26476
24990
6448
4760
3852
17192
11780
11454
7536
13076
17450
10840
41028
13264
3304
9102
1670
15508
20434
2446
4668
16234
19332
17872
2662
84762
16856
14126
5934
18082
30982
3894
17976
9774
15270
14094
16254
74196
5158
18784
12584
88188
46868
536
13024
3968
7790
9270
2850
4446
4010
15138
17544
38836
334
14202
16788
7070
19636
2666
7070
35086
17272
11968
14820
5840
3892
5170
1840
2570
19772
5960
3194
1310
14748
1772
17394
19840
19334
72390
15218
10260
17608
10420
15962
18350
476
12864
8482
14636
1072
17438
864
91556
3796
15466
5466
7904
55114
9690
12192
18580
13780
16922
2918
8338
868
76874
5460
15392
13472
320
18422
404
11226
18752
15810
13356
65528
49072
16232
308
46914
10420
7740
1156
4250
19834
26714
19804
6594
342
17990
2868
12026
62216
40490
14756
15512
14754
97648
8276
12690
5836
1626
5470
17764
93690
17190
5278
68372
99838
14682
17282
32770
1626
7942
37428
7256
18396
3054
35370
9436
18156
21798
2764
9658
91542
1174
4792
2650
14022
7454
1922
7968
12672
89322
656
15360
75448
1602
42570
7978
19246
7706
162
99426
15030
5484
2910
8634
10042
14724
3290
13602
962
54800
45128
11000
148
12330
19960
61330
10148
21508
91226
4000
14156
83424
15078
6972
44
270
15152
75882
17364
13518
1456
7472
14960
6910
1616
7184
10054
4216
6244
50902
5138
9632
3122
41196
12636
3178
2904
6624
804
14584
590
12186
13480
4342
12104
9332
12556
7662
4216
1454
19214
15598
50324
9560
3236
7354
1780
15656
11602
65584
5158
18212
16644
41860
13158
15978
4726
6904
19334
84454
89486
13566
17414
29358
7498
2994
2332
52256
7844
29226
11308
66440
18568
67832
5796
19870
3672
814
27156
19534
5132
13514
9432
4676
8774
10130
69280
2096
8434
922
19316
4770
9628
19436
9984
5982
6694
76398
2480
13848
1514
35348
10178
63714
936
2982
6306
54296
6828
96
11608
13496
4612
64490
3238
16104
6362
11726
10374
1076
2688
2242
8188
19398
12492
16508
16886
17702
20766
79998
8470
15602
24604
90652
12934
13110
16666
4074
16186
2776
11100
8786
12384
16262
10576
81664
15934
12388
6778
13632
8270
7550
608
13436
8174
78
6632
31572
15312
11208
70142
19436
64292
36298
19998
14918
13444
4010
80790
15316
7656
2394
12900
13852
5734
17772
5916
7532
3420
9100
92486
776
19772
42508
73920
966
7402
6888
19108
8148
9042
19266
15596
2620
22046
1334
40896
71962
10878
70546
71252
260
772
59768
414
25482
2166
4172
14978
14072
9324
92500
28346
2876
202
18168
10758
13752
18312
17452
2254
19462
8074
17036
4804
5572
29692
14164
6474
14810
3588
8184
11662
5078
10604
69202
11578
7694
3938
2646
5354
12052
14190
5450
19102
16562
7726
11898
410
19416
1542
17784
5546
18258
12802
3678
13686
8082
26060
7500
7512
11002
90380
13936
11264
738
85980
12330
6830
3530
24972
2612
4104
1258
12172
17668
10570
8024
85450
12660
3996
15858
7842
7312
3588
16180
14412
98148
97962
93548
17280
80222
948
25096
5692
15498
13666
8794
18614
7700
48574
9072
5912
13630
17756
98636
54084
14066
44528
5634
9276
23452
13142
30948
16414
7528
8506
18034
17070
10418
8892
7538
2822
16642
6650
5342
99084
15586
15922
6680
14094
15810
96752
8088
29170
15022
5394
30488
16862
3090
7972
26636
17406
10036
24012
8706
11298
7112
16350
15348
15792
65984
5036
13240
11416
8936
14722
17970
1726
4374
39574
14658
62192
19260
51134
14022
13710
9718
17514
13340
66
15032
17636
95880
17242
17330
4716
2442
8278
14206
11820
14864
5670
6486
2508
5758
18078
6536
44918
67986
7146
41640
436
12192
12696
48370
9642
132
19228
52188
16160
8700
17546
8810
15408
978
19392
15718
18904
8174
16854
50584
14326
7662
4142
3504
54498
16974
7638
15928
23088
12976
5684
8582
55074
19692
1348
11984
5434
18936
7000
10278
2630
14932
8538
1360
17448
19550
13472
87408
8732
13058
9804
68500
19074
5458
2582
75498
9226
10178
1666
2066
61702
90164
13716
7140
3608
8950
6778
9318
48278
13638
17410
58224
9184
5070
9716
12438
6000
96
11896
328
6366
11194
13812
86426
2462
49994
17198
1242
17310
80416
19958
95218
12470
13774
56184
11584
71126
10480
9740
3672
11512
17062
83536
9248
5004
0
2472
18248
11322
17980
2202
19694
11648
22384
35390
10676
7602
17248
8738
12668
12082
6288
4380
5902
17404
12096
18086
3022
90704
17352
2452
15822
14318
9226
19974
12622
2070
16704
8208
6402
18268
7904
19760
3258
3966
68520
13880
4458
3766
5398
19674
14600
1800
11742
138
11896
9956
40658
22060
8132
7816
1512
1808
4270
7102
19962
4322
5314
17054
1124
4312
9224
74114
9118
70794
4336
5644
8390
4592
6450
12560
8932
12436
53088
5908
12022
13262
19234
27976
7134
9652
38
13072
17226
92450
75138
30284
96780
4468
10914
13718
81562
5814
14960
68548
51932
12670
19582
2650
7032
17708
17014
18914
7482
23866
85208
7210
1720
3162
9534
15200
6590
94938
14734
16804
7052
8820
15308
9612
112
10986
11896
18652
11754
12444
1616
3364
838
84992
14140
15538
89532
7532
22946
13848
18158
16510
13416
8770
14516
69824
13138
13184
31742
9358
3976
11158
8354
9954
6930
99706
8454
11792
7182
13530
13144
26586
5724
9568
138
5878
8442
44334
53954
19710
2870
83786
6636
13206
10996
4776
14946
13542
10808
6966
13318
2304
12
13340
1086
26438
3928
15602
12008
2028
12882
85952
17056
15776
7038
68840
91426
6232
91242
18616
85604
564
16706
692
12578
3712
15062
6406
7046
4854
10132
7620
6740
12518
6968
16700
32714
8182
8806
6724
13704
10634
58292
18452
93004
19564
77222
14462
38340
49456
67562
12336
160
74286
78758
46174
43710
17776
6354
9852
6574
4508
1378
14804
12870
75148
14140
79032
10902
10596
21904
11068
3428
15690
12792
19876
21422
10936
35634
6922
13856
8788
72254
6376
5300
14966
14976
10088
9422
8570
13994
10502
18880
3846
5786
10530
92678
2524
14756
2738
7744
9120
8810
6496
3148
18132
54004
15124
8556
59836
18248
6330
3556
17402
14534
7620
2716
38568
9194
62612
14922
16218
4672
7630
1420
27296
9964
25406
15508
17606
14436
1762
8540
16900
3256
6442
19156
10012
3074
25262
37974
72288
10174
34426
4696
2078
13314
9556
19670
1626
6426
8416
5338
3360
1524
35956
17494
3708
89896
26730
17182
1046
11638
1866
12434
66262
1732
6596
7618
3754
13294
2302
9654
47252
10372
6142
47490
18348
18778
89020
9616
11764
12860
92626
18612
13014
11240
14580
47640
5482
16556
19876
14314
4014
7804
52024
62232
14338
2570
5438
284
10310
21948
47164
11696
45676
2034
14502
1088
14678
3408
6280
4674
19052
6794
10780
88130
10698
13806
10010
8198
15782
10414
71958
80690
11422
84368
18882
39234
39854
72284
78572
11172
15406
8808
17680
12860
44482
15176
3394
1780
10594
1350
69578
15442
45172
11200
11496
3698
3874
10330
8832
43518
6860
9288
52
17164
6976
572
12050
2364
1510
416
16174
214
72
10752
99742
8914
27992
15628
14990
5598
3650
5820
8366
41898
67234
3294
11842
338
71662
12460
12852
14378
17966
13118
19102
17248
4212
19824
12730
17896
19980
18318
8318
15706
18854
98080
60980
7554
18712
49928
46920
9040
16490
1206
382
56276
7300
1376
36094
14342
3728
806
13976
8336
56332
10834
13660
7502
17914
1846
11918
13314
6294
95034
7656
17808
23778
4984
17196
9250
13840
12578
12218
1186
14580
11726
142
16878
4876
204
10950
5396
700
51148
17918
18892
12966
44072
6692
10092
1610
916
1568
5370
16452
31688
44850
12902
97248
93184
1154
50702
8404
5596
15638
8066
19272
11204
14996
83022
19362
57554
24186
2328
71788
6522
55472
37850
18858
1014
18126
11276
18442
41088
668
33172
12502
11224
13432
694
7510
11140
6824
9044
114
17784
3894
14358
10390
2726
55298
60306
48760
3928
4594
17626
14460
17024
64140
13598
73844
9898
55978
19938
29940
6562
6032
4206
10214
516
9522
82734
38380
1740
12646
8544
12084
1990
90220
5810
9328
9594
13716
19732
29572
5208
17480
35588
52254
4052
1504
1914
12140
58748
10638
1406
7610
87638
13672
13556
17896
9052
6186
29706
11010
55296
15018
60262
75634
124
8584
19780
9852
552
17140
1828
69106
17548
18800
9654
2824
18990
74970
8036
1094
52996
6564
14054
22360
10844
5254
9642
14220
7130
19004
37316
3872
3692
12058
48134
18424
2406
18982
92908
11498
11226
35620
11596
3726
154
18512
6778
3366
14890
18518
7786
14650
18392
6416
2202
708
16680
9596
5904
12090
12858
8180
13844
23598
19870
41108
2920
13854
10686
10584
46074
13524
4490
16454
5610
14182
474
27288
4386
7466
38932
18344
6470
12266
6042
2836
2208
6014
4230
71426
1778
18266
15368
13678
1842
15482
14988
10890
14966
2492
37326
21914
910
254
19182
11002
11992
64232
18528
24084
17678
146
5922
65802
3772
5718
1446
8644
6216
42912
13752
16106
9122
86030
18312
1104
12956
14580
9706
8150
96524
4670
2742
4602
8826
5620
17842
7266
5318
16626
15000
18748
3198
19556
33290
18186
55594
3620
19618
2286
9396
37320
9128
47680
4152
35510
42328
14724
8948
13932
56076
11932
5678
13370
912
14052
17468
16738
12964
1138
17560
74670
48654
16776
11600
66732
8872
16750
6776
9740
10000
29344
26030
79438
17862
22074
44014
346
14326
9426
18744
17180
78998
10958
29098
272
62900
18598
14942
5854
18878
11336
3770
19598
8026
10268
16188
12266
94044
6368
15156
8616
12516
11412
26646
7804
4646
87396
3394
18712
13140
18866
7674
58612
6344
5370
11566
43210
14418
18916
16924
51486
3760
6452
10888
17038
2908
59384
10980
9474
368
60748
11138
15846
15748
3440
6666
63600
17762
17690
68664
89298
1954
12404
16174
14076
19238
15942
5290
2368
3480
16374
4000
14384
9592
15190
15064
6348
16520
13014
31242
3502
10638
47230
3426
14734
4180
17242
16774
5148
45102
19726
17940
14094
18458
10456
17160
15854
16658
17402
16534
16598
89038
19430
3864
31434
13202
7214
1398
24696
16826
7042
596
46360
2358
14718
4406
22710
14286
5454
17076
54060
18164
5670
5568
14710
5894
17058
6394
59316
8616
18312
18206
18766
3872
17666
9034
17360
15478
66720
8850
50
3624
16266
16264
13796
14436
7230
550
13296
4486
1020
9628
5046
16300
16798
12748
2856
4136
15152
57700
1190
10686
91036
6046
3468
11986
75978
15950
13794
8412
13524
2394
7812
43104
38116
14742
2378
14946
13096
6666
77238
35266
1448
58866
8118
14076
11396
436
16334
10644
19824
2798
518
93242
74332
16074
14552
13456
15352
15580
19464
3646
98244
62882
88348
41534
4428
5122
7660
1490
4664
11890
19882
16328
13760
16642
9638
7638
8410
7040
11236
18338
6074
4468
11194
18308
14504
13518
18218
16654
13894
9472
5616
14116
9232
7494
994
66498
13784
2330
26398
17240
66018
8182
7192
1046
41722
13600
13930
24312
59908
914
10674
6434
17206
18548
14090
3982
96214
10610
12050
13348
3028
222
29498
336
28674
12632
11418
10778
71722
1488
18842
3920
3760
9924
1024
9982
16536
6562
19462
16856
18692
8066
8996
184
4718
14554
13872
62746
9614
51534
11332
15298
11926
17570
4756
8754
9582
1630
12018
82972
17508
16102
2160
6392
18174
14988
15276
17774
19800
15236
18858
26660
5266
15844
2242
482
11842
326
10394
80570
19250
19886
74644
17598
5710
17708
14246
1874
15862
8574
15964
2120
17710
7754
55932
2448
15886
3470
70184
9168
3922
520
14816
6888
6270
9548
1716
12882
10754
92648
252
55488
2728
35316
11680
5298
14656
9330
12796
5738
18944
73670
288
3346
77888
18294
57668
6430
61408
7498
11678
46922
158
8266
586
88952
11012
19632
19358
1168
47936
7994
16054
12488
1054
5144
18756
11300
33482
4016
85428
12602
7990
5972
91690
7124
16944
18736
30308
97222
83936
12940
9902
328
17618
17324
3056
5032
6082
2288
8288
19236
51960
19266
14720
14168
15490
3436
11816
9764
3222
4876
56244
17550
6066
15336
11900
11934
15530
9938
19670
3368
6092
49874
18758
16614
13328
19800
99224
2014
17146
14508
8020
11220
3088
33092
12970
9094
11658
11298
10156
5360
18004
66366
78792
7926
5980
9830
91382
12754
10304
15332
10606
40618
920
3008
12766
15596
2160
18988
40622
2820
62220
16708
18420
12602
10522
136
70668
74616
83816
90814
16006
5252
6442
15060
9378
87496
3526
44176
16602
11852
10954
7970
88220
1010
10440
13662
84078
3684
5224
9862
2690
5488
17146
19478
12582
9616
15320
37022
390
11700
13946
34238
10726
6790
10268
9522
15804
9122
7758
16296
14662
53104
18796
11004
3450
4376
238
9668
54250
63084
1796
7434
13204
12928
14790
9442
54770
6212
11990
7630
18142
92314
10870
87252
8340
1222
76472
6146
58312
11604
34860
10186
2806
1406
18926
12778
65688
83148
17848
3172
42010
16684
2742
18368
11582
96546
34080
12326
6838
26800
3820
10102
17386
2978
19610
3604
13820
78420
13782
890
24354
15296
8322
15946
88988
12044
11032
18080
2158
9494
14778
5726
99830
11240
1192
12470
99592
24162
10122
17518
25964
58502
9992
98618
7492
120
6556
62656
8490
12494
5232
7146
17386
11926
4520
31644
72562
6102
3202
4086
11780
6432
5046
77848
6074
3240
4294
18914
15274
19868
18398
4016
25118
14104
1026
4218
68746
18006
11966
15712
10038
12190
26692
10144
10822
16422
11398
96840
5172
9292
15384
17688
12178
25494
1740
15780
15738
9580
16082
46036
774
10076
5554
27840
5968
25504
17532
17208
5812
10960
2174
2774
5372
8704
13890
3858
3414
10232
30472
8790
19476
7124
15018
14670
59368
70616
428
13150
17022
92734
12430
19066
12184
10868
18360
84754
17278
54068
6888
8846
8030
11604
2178
17414
13022
17896
13774
2664
14938
40480
26848
40154
49400
81458
1536
12516
8704
6728
15434
35890
6988
23168
10292
70402
18510
6688
9646
15440
2304
13794
32542
7694
11176
2172
534
13504
9334
18652
41358
9648
15314
14514
17986
5376
10088
6418
5964
9058
16744
12512
9360
39144
4322
17332
54054
67108
82358
19340
3882
8744
8548
12422
4528
3682
75844
17718
7694
12490
4286
10818
46308
6532
36590
70304
6400
5002
16404
17170
70424
47140
18566
77912
19136
3506
12542
18268
722
6452
2866
15712
11474
9442
13988
32132
5964
8882
5428
15990
35468
5376
9172
7516
15598
13052
8258
14988
90678
16530
2156
904
81044
19222
14866
6266
1866
22996
10516
6114
4644
69364
9134
9500
18128
9488
13044
15402
4780
6164
15600
1834
7800
902
19246
12974
6700
5250
93964
5814
18908
8694
10774
64788
15740
2294
9092
32684
9152
14052
16204
12546
50440
41914
3626
12322
80810
18234
16620
4790
19190
67268
12830
91754
7398
17612
11320
3956
4782
18418
75786
8998
12796
11770
1706
3298
4382
374
626
3174
11788
87466
10646
34162
17464
14170
9618
2346
19752
16988
8638
18962
1230
14056
7440
15124
850
13166
9652
6296
6048
19370
16704
11470
11386
1406
11222
14868
772
12178
13748
74972
2992
85830
4012
5496
84872
17218
71236
8848
13284
646
5638
4496
10872
18732
16520
7682
18764
14840
54088
13686
19694
18316
65142
50082
10676
6156
12564
8334
95640
13812
6608
878
5998
33328
3104
39072
15362
12770
1108
15612
19816
60364
41172
9568
6062
4
18240
7810
90358
6006
2404
13016
42316
11732
13088
6002
18172
3862
7796
17680
19338
8758
11328
19612
19182
150
5094
9716
18794
11954
32788
89326
19618
2954
18164
5514
12936
36938
26740
8264
13076
13742
17910
15390
54014
1262
23526
25656
17514
4386
12400
12270
19934
5596
19006
1666
39208
5812
19698
14048
11762
17632
542
16384
82846
17814
17206
7440
15048
7666
15376
6610
63476
93684
12178
11338
82394
12304
13420
18322
10774
98756
39146
57134
18146
12050
92824
2858
166
53858
94920
89342
77040
2358
18394
11742
4622
13406
15074
5868
3444
15976
7554
5728
7448
11512
10206
16486
18506
48764
18858
2808
13842
14994
16998
7826
13272
16610
24174
4718
13440
11190
28462
19288
16318
51656
18000
24468
16484
2954
13304
18830
58040
7792
15940
6330
41426
1574
3360
54466
97686
2836
19004
12634
2406
9294
478
5050
11860
67752
4766
28358
40584
11056
7220
19982
78806
19328
2496
13462
82044
5008
4960
10296
72296
19782
14244
82416
1536
93200
15142
696
12736
13472
4572
14858
6334
2966
4426
16100
7850
2876
10382
2356
4126
7932
17212
19468
18432
11054
19072
18214
386
23706
2578
6914
51900
10908
79946
196
6088
1446
5102
63818
7804
9236
11284
71230
8886
12986
1510
12218
5038
4068
5768
6618
10280
75372
18516
8342
54
93116
14230
33642
16900
16382
6966
13310
52866
5792
3878
11746
1670
13338
6096
18154
35438
34780
11748
9220
11986
73940
8262
3520
14864
2762
810
15006
18684
5696
21508
3490
11986
400
15624
47448
76108
29988
5730
11272
74802
18232
12360
13458
5314
2976
3784
18470
2182
1044
314
10474
9826
3900
17630
25506
10822
6506
16458
33550
11164
64816
9010
18942
202
14752
10470
12774
19496
11052
18940
9204
13702
4624
17274
8586
12602
74868
5556
91898
70578
16152
6602
13298
3842
754
14402
19942
14884
95782
11760
10482
81104
1566
6408
7436
43690
17892
12738
13312
17548
11436
18620
13518
17720
15272
16398
17908
16692
16666
11442
89960
6534
18204
19388
4572
1722
84832
13054
16312
6890
46982
16474
3806
9762
40714
42358
7862
33268
9348
12210
56342
9770
5304
8584
8838
4544
11256
68872
11128
65048
6234
95724
9472
29126
2572
13218
16918
316
12360
13890
10060
14006
30760
16572
13906
11020
44178
19494
12718
6564
6602
10568
1948
5708
7872
8222
92188
38624
7470
26806
13042
33814
67212
74936
37286
168
8282
7094
57674
4892
17164
64950
8084
8524
19582
9416
5320
6596
69614
39912
12622
65546
13912
19874
566
16016
17640
6284
84336
68250
89522
19236
12264
18342
2498
8156
10508
64930
3488
17084
10770
4924
9330
6816
86026
4186
16304
10534
6656
2744
5084
7636
99482
11130
1550
2234
1202
19394
3122
15718
57160
2250
66402
3156
2724
92422
14552
13320
10344
90476
19652
41750
106
3602
4862
15362
2694
8304
19672
17550
63216
13826
16502
6504
15954
7882
14134
34154
21372
4448
3068
18992
3722
6568
15226
6750
90394
14130
52580
15252
9150
66994
37948
10492
2204
10592
19876
13008
4720
13210
8780
65304
94806
18702
7070
61166
20754
17978
83626
4748
5336
10264
8854
12490
8850
15168
20068
53806
11426
35186
1812
6276
16194
18028
12124
3610
18552
17708
28312
970
18894
17162
11652
8616
57548
9672
6924
13002
2458
516
13300
5682
68672
15192
8312
9728
3636
10736
7544
29160
16550
5368
89218
84012
2288
1196
4882
13474
15934
7956
1086
66906
980
12498
13226
4090
8846
52774
14722
94674
7732
2224
2700
60894
222
16032
91272
16942
89868
19026
97190
94968
214
14934
60198
2938
764
12380
48946
69906
3120
1734
16308
19004
6010
18086
8536
69474
15568
4452
1058
19668
28104
1742
5770
18356
3932
96574
626
8828
2500
12142
67902
14808
15954
16506
9374
10938
83020
7796
18996
12836
14908
18318
53764
16614
37858
6570
14134
13660
14906
90642
2204
2502
28856
6276
20522
11044
4540
13938
42226
4572
4330
13238
7872
16380
5524
98832
19884
6890
99228
16670
14172
99358
4760
26838
6552
6062
7278
17536
13440
6966
17200
8692
15688
526
11000
16438
8550
3808
7148
11428
17350
2680
17320
1018
70746
2314
67792
2152
17160
192
4472
66018
19424
6070
8032
17786
66876
4190
30006
3984
1522
59326
76714
5198
92496
11008
10664
15462
56342
6022
5208
40058
23884
5104
11898
28898
11456
8728
5576
288
17696
52634
2300
19848
16562
27364
12466
14694
12712
13148
4692
8872
2226
8320
12126
11262
10234
5508
4322
15878
19512
10052
83322
1980
702
8274
56778
12344
16056
2000
44784
6354
252
8228
54022
90394
74824
8198
17316
35126
3792
5720
10864
12478
16910
16282
40176
18048
126
13200
81166
9224
8202
1708
6310
12322
8588
6072
17922
3602
3064
87982
1448
28698
3320
19938
48140
3376
32702
4766
95548
19826
11910
9332
6858
28028
6340
18374
624
65382
2210
35810
11062
50152
8988
3446
16264
2188
19832
35774
67756
7418
62882
2542
3630
6798
72904
6448
1208
11512
13940
5764
12686
19786
18620
4260
37118
17560
14696
7174
58420
15198
24704
2332
13488
19408
1596
4066
3876
71338
1298
5764
13656
28384
4324
85124
2836
19614
12376
13046
9110
9818
1772
3760
9660
648
53188
1608
6992
1624
13038
17704
10254
8344
96270
9558
6028
88666
8282
14910
5536
9288
7856
10738
62878
6200
7146
998
4254
17666
6268
7948
11878
9370
13916
77050
13020
2636
52820
10492
12048
2184
78476
15754
70424
1836
8144
24724
13284
5996
57818
19704
67692
33396
42012
62632
12670
2502
17388
11394
18226
17992
8042
59586
78894
14178
9220
4242
518
3004
63998
89984
17186
1458
8578
17388
10000
3390
18404
9228
72014
64508
16654
77988
3228
374
11010
11366
5218
9408
22402
7498
48726
3622
62432
16466
9050
15018
10112
16780
18716
9822
7088
16186
8360
87470
12098
17144
7190
19204
3738
73588
8324
2382
6050
17338
96764
9952
17238
73618
56334
4494
17502
38142
3366
6898
13322
1094
8538
12422
1674
8814
6554
5620
14862
16140
91508
13768
18472
67226
256
90798
7864
8806
82538
17284
13668
19700
14758
10348
12322
14332
18150
11596
9596
48398
9010
49954
18548
93752
18242
12176
33566
15412
7908
14286
54002
7206
5328
89318
5410
1230
15646
6992
32410
12992
10776
4932
78076
11242
10916
15170
2626
18886
40522
14546
5736
3012
814
43930
16818
27596
5384
12432
18238
34362
77094
6584
15628
99126
26952
9204
17538
5982
9632
63622
2948
19276
94744
18068
1604
51510
7078
76574
4958
1148
8606
360
8788
8356
54528
33540
10314
5724
7266
13192
13244
8650
18640
14668
18072
8174
8048
11500
10240
5242
84140
18000
6410
60860
1114
17984
10284
16684
14176
6616
10662
10822
19080
3170
88374
3212
18980
8658
1164
62902
784
1222
13576
15652
23282
35268
16188
9726
5944
9100
11090
88352
5274
14488
13576
872
5382
58696
5886
15078
1662
8602
35636
73898
9022
11484
1862
2264
15384
16548
95528
4234
17738
6900
13978
17866
18354
29338
7498
16998
69188
16380
93602
5132
6522
11070
11220
19046
9850
8632
13548
1404
11722
15250
3996
9358
62032
13120
1142
3660
17492
38728
18772
14496
73124
7860
15604
6370
10368
3516
5324
2714
4248
12646
10266
4702
99740
12976
15488
14062
13948
19318
87116
8354
16238
9786
18134
5914
6124
8550
6082
5408
13576
2734
87068
9378
14868
15968
4708
16574
12310
22392
1260
9430
6818
32530
63064
43956
5220
17702
768
1798
15370
14688
10320
10914
8904
8242
2774
13380
184
274
14700
13138
11228
8236
10824
18406
1952
18454
4786
5846
12640
3870
9772
13072
2554
5916
576
15094
16944
15552
12418
1576
650
18888
11488
9156
6682
6088
11502
3678
12276
9938
13566
1790
3756
438
82080
9690
8696
12698
264
3912
16756
31882
11712
3554
7300
13310
8668
18138
29614
10874
16590
1608
10412
9746
21762
97526
4816
16230
11928
91360
14762
15622
19998
19124
6062
2102
66840
99288
8824
14508
7280
5948
17844
84980
69686
14198
16736
12688
17392
18532
17074
11574
73606
18878
7984
16182
15708
12916
9250
5462
1772
11074
17280
11978
2336
150
24278
11744
97860
8842
3872
1688
5532
19812
16482
10110
32122
26168
27918
548
6904
16030
12106
15988
18892
18086
1100
15310
44746
10942
15548
4758
16482
70696
16958
47226
1218
13504
7568
13680
33382
33070
83178
14900
6628
35132
87396
10166
4556
10954
8868
11578
17046
16102
77546
5456
7708
17682
6266
19848
93234
18008
18658
13582
88662
15024
21726
48012
2582
53626
5390
19786
11206
14268
15852
72120
2920
15456
89756
1570
15484
68974
2114
4488
60818
9164
6702
8458
45056
8642
12960
11620
92412
1548
5366
3006
5326
41340
13326
16744
14880
93976
6990
5820
8716
14758
40802
3492
12218
5746
7984
4866
2150
14736
13944
63596
2792
13312
5894
3998
5494
29190
9656
17880
22272
9218
7764
14186
9206
17118
14026
12622
7776
7236
11158
14340
10888
1796
16226
16352
5324
10858
19836
81534
73776
18848
6632
10978
5234
19314
11592
73534
24552
16282
5520
13206
3184
33698
2502
2236
14998
10038
5394
39222
63046
2322
7446
33342
14366
3002
18300
18194
12276
72958
16296
12608
2240
6796
9522
13210
1048
7318
9492
8950
4656
81878
21034
13428
17262
19664
76326
38550
14016
8172
14032
16540
15736
3016
18864
386
13318
47084
8612
17766
8378
11366
78478
60560
13720
11330
18486
15386
16056
4780
5986
6654
4674
36480
2492
19404
7632
8468
52814
25646
9914
47850
10310
12418
10156
17776
16362
9276
12304
18472
2188
66938
5594
12278
6676
13958
68116
14726
18234
8572
9738
4036
4642
16534
3440
19170
25914
19314
1442
54752
14310
18744
13020
15916
13714
93354
19030
91716
15924
11274
23520
10932
66596
18570
19580
19960
18978
53916
13556
17384
14314
35264
3954
18656
86468
11004
17172
3668
37254
16184
24534
16326
10698
6114
7468
4548
8768
1816
848
47012
14600
26280
2284
36726
5172
7094
4664
15714
15064
92540
13556
12552
19460
11836
8566
15996
76932
19880
16632
74574
43616
6410
2944
16618
11604
14972
11588
18982
15644
43590
15818
19220
12860
33640
83466
18892
19278
12086
16470
18720
9712
10336
1836
6018
17900
10002
4812
83882
73622
7868
12332
4600
6678
2478
3628
36566
672
35236
11782
16458
11776
16978
9002
18332
14346
59882
5728
3406
54892
19708
4882
14424
4774
1010
4208
8556
9340
1318
38076
18310
75896
2808
13224
63848
18300
4224
25058
97858
14974
10676
12682
3570
1908
2376
9416
6006
3538
6112
2358
10902
4108
5020
17840
98710
2490
2962
16212
14384
17380
7868
1060
7610
1284
32414
16336
2874
14634
13588
6334
11136
15782
6396
97866
9602
77748
19944
6980
604
16044
7620
42608
9434
7782
17326
81898
18020
4984
262
11518
310
16860
13986
7862
19634
10098
34
14294
6030
3346
208
3532
17884
12214
4408
14148
4874
10996
7670
5272
57452
13692
16894
4630
8874
13920
17796
31474
16168
36738
6138
8452
29040
14716
5868
11430
94044
89932
7064
15030
14334
15942
14332
15172
3794
5140
24678
14704
16918
15488
13750
17942
17172
930
9642
8146
89076
10010
32130
65650
3674
7306
57426
79658
67454
94906
1990
11326
4470
2564
14284
2966
16900
8794
12814
11940
9668
12494
6026
16896
16080
7846
9734
8506
18822
72878
1824
1192
21998
15816
11592
6744
19638
18158
4614
16892
13986
12998
50890
18728
14754
75284
18964
10788
40216
10812
3608
6872
2386
59878
12442
33680
4418
8938
92
3856
47104
17858
3804
1452
78894
15010
11002
9832
14098
96986
4710
13372
17564
1442
16672
308
3946
6358
39630
16674
18984
622
15332
18350
6978
14842
138
10004
2926
14922
93316
24
15970
15766
14458
12224
10798
18110
26846
12606
8040
8176
49382
11410
4930
7938
8966
11554
92118
5468
11082
1984
81270
51602
69054
14310
7902
14770
7294
16494
4910
29564
11796
19090
54614
3146
5574
11216
19254
16228
19440
3030
8004
10698
5874
66012
11486
6676
12506
11096
5328
1860
14942
13042
17082
44356
9860
50234
11486
18124
19738
1040
9766
10672
14690
14052
15902
19402
17830
2314
19368
86454
4010
10280
1596
5408
86604
16624
76072
13370
2118
9056
13072
16734
73398
7128
19306
402
2594
73538
18326
65848
8736
6568
3570
13762
6372
24946
94154
7742
4134
12728
18774
26700
13400
3560
15152
4734
2570
3042
2862
10966
12982
18364
7982
58582
9240
7448
86356
7768
10660
12786
13880
12248
14278
2640
29674
18162
86088
5420
8944
19240
46028
7750
5510
15502
11854
17132
15978
17508
83214
9758
11012
2048
14012
92358
7944
1736
38636
3490
3804
19280
95804
5488
19862
14464
9812
9380
80
13172
19332
5036
19752
7392
3306
11016
42182
63352
2228
42656
17578
19964
16934
19410
7794
18942
34900
18718
14392
12648
9126
73890
12324
17932
18562
5578
86594
6132
91840
5052
66596
6508
2556
88184
15390
5954
4434
7414
14134
98466
10678
15766
28034
956
14094
17832
16952
13402
9172
3306
19946
12162
4742
16154
90884
11600
12372
37672
2774
128
4812
10636
89694
14220
4680
88874
14478
7440
5472
15402
3070
23422
43462
9972
812
39146
17026
9408
10124
6422
14632
5070
16244
6708
41564
5810
1462
10862
8018
6216
3504
1660
15582
1840
4066
1888
758
56940
79438
10622
16494
10342
66648
4474
14302
70460
18202
8580
46242
7310
14708
13672
5732
4160
12568
16338
12260
4246
218
2778
14370
5486
988
17526
14690
8598
49276
3358
1930
2966
32388
6912
9196
9072
38338
3576
3950
8998
15844
70930
39992
11344
15910
6450
1568
65108
4370
14808
6450
18406
8818
11708
802
64508
248
6554
4702
82704
29454
25464
16206
16932
8666
45508
87994
5950
10644
15806
18934
16814
78004
8230
19804
10310
14016
8714
8332
11602
5060
90702
92362
118
12542
4124
5690
31290
1268
354
9570
4026
35880
4842
91892
3686
9232
15416
24338
14026
8894
6848
598
2552
3730
8284
84886
18230
11654
12668
32716
9612
14120
47668
222
5996
36326
12382
9878
12978
9886
12432
9962
14190
3832
56936
17852
51160
56858
18450
92470
5316
2712
18888
12874
16808
58348
5190
77380
12736
10492
31118
8764
11780
3312
7404
762
16552
15158
15422
19256
40770
10770
48498
44726
5028
16260
16170
1532
13176
6840
10296
1286
9132
30290
448
12562
9734
4060
13246
15050
4276
4672
12778
2944
44
55822
3386
1394
18172
4566
16022
14016
19764
5630
10064
18920
86404
7184
33314
18856
17876
8430
7194
76694
10716
18878
12504
4682
92044
12004
15496
4218
14024
12350
19714
14638
41710
2862
17448
4924
19892
1576
59132
53362
8656
59860
16800
2894
60392
852
5124
96580
17890
19384
18260
6088
5620
74364
46096
13286
57222
13300
91836
66302
4858
978
14614
14752
4534
76930
6422
14646
13600
1562
1546
7196
2938
5438
914
5960
16432
11352
13236
6298
48136
12792
11456
10526
2824
17118
14794
16238
4936
33776
928
4372
9012
11504
7806
3360
1814
3466
4346
15314
4402
10614
49968
5314
64364
14174
8760
19498
2502
6762
16452
37208
4674
11040
5824
71520
19088
6806
16222
63924
53586
7990
2530
77858
19328
4560
2426
55232
198
13972
1420
13336
8262
21782
49894
6634
9538
23566
11094
12734
18484
14932
13602
13588
4990
40576
68114
82636
50326
17002
13834
12172
9148
6242
10192
62550
19866
57650
4856
5924
4990
17538
15970
4378
15458
18644
97634
9252
5952
3236
5440
4954
12888
3686
2296
18222
11892
1834
292
8746
3604
2440
16902
3210
19740
12904
3988
8786
14162
18746
20510
68832
17982
2352
10100
14190
12564
17040
8008
81552
19716
16334
3444
17050
2474
3606
13704
31560
11408
3154
13224
9360
40238
18502
12928
4538
16076
11794
14146
32976
37528
15346
10030
96224
22346
18698
14494
4846
17888
14366
19642
12244
65110
2540
12186
1486
2432
87768
13488
13310
21828
62720
3464
6176
5854
3346
12974
5728
11566
5028
22918
65090
54614
19260
4754
10066
16338
19440
2506
1540
1650
17040
12178
9358
5508
65562
692
4618
91578
15112
11050
10392
3964
12298
82922
36848
10596
88436
6984
1560
13776
11824
3880
25074
61538
1270
26380
1102
6330
15540
27992
13916
7266
10218
43238
834
16054
83296
11444
19322
4240
7560
1080
12710
4574
2038
16028
66646
14822
6894
15580
11550
19364
14378
33868
1396
12456
89120
54216
14764
76102
11922
30200
18250
13158
81378
8602
19772
4398
17534
15500
4992
16150
11196
11460
2250
47398
17878
10756
15746
13368
8334
7192
1590
15608
4138
13656
14924
76504
11880
3782
19152
81640
2792
40690
98934
18154
14362
10240
4154
5798
10828
20904
31046
12638
48852
85394
10598
6088
17844
2524
15186
42786
60050
1826
330
9080
6664
15134
87176
29418
6862
19972
912
18258
12806
19224
13632
2480
11066
13646
17360
72442
3544
8544
6634
2144
8452
8694
46634
8508
2620
4416
13332
15796
16682
36400
17146
9738
85696
4964
4270
17978
31622
47786
12016
16690
82698
2104
5916
4376
5402
7522
11986
5386
68464
34426
13312
10924
17322
6336
12496
9362
38364
3674
3204
9028
248
1466
7496
18956
19562
13412
6636
72082
142
12686
13330
97808
16206
2182
7216
19034
49578
12920
71164
4868
12726
96920
14290
75026
17380
7888
14124
472
8884
3318
1960
45100
14066
2068
4078
3388
11062
2112
15862
13490
10482
3310
7486
28300
13432
1526
1622
17894
18682
3330
16494
3306
16990
12196
5378
69114
11524
12126
84428
774
15560
9250
16744
412
18328
48474
13260
9792
494
1870
18052
8634
18684
14970
17988
14048
18412
14820
39630
17502
99524
3656
12968
95554
59498
59444
9236
30
9112
4836
6380
14330
11880
1434
6044
5988
6794
19720
36606
6408
4176
2770
2624
5606
61586
7040
14814
53154
12606
17770
4888
5340
18434
11424
10778
15958
7796
4638
15476
1220
432
12808
41522
4506
8410
15548
32610
62412
5504
7592
3560
28306
15660
19510
74216
1256
20348
75824
14432
35188
19242
6242
14492
9628
17856
6526
3292
792
10042
914
9884
75694
11188
11558
11628
4398
94692
11688
19744
454
19980
12866
682
276
3424
37494
7328
13738
5176
1904
1598
6016
18774
15894
4236
948
14490
11748
17338
6820
41770
99238
93734
18664
19462
3864
9604
2038
16730
2898
45024
15326
90088
14710
9986
18696
13392
3890
39884
6146
11566
6274
16418
10954
19380
95870
2200
14600
14564
11160
21500
1476
7466
66098
12644
61288
13444
8062
10328
7282
17134
8304
18538
10610
70008
38232
61008
20740
17416
12562
11212
17470
3604
17782
66786
10868
3410
19402
59156
19238
22198
23124
5982
86038
54
6168
29198
13102
16602
15442
3660
62856
3692
3394
85642
73804
55342
15458
6908
16160
19530
9094
35396
5050
1270
11358
12088
18216
89248
16144
16838
19410
6598
9296
490
1686
12398
13840
3920
60554
5920
18146
13066
15184
11284
6002
18468
71294
14722
3532
9082
17306
7408
8694
87092
15244
10052
4074
14822
9448
2596
5200
3434
15422
9292
18574
5284
1744
2422
17978
15862
7928
9868
9628
8058
47984
22576
3670
9056
13568
15490
14322
6898
49818
56394
11882
82622
1310
19260
13370
10898
14210
18418
16438
10200
6288
3100
97230
15948
8344
12830
12974
6614
11516
13406
61768
8600
2056
9388
16836
85166
87082
3076
3384
14638
7930
3970
9576
94428
26692
85332
17992
33676
6794
10614
24074
48052
7696
19146
1252
4100
89660
18718
232
2284
11448
2564
6960
26804
14866
13694
72694
14192
614
45660
98238
2382
19702
28178
13946
44192
89928
90390
19640
16708
11284
9978
10768
13666
9118
6602
18066
18862
6262
7622
4858
19566
6002
304
85798
8722
52166
33150
17938
80546
19274
13698
26240
19284
1424
12222
97184
13624
17596
89866
5148
13904
3868
14514
12162
68694
10510
14450
11704
13186
9586
57326
7996
828
39206
9590
35034
10366
2332
19168
17088
734
17088
14912
35902
16840
5420
77728
2448
6836
2492
194
18026
41172
366
2768
1794
54566
16548
4752
50094
51564
8296
4428
61660
16092
392
10222
59570
2328
19402
96888
4642
1798
51238
4206
11328
1198
7186
18514
7038
15642
10724
59284
13544
11504
13422
35256
2650
17162
8170
76884
15896
17910
12220
10638
8662
13144
15630
73414
92
13510
76568
14646
97322
19692
19922
10260
19382
12214
15366
9870
21866
80290
41154
98336
3534
89040
17234
1848
6766
19872
13912
8102
7064
78320
6412
23180
49946
5788
86170
13388
16922
11838
2492
13830
48960
9086
12736
8220
16798
6270
3106
1378
4706
7666
11834
9780
18460
14450
19886
9266
18014
66698
9308
24402
74612
8454
4340
11680
4222
13804
33162
3610
14912
78570
70378
8528
19976
10298
4412
14662
11496
14714
6082
1094
4078
6840
6774
6416
4422
4076
5852
18662
82730
3382
74472
40
74658
13778
16372
22308
15976
20730
17500
3490
17692
11556
4166
11522
670
69396
2420
75860
53000
6616
6554
45510
11094
18588
72438
10714
5572
9554
5924
1102
65978
2412
9636
1850
19936
14638
35542
58908
18602
84514
18174
358
38512
18918
9852
782
13690
17584
22368
2322
710
20224
19350
16874
30336
13888
16252
17238
9978
12958
11942
38618
14802
7830
15060
11450
19876
14836
17102
10686
16222
7738
17600
3048
40776
22984
8116
7756
37478
16532
20796
99846
55314
77056
116
19452
1270
1168
3756
17208
1924
14828
7216
27370
33290
87582
1156
9694
12620
6456
11536
10492
722
3914
5040
38556
6202
3318
47244
7588
18114
2548
36882
6850
13794
8666
5844
8962
15610
22956
11192
32904
4878
11200
2390
15326
1964
33556
18708
10794
18692
7260
14220
3732
9948
11660
2512
43720
11188
9566
5390
2676
16618
6312
5062
4494
12546
6048
19740
37260
72994
24332
19256
80940
96002
15396
18070
6976
9668
8730
11586
35708
2208
18500
16138
10566
11162
83184
84974
3780
27924
5630
12726
13274
1568
11062
9326
42150
15428
73936
2942
18790
92662
77396
6728
7146
10166
12794
17946
8610
18282
6098
42280
11980
14088
2760
17008
52006
14170
87722
10198
5052
79148
46738
53230
35398
13696
61082
4968
5092
1020
10624
21026
14030
2330
13756
15776
7154
19232
9718
19146
7484
14856
3612
7046
21432
12326
4510
10466
6830
17222
12596
19026
37486
38700
49582
14346
2500
24670
11520
12288
13064
11246
4258
4248
9128
18030
3856
8082
8036
7434
33932
19356
14972
17334
5542
1248
11634
13428
12004
12554
9832
58928
5316
13570
7438
2208
17174
124
12592
36534
13716
2838
71054
10088
3498
19154
84138
2148
10752
93948
9754
10770
3614
18618
18598
55860
17578
4492
9228
13182
1918
49780
54788
69378
19996
35512
16486
8948
2152
2112
19144
17552
14788
11098
11620
11744
69788
4040
7752
7310
9568
41514
28862
2024
70120
12716
11378
94554
9480
42546
7892
71468
14284
6220
11016
24412
16498
14972
40124
12994
2508
14402
8662
2320
3542
14108
2210
268
90668
76010
130
76498
3078
5452
48556
2038
6724
22662
12234
9566
9862
13338
14092
872
1214
10714
18914
70348
5530
74900
2872
58304
11754
1088
12558
43852
2878
4392
18394
91806
10358
1274
2884
508
8948
15938
12868
13752
14266
32840
3400
19264
72064
18480
47544
240
6310
6038
17462
7344
76944
19842
3138
86876
19864
17034
89852
22228
8308
4792
4656
55230
17346
442
27310
88
1290
564
13070
30104
564
11638
24308
15148
17322
10696
17506
1750
83402
15482
82022
90116
1000
18528
10502
68174
4128
63350
2088
11760
98624
17558
1152
42712
81486
9814
10146
12118
10096
9824
16448
11862
17506
16746
8998
13106
7880
9940
7374
12922
21678
6302
12334
13588
5414
3428
14880
26040
17766
17278
6206
17956
2488
7508
382
7194
59780
18500
4282
11728
19420
20584
19980
9504
50978
11714
15936
2080
19332
15702
59062
19166
11270
51854
7226
13136
49658
25822
11326
3462
5770
12164
8534
15232
3286
16378
10270
16736
4692
12110
8706
16230
96304
46736
6426
46170
58400
94948
6128
43786
7256
92736
14376
1408
41944
154
39544
17000
19834
186
95696
18164
79556
4578
12078
11902
2324
2952
31310
12234
1014
46770
7256
16430
1790
4058
10750
99396
346
73056
9404
18170
10070
4708
12820
652
6560
14672
17968
27776
95086
46170
6956
2872
19036
4636
7788
10110
6688
506
11538
67714
8270
93190
16486
19158
10566
72518
3540
16424
7054
17948
16816
1964
17276
36792
16272
4514
18890
4898
86836
7198
8338
15786
17052
2016
9102
3306
6804
13904
6998
13198
53002
38096
16670
11244
14030
4118
3026
13794
4872
3276
12278
73604
4178
4790
62374
5204
67242
11378
97770
27692
68134
5172
5992
14292
9102
6148
13872
9202
18826
5638
44052
10494
15042
3642
9800
5858
9766
27940
13602
12156
50098
81486
19338
12982
8268
5480
4994
14212
4134
7604
13374
5822
3878
11326
25356
6906
774
16684
13962
3738
5686
19546
16870
46114
42178
51352
16772
8610
16934
18420
77008
67224
23398
74980
8874
16442
24142
72066
19704
8790
1642
10990
13036
8896
16492
10360
17554
5132
6838
86808
13230
3358
12972
11538
3854
4552
14168
11886
7846
10682
18052
6610
1990
14662
2950
814
15444
71076
8112
75604
7536
17404
95586
1024
9978
8990
17586
4698
27594
21950
17330
5960
17372
10644
14848
16944
23640
8880
12530
19712
15388
12916
69108
63700
1242
8960
4364
11916
32378
3146
1576
93772
11482
2038
18542
8848
14710
19326
708
14054
1572
13240
13684
11944
14560
8316
8222
81114
99308
18908
36382
3968
18652
5204
9500
62828
12008
6496
12526
65032
18090
63302
778
11892
11854
18748
2158
5564
12184
6900
16614
20984
3050
3498
89998
110
8354
7276
10944
12984
19962
9118
15822
14364
91872
45022
45702
2812
4944
8036
6332
2708
688
77576
75072
2870
5292
16588
90262
8102
65178
13398
18716
17006
84000
74380
1374
11788
3230
12352
1036
26288
14078
586
516
80904
18154
9270
20474
41312
97678
68800
7540
80080
41050
13070
16324
7874
14216
6472
45662
3526
19656
2368
722
90174
13136
15780
53408
3076
11208
13906
3408
616
3110
704
6294
352
12338
1482
9532
3280
9012
6312
26966
17332
12346
99876
10060
208
4514
19102
7166
2452
35322
9524
13922
7022
35640
13888
16576
13828
17596
87556
338
12834
10706
9668
11140
10212
73772
65926
8142
9570
7980
99602
8554
79772
13878
12354
29870
462
18732
4968
14542
9864
3516
79312
8112
63132
15606
18404
2628
19964
11100
11910
7416
82
16074
88516
11364
18636
14514
684
52752
15236
5634
68074
19384
13076
2848
9370
4646
96
19018
9172
7320
4766
1138
14366
14266
14282
94700
1614
7542
8414
15932
61332
19150
78584
18186
13660
608
13908
11482
19690
1086
11474
8002
7632
11576
8794
13604
14106
180
898
6220
3798
66118
83566
10724
2942
6478
2130
51214
38016
9578
65186
45266
2214
9002
35446
35890
69160
14478
3654
8572
32742
8598
2092
37514
92584
13324
7434
18508
19098
9386
85498
2996
38962
88180
3618
7706
48024
7326
5906
10990
11688
99136
13562
78122
25038
15338
11846
38656
41106
3426
45722
6872
19804
9270
18748
17856
75390
7182
82686
12534
5908
19442
16360
7872
15956
14758
16524
73618
28478
98994
11926
15852
38186
11484
13266
15090
19742
2854
10820
18838
19468
618
25620
24366
15350
27964
19032
14604
16392
15790
7886
4888
30536
17138
19438
18308
7756
9190
14
13482
3984
2244
11710
5184
3406
12800
18108
65946
2478
1100
83640
5544
17986
18644
1952
9914
10782
18876
10676
11548
12498
5696
3228
98512
12436
17160
18394
29112
13946
14182
22414
2434
12036
82056
16334
13664
19052
17266
13942
8074
12678
37430
98888
8734
82424
38514
5140
15016
16830
10984
88178
7236
18960
4334
1412
7636
6640
44724
15698
8278
19890
67430
10896
8300
16450
12234
10204
72952
204
3562
14438
1408
1502
11302
11766
14222
6252
1008
18484
14106
61856
6494
3976
13358
11488
16732
5490
8964
2852
16666
15266
16032
6210
4802
9444
11752
1526
18510
15210
95818
20598
596
15386
14568
14742
13638
11574
5202
13256
9974
11962
2714
46866
19178
9826
11454
14586
7420
5084
13978
10088
8296
1082
3606
80098
3560
17910
6964
4412
19132
18534
5170
9404
5786
5720
2186
4796
12674
10424
17146
17502
8894
7138
9324
17248
708
8190
11862
10602
4382
2840
60780
4228
1556
3406
14840
12906
51872
2956
4450
2110
14294
26172
39744
60862
3420
5384
74
2562
34066
19384
90348
15294
5786
9096
14820
3654
3864
2338
922
25382
638
31472
3296
2034
10746
88606
15764
8542
15594
61474
74756
9290
894
17992
1216
1442
13156
12128
16854
9874
3342
19156
14588
54300
2124
11388
13026
8802
16008
1224
4492
18804
24530
4214
48
35788
7060
19242
1140
16222
75538
43410
6064
16854
17356
13438
2142
16808
13930
2848
79222
4804
3418
338
18632
19538
8256
17678
18146
18062
7948
11810
69594
14518
87332
43248
16382
7722
12624
6070
19786
3788
6192
69492
8604
45266
2372
15312
7164
9036
14494
17232
17770
5044
17360
6242
93358
8930
7050
9506
10408
13430
89366
5808
13104
3122
4332
3310
91894
43680
16376
7600
17762
4794
2558
4614
10848
7904
3110
6616
69640
17496
9854
85574
7710
37542
4988
12450
74862
34408
15096
16508
19474
10034
19230
16738
10200
6688
3546
5372
13722
4718
6778
97880
12732
90462
12296
584
14832
9236
17482
16454
8724
14500
56284
17964
13096
45378
2230
8024
10606
9248
5848
1044
10382
14056
16234
9028
9776
59106
6724
8706
10180
2140
73210
11310
95236
12166
17508
81710
8382
14198
8450
24564
12772
19434
9778
9408
25828
16828
14938
4942
19336
56826
8492
1176
71178
6156
13276
3424
12172
13596
5262
10192
52650
8344
11360
17178
19726
18334
4886
18504
12104
1496
6568
16360
8358
36054
13954
8644
11148
25108
9184
17842
2006
56114
80336
2162
12596
8540
2108
21650
10774
18808
2662
1920
2710
18520
19840
11090
18606
48334
16104
8230
16452
6734
12726
67074
84034
5716
5316
570
236
15560
17572
15546
76982
16132
13780
728
3594
7950
97814
25538
3300
9604
7448
72870
29396
28174
4928
15694
30680
33112
19236
7098
13856
9998
1580
12294
53504
12944
71534
7906
17602
76108
1900
9626
44562
9210
7556
19388
46252
64416
9074
2150
30
15172
52864
49138
8726
98236
5348
41410
11216
16980
14518
8404
96004
858
14624
19242
9552
59294
75448
29176
4114
71154
3318
17238
4926
99256
23100
10974
1368
10586
5038
11898
72176
12150
19856
9106
17490
17200
33402
75844
19848
15762
6990
3118
2070
13408
90828
13528
12364
14482
13964
6554
18700
14884
4800
19166
16126
17826
32778
1076
8712
5282
17076
5482
18182
12
3492
10076
7504
7502
13726
10652
15860
3092
9254
1052
6104
8372
15500
13046
13624
2028
1192
10516
85102
7438
14844
3742
2556
1210
14084
19244
14560
11508
3228
2752
22518
6178
16594
28046
15680
19140
1086
1900
71316
42182
10416
1928
12500
8244
61170
5768
9202
12570
66986
10992
12950
98316
7818
13944
4384
4786
88
14110
13894
5214
8694
18508
89130
2464
2324
8758
5174
11560
9756
16640
55134
14110
12812
8390
36878
18330
19456
14108
9856
8380
8270
9864
15780
10166
9964
16394
16100
4980
78960
44
8984
92
26092
51138
16258
8266
11054
12550
1538
2420
3400
8258
75336
28748
1150
14876
9940
28232
5464
8890
13774
10062
17838
19776
16290
22398
19722
10210
27534
8804
3862
17450
2556
7886
13270
14458
57174
3438
19168
10226
5050
23818
21752
15022
1976
8776
82468
62642
12584
5380
63302
6198
43946
12016
75274
3912
7418
9216
3010
410
17384
16946
11216
19130
14722
15382
8032
83990
13892
59388
18720
1088
6614
14218
8008
55366
20922
2704
10320
3606
8466
9856
1720
12168
12008
2316
15488
1248
2120
19100
9584
6772
11068
31814
11722
13840
2348
23720
3804
17376
4886
852
12686
6618
54554
6958
6476
17564
12776
11646
17360
16762
4766
17230
59154
31454
49858
5136
42640
19980
13762
16508
1614
40006
266
55112
37634
76146
628
17220
14870
41120
2888
13718
52258
21240
43216
11580
15146
63024
3144
19678
10088
14064
72982
2242
9790
4838
304
52160
5574
19210
1260
15136
2360
17830
19626
3906
14238
6192
8046
18128
9180
2290
13716
8494
16688
39254
98900
12868
1918
8258
16744
9040
14348
58938
7374
15274
3316
2000
32822
40316
36010
15276
7086
15184
98980
16004
15578
12554
2570
1844
11098
4032
11210
56876
12612
9736
13682
14932
12332
590
18372
19712
3470
918
11012
87222
12954
15014
11812
8238
78004
11290
9402
6230
1352
3678
7378
9454
8616
8606
4906
14292
6082
84390
14828
5128
9658
70774
6926
79698
62854
2902
65804
14200
366
16538
51078
92180
65416
19412
5588
23272
19698
94654
97498
10672
706
85354
26832
9624
4094
2080
9612
58880
72338
23974
17550
8508
48856
1674
6866
52070
51004
1278
632
10672
6868
4834
4396
19212
18702
17278
8314
18024
4338
18846
8430
11408
10826
9128
9012
1118
2138
9870
14486
17846
19154
18460
18470
2448
8532
9380
19156
2536
3598
17476
11966
3296
13662
6058
94778
16752
99664
386
3924
6240
5906
538
4460
10908
7530
14462
9480
14922
14396
13664
74376
18984
13846
5040
16272
9794
294
12088
3324
10684
18160
19834
11958
1386
16318
12546
18038
5572
29202
10338
62592
14848
98392
6360
16008
89708
36518
2264
11708
82184
11010
68024
2414
17394
13358
19260
10316
7634
6870
16352
14272
2880
88828
2936
94330
1964
16678
964
14356
34140
9446
82456
14182
19092
4610
12002
4024
3590
2998
11548
81960
742
3488
60230
5560
67172
15424
93420
14758
8732
18250
350
3160
764
1554
16628
17296
6076
9640
1806
99114
24664
2686
11128
12494
97766
17262
1170
12298
13550
3148
11070
23058
10778
59854
88450
10632
5916
11328
14754
19490
85310
4550
4688
3192
69308
5218
81084
1430
14894
66548
37152
13264
3066
8048
324
7606
7566
19172
93700
5394
47264
55790
666
17782
12592
17538
4444
78416
5182
2524
3592
13214
70106
2454
19548
1912
17612
71028
2858
15754
5184
14218
61972
15004
10856
19610
16674
18858
5136
6372
17444
13204
14970
370
5632
8106
62296
11934
99938
13902
16562
18700
15178
3536
15916
2326
13494
2068
20668
52038
11604
12468
17274
55548
12534
11070
38642
15064
6356
12
92046
8278
16604
17640
1130
11680
18502
13912
8574
32872
3214
17126
85528
32986
4438
9058
14708
98608
49138
6454
6990
30788
1244
16088
15776
68936
56504
42064
5704
2458
7822
6082
3082
10574
6736
1000
11524
876
8718
14778
10262
4582
1584
17172
8274
22048
17002
95576
17362
13390
8574
10274
3522
14324
54410
5366
88718
508
26786
15344
42242
1382
70180
5450
12596
6192
15430
27876
18448
2092
5262
12726
11378
4540
8874
39868
40394
19876
19532
15608
17130
7660
11540
14438
86038
16434
636
10910
3870
47032
16268
16278
10054
33908
39860
18082
14740
6562
15958
6526
790
12062
6626
3256
57672
9822
5746
54812
6220
16640
11100
9596
680
5428
7734
19910
70664
18354
35486
10444
10154
18194
19984
18042
18280
3480
4574
4438
12160
9712
10044
6154
16578
9994
15626
10076
5276
4702
3182
2394
48720
13624
6614
18154
17026
17252
3966
19012
1060
9154
6690
23974
11312
11100
9540
2156
10590
214
55464
16576
18086
19868
17422
1600
14992
18038
8284
5642
87052
4826
20684
82336
98478
79056
16132
61884
2654
20984
5928
12698
15576
11514
15046
4084
9344
17968
4752
17024
17134
80148
84322
90878
1048
20948
9272
19132
9452
14326
6224
83964
72640
7660
18148
7428
32194
8680
1528
430
7796
11414
7592
56460
52488
17756
7580
14766
20968
7086
6068
502
94912
78832
64292
8854
10052
76660
16784
9156
710
8084
13896
30634
402
11330
18618
8034
8000
13458
5758
7416
19880
25884
10658
11904
18908
3174
18480
23638
6760
2664
69276
1288
5100
82942
14476
85032
12654
16052
11754
5220
6990
1130
88702
57998
12434
15386
7842
522
406
9886
17518
60
95588
13790
6330
16202
71174
10750
39952
15600
47646
10496
11702
3598
16452
784
10672
24498
11762
15340
3808
64702
10980
18826
13256
43504
5470
15434
16826
4108
9400
17114
9352
36658
9214
77498
17638
796
11340
17082
11916
3762
200
12370
3752
17176
3340
11016
17536
16330
16112
9150
15200
1504
18420
2732
6172
1228
19038
10328
9570
3940
5936
13754
3216
17928
11664
86970
4616
17992
46996
29078
10544
52544
9334
17368
9320
8340
4450
6456
132
33442
11798
99206
4096
8160
18960
48274
6028
12572
48942
17476
72682
4288
2022
1566
14982
19426
9006
18840
11878
13740
16086
11256
3614
11678
15190
44188
832
28568
8344
11352
15378
2132
5038
18820
9762
96086
10948
64
15696
19348
2760
49732
6816
81234
1112
12778
4922
19984
65404
9806
41870
8384
10018
4244
594
8778
72752
18
14816
7492
816
13004
19476
3678
5926
94546
198
5576
1192
11626
13826
7882
10670
9476
18596
37060
19370
3720
9786
14210
7590
18542
14446
7728
62204
14024
19648
16586
13112
894
222
18412
6030
16160
1862
10018
94354
8482
1376
6226
19182
19780
2686
5138
1206
1610
2476
6456
18478
1812
2208
7778
85508
3308
15818
53654
5408
8472
9132
2020
36456
17844
16354
83350
18900
18582
290
10820
8342
16790
11454
41810
19088
362
9056
5630
7384
25658
51390
2900
27856
19150
9626
1902
17038
78160
17238
7892
19834
10442
2430
15882
4412
47164
10412
18966
10012
8384
38436
202
10302
87192
5664
3646
16064
1974
6952
3968
18752
9356
4248
30278
10400
3690
60808
37694
182
9646
10874
6506
5362
88110
19582
16026
10984
11156
19768
5610
1682
99096
9638
13368
15464
20506
12664
7990
9614
412
14168
1286
11622
3050
13458
7580
10192
7794
18350
18510
1366
48104
91908
79746
17088
5722
51170
19034
5938
16496
17670
3360
22604
15516
56424
2918
8232
8202
19344
10278
2316
5548
40806
10784
12766
10146
4382
18522
12658
9684
7976
5858
190
16626
5400
11930
10778
17150
5742
17544
96756
17402
16572
14618
19512
12224
14410
1400
15842
9836
9720
18050
13496
29762
5072
15814
13084
4246
17102
14168
18802
93686
96468
764
6998
6034
864
140
12698
17270
10970
18290
11088
9932
15618
16282
2438
338
15394
7584
80168
6550
10182
7896
12206
9928
16474
652
6698
886
6628
6262
728
17790
64026
10984
10060
9348
28162
26198
4734
56576
99796
51344
13452
3924
8348
80052
7802
68310
1110
14516
1366
3122
12664
13400
6716
4638
94064
7626
232
2126
90320
40560
11162
7900
17874
11062
86790
4812
68010
13754
1458
6924
12242
1116
14860
11370
17848
12562
24248
11232
6372
11252
11166
13438
5888
15872
2532
196
38234
8220
11730
1092
19108
10290
27908
3028
2778
17738
9490
6518
15586
80988
15262
10956
61554
94130
13724
698
16548
13318
13238
75524
14418
8836
6334
12822
7724
47340
17696
3678
5868
10464
1014
54716
12536
11168
18084
11694
19544
10418
11808
5140
5406
23634
16612
2442
6816
3490
7216
1120
15290
5172
10230
5994
10750
9260
470
66434
62676
9954
16770
10266
686
7952
19014
3852
4672
1806
1568
1498
18252
17622
4798
65530
696
97844
9034
14320
10928
4260
68124
8786
430
16468
3986
6334
4486
126
840
15694
12060
7890
14854
512
13494
12562
15162
13598
13276
5592
1660
15156
14746
5406
5902
15372
36796
12762
18294
1854
8152
1500
17434
11236
11296
5700
39212
3246
16252
42822
47308
14924
3172
89098
65912
14044
15932
11972
15696
9752
41548
13518
8616
3240
56696
25938
18062
7208
3330
9284
4336
5176
2290
13832
36630
8906
89032
3052
11334
15224
19648
43340
10396
93754
19190
17054
7894
14770
15826
16478
16168
4124
11988
90
12100
34434
11888
17228
760
6546
7416
6438
18298
21874
134
1378
2200
8926
12000
17664
45736
1042
99856
6528
7798
11446
16034
78106
2530
12020
4184
25204
92814
32416
11622
83446
16912
14376
13262
14112
10954
19716
5994
18048
51848
47876
15158
13368
5582
3138
3460
6612
69128
7662
9692
19232
6158
8476
15600
9914
4246
16858
7728
16350
11744
17382
4426
14152
14750
11044
1628
5072
18472
3148
42736
11688
91070
9420
3476
6196
17104
1254
16692
17704
3236
18224
1728
4240
75954
10496
240
8318
16800
17704
93028
16156
10642
4108
11302
14298
90504
13392
16282
13178
15246
19184
76358
13476
11694
33236
19064
26832
15118
13090
12334
15398
6822
4908
16104
79540
19052
62748
7290
364
8456
1632
22462
59158
15954
10506
82008
8578
14626
1094
7146
21230
6968
5610
15564
9918
18862
9956
12636
42736
16626
10750
14568
7270
15302
5028
96034
13882
6518
13782
9564
2296
5766
10226
13140
6394
67808
10014
15826
7544
54898
16026
10044
19258
378
53562
20404
2742
44474
440
17628
19704
4270
10558
18366
5122
6090
17862
17380
11976
7214
7710
4058
53748
18792
15262
8240
11976
10692
18980
11318
15280
5818
69810
46478
8200
29466
16260
60216
746
69096
24484
3960
8598
2938
17726
5450
4622
10714
14058
17206
16968
1088
25630
18828
1706
576
500
81794
13746
5896
14626
7436
6062
36518
6778
15822
48114
15280
19276
8922
6216
5012
12182
9924
19776
1106
4066
6466
8522
7820
36520
10934
6296
6192
19040
5314
16582
2176
12622
13700
25088
18504
1590
9780
13220
12656
16298
16546
71944
10144
10712
8554
9450
6094
1242
2422
17030
14058
9182
13278
2502
17904
14308
6372
1174
16346
53678
19674
3882
3922
11218
17748
7780
40262
35662
18808
192
3816
4294
10604
6468
2102
94062
2218
17754
5228
23918
7326
8104
19410
3320
19780
76402
4292
9382
19520
22598
15826
14844
4424
6070
4458
10994
2188
94750
2850
46344
40554
18254
9824
85476
5510
33384
13862
6326
17978
4492
966
19154
12480
16548
8328
13176
4752
1188
292
17728
10816
862
17746
8388
280
7916
4620
7692
8676
6486
14448
9108
6500
13320
10646
17132
9676
3060
19182
17158
5796
6106
47360
72636
84848
35390
16258
14860
2870
34356
5318
95304
11370
42306
18482
10420
6600
13170
16528
14612
10536
5152
11666
6976
37588
19712
6128
6176
7784
8710
6732
7750
1848
9730
98544
1534
3324
13354
9792
4528
5288
94540
18036
11348
19624
13950
18852
4722
976
16128
74612
86158
64026
9414
16114
12192
8528
13472
17814
37486
14350
3460
3210
56128
77714
1654
70
10218
16730
1764
13902
71344
24296
8084
6440
19940
18816
13672
19212
2912
19470
4104
60982
10420
29930
14158
6980
8350
4418
11132
13738
12464
66556
6118
12896
14374
5686
18290
10794
6100
12558
370
8340
15452
16260
2588
232
1768
5142
4476
11128
1566
464
14440
56474
66740
18740
10678
7080
11544
12382
19770
36592
12286
3396
15558
14754
93886
17520
13740
29752
46902
7370
9166
17326
10896
8678
11242
9586
2672
9436
60486
74024
18888
15488
15262
18446
16654
87326
7122
14452
17264
2080
13154
3068
31874
10528
11196
9092
8860
13068
50120
11594
8140
3440
4340
6834
60068
2292
6594
1004
11038
46404
3650
11824
6730
14862
10708
14484
666
1670
8442
7648
6088
31362
17588
8588
6766
14052
7306
928
8982
8640
11116
28
16488
17224
1150
22136
4852
15060
13020
5668
3796
28510
19258
25608
14312
13950
16302
192
56494
18368
4936
76350
9274
14958
5420
8798
6834
14876
434
19396
1806
19572
79286
11496
2166
3930
6362
9142
47988
5622
8120
10368
2150
4018
1874
19470
64704
1114
8232
18478
5592
1546
3854
8622
7964
7718
14466
13766
14254
17596
1042
63114
930
730
3676
5260
77278
4316
15372
17686
6128
19292
2820
1482
15158
5664
49312
4514
18272
12188
16962
5796
14808
3574
12124
8276
6124
10924
8610
10270
87948
9154
2254
16760
19012
106
3906
8746
6156
90364
39316
7828
15348
6124
2172
47642
16706
5902
17968
7330
13020
3316
14052
13278
3334
18984
82670
9030
19404
12260
8206
16992
8922
16380
16586
2644
78244
5220
1384
154
9958
6852
17362
13036
16554
69100
25750
7420
8020
16418
15478
64128
96568
66028
4268
86424
3466
26
10222
16510
22048
3946
12012
13610
6618
11242
10072
17372
13454
5902
2772
17826
12214
10026
5276
6672
8476
11808
37628
1806
15144
8292
76206
2714
12430
10494
2064
8444
4970
18442
70972
14036
4658
11366
6420
16006
17042
2890
92974
5574
10180
19974
65664
6886
83200
19286
2746
2116
9284
23742
7564
68770
50190
18602
14378
14932
14628
78928
64812
26258
2566
75184
3968
3018
10930
402
13306
9896
238
3568
9170
3124
10130
16002
17096
8110
9792
14022
32874
1062
63436
1158
1508
5144
12436
49198
11144
5140
13980
13230
17962
13642
636
11578
6318
1348
746
11568
63210
15990
13362
81890
12290
14092
616
13722
18636
17574
8410
94688
16598
50898
14666
19280
3220
37664
2382
15374
4520
2700
10866
11778
2874
99342
12990
3782
13856
7166
10234
13856
9438
430
13526
8594
61282
9644
17906
17616
11240
18860
32386
2214
964
16000
26408
60980
68828
8246
4718
8328
13096
11540
39168
7218
1194
15596
6286
980
95868
17012
5746
19804
61652
4650
19420
6164
73730
68448
9972
5144
8118
18010
21020
1176
17120
25266
2974
110
58746
15092
41664
10384
15454
86104
2308
16036
4
358
1008
5676
13476
1760
12536
9804
17836
9036
4474
9868
9116
7354
11004
17378
17202
13488
50134
61762
16496
4040
16044
46720
11350
13904
9920
64084
15288
69632
12006
9992
2270
5894
6192
3974
6738
15432
9196
332
17290
2190
2080
81098
5296
40602
14568
47608
8342
17244
18510
4548
9610
14746
7744
82342
1032
16184
59756
51830
68374
18518
5506
15014
56536
45438
15438
17250
7994
18368
5798
2162
9906
11632
17022
16448
16942
6288
18846
13186
15374
56678
12908
3636
9708
4048
15950
67454
5152
13718
6298
56134
71622
17478
16294
9136
4238
7108
14000
9136
11908
18540
9826
16500
12452
17110
2432
68798
15826
13416
16718
19712
13604
89134
16758
48890
18674
18986
4564
12158
17836
434
6376
9660
13710
55572
13484
49482
6366
9014
8110
17222
4244
4186
53950
246
74736
86564
30952
11272
14458
6856
1744
2056
6148
6328
95950
21430
7976
16450
16472
16288
21666
74486
46790
4702
426
1626
17042
3486
18274
18232
2564
15498
11926
18362
10404
15224
12764
3764
14544
63960
18264
16236
6884
9596
29142
4146
6470
94646
19142
3450
12294
18468
11240
87872
19748
37334
10590
50262
16738
2890
6766
55182
64486
55386
18084
17178
25648
75734
10686
9824
45820
51850
69664
9604
17076
21048
16306
10818
2384
8904
11056
18024
17184
5364
10790
8424
16030
6096
2516
6804
48862
9238
86138
70106
1848
56596
11684
7934
4620
836
5796
15908
4262
1392
40536
18138
91172
13522
14390
45986
8668
8526
16658
18624
15240
15928
4716
2858
14716
14124
18208
68312
94
38320
13938
18402
7868
77708
38506
39012
17562
26460
13818
15014
498
1800
11888
8810
10316
3710
9848
938
17816
87556
762
15768
13576
19086
14860
8002
1932
4650
16222
12842
4782
7868
26252
23460
11960
11112
30544
76598
3954
39968
14620
6476
5154
83902
16470
5160
5532
66712
14270
1442
8494
18118
14618
19958
2182
10564
5690
4946
14190
5738
6284
4016
14756
5906
96380
19166
12660
3268
16976
6442
79472
4608
11186
54936
17298
8926
15932
76974
4674
13798
1112
7918
11892
7850
18618
13004
3730
12644
1654
5346
14510
22054
52182
11840
6034
10200
15226
14352
18496
57558
11934
19588
96608
52250
19834
10898
79428
88602
996
50328
17124
71044
18456
9714
4150
6462
17450
8584
13078
16818
7312
97630
11116
91828
13440
5272
15902
1084
53206
98206
3752
270
5420
81318
7500
17478
14326
98434
17954
7698
13382
48386
16514
4128
2836
16926
56756
6688
68914
2830
12200
7194
18472
1796
89626
14110
856
16996
46322
8848
12082
4562
5172
16346
11010
12966
16204
16960
17680
5388
9844
13710
19632
51356
66306
12782
2730
6708
5252
87828
11460
13260
9794
57176
2824
8774
31428
60090
590
42278
19480
42828
408
15746
2846
10470
3424
18438
17676
17082
97034
12624
12756
7656
70630
62692
2574
34922
90132
19550
4064
13996
19068
2222
16554
11272
10404
7546
13784
2580
85208
2408
11792
14352
4998
15028
4688
9540
97128
3510
59176
3768
16890
54486
1398
3092
11008
2126
16946
1206
19140
66846
16346
48002
18362
72368
14678
11020
13630
29862
14086
15424
46396
12076
19556
8966
3768
56876
51290
7460
15296
10064
7348
5034
5496
3444
2992
2558
14010
71316
9366
84032
8898
5820
14322
16432
8376
12546
5906
12976
2826
12080
11160
48994
16340
80292
2896
68448
2572
12296
16522
15804
13880
7474
4242
19116
11106
38744
340
73916
2386
49378
13444
8724
8572
2228
7900
9124
27028
9446
18200
9850
17490
18668
19876
5678
7306
4162
32472
13042
14024
4446
11526
89654
63378
2348
18508
14708
66994
6374
18394
10520
50794
16206
8258
56532
2408
18862
6418
774
76360
800
18654
15932
8442
10928
5178
76230
12198
15426
1406
4772
72304
8318
19292
19448
17972
4960
11414
7736
16168
14534
6870
14318
16722
12314
9206
4416
19482
2132
10330
79688
3036
18914
14878
96160
18880
11492
1250
15134
20394
5932
12104
77312
12314
11146
18802
6668
86606
5458
1658
402
4172
14126
5428
5476
4250
14284
75732
358
19958
3256
7162
310
3084
14762
71694
30958
16798
15542
15522
89964
67546
10712
15834
63672
6236
9976
18768
6742
23888
1998
7794
16424
61538
3174
15608
33436
13274
6304
11870
10418
18108
16248
10136
8970
18082
58902
23746
18288
10306
5886
2910
16992
8622
7018
8856
11384
43360
19014
4394
7534
4626
18022
15472
60592
49716
19694
8632
49610
66992
1250
3344
3164
18966
18520
94156
55780
18678
2232
8606
5998
4098
17342
14078
1808
62496
96046
10206
11108
19438
17104
2304
18600
23224
17368
8714
16272
1592
1272
36016
83004
6746
15364
62036
12516
13028
2218
16066
18462
12370
8224
7982
786
32654
11448
16830
6710
9692
2996
9634
15862
10826
66764
10244
49016
15952
14194
3280
13356
1022
17746
12546
23446
10366
14662
10300
75900
8372
17046
19278
26756
13106
59844
6940
7998
14012
3806
11808
1886
490
15102
10354
8704
16978
19314
16722
19108
430
80552
11086
604
14252
6616
636
966
10680
4718
5330
5712
26374
28354
144
79892
15074
11556
1312
9718
10020
15402
18524
16102
32182
12948
10416
7242
16106
15602
37906
3066
17632
5722
15954
16200
44190
7728
57080
6880
19078
39424
7702
13020
3882
13324
15592
13286
12830
10718
10502
19468
9964
1356
11528
10966
34844
14526
60902
1322
15026
38074
10848
15268
4288
91232
894
4360
4638
15228
29818
14858
8790
2498
15716
2934
8156
9156
38444
17760
9546
4594
12618
65776
6070
4778
16694
10290
81012
40482
1352
14396
66434
18568
3750
17162
4402
17930
74644
8488
70348
7096
76186
15072
7658
18430
17194
17000
47508
17398
14056
2336
10134
88718
6630
19870
9176
6806
78684
40700
1066
81482
4582
12876
5886
7282
2610
16046
9750
2012
15532
5180
1178
8404
53026
6600
15584
11878
10608
6892
10886
11242
7504
2702
5090
466
17342
14666
104
7528
64206
83356
17948
14620
51664
11720
8834
3018
14282
19126
17610
14948
13422
75530
11164
5624
15468
19858
398
76
77982
2914
5274
3672
21298
16174
30384
19110
4886
3050
16016
9836
12622
13200
17014
688
13418
6770
43786
16224
5268
11610
3500
4614
7956
2474
6096
4396
14974
29426
1592
15418
5112
17200
29776
41448
14374
13196
15448
18292
16020
77772
21694
79442
9970
728
54828
10058
10324
65338
10086
74166
5172
17612
8148
4774
96380
28188
7294
17732
19054
14314
17164
19928
1772
5930
11986
8878
2442
11412
19402
6904
1252
3750
9140
7640
19814
4052
7510
7152
90700
526
2040
1718
16216
13778
66324
36334
17818
11472
83526
16740
13302
8192
6218
11330
11358
188
67820
7894
15948
24418
49558
16958
57110
14554
5774
15732
10158
5764
432
13246
16374
4080
17086
9994
6662
79058
726
1516
7308
12022
8072
13500
17536
12390
2242
66942
16510
6106
18038
4230
6238
14096
19386
16986
13026
43626
52218
10804
6046
5236
4886
16696
17892
14966
12126
4276
11730
4922
7494
58684
16552
7004
16544
44554
42398
14692
4236
10740
48718
54026
15502
9374
6918
83164
8216
20792
5350
13970
126
13974
81972
12964
8724
18854
10826
87456
52576
9832
2640
18622
35784
26906
10336
6268
56124
13164
80954
5440
1250
1784
12258
40858
18634
2260
4802
2362
76886
4782
18238
74122
3372
6258
3758
14166
9458
16362
15202
16900
6240
2160
96048
76440
2752
16164
6224
2468
14750
68610
5254
82472
14656
18082
80520
9534
39424
3320
2460
15496
9998
13300
15772
4752
10134
10158
2442
4126
18276
86994
2228
10760
296
55518
1434
18452
13396
79976
7100
15148
16754
5342
2596
6610
12124
1812
16428
88730
15554
5318
8816
4970
17708
11020
17728
16984
25442
314
70138
3818
33924
19860
87256
12250
88432
85130
1970
5336
18664
63002
7788
15220
14740
1852
19092
5386
53296
7510
1138
11108
18520
17592
10054
17168
4388
168
18880
11182
9956
17150
3496
63432
10890
3524
4184
5610
3278
6100
6096
17682
2962
69348
6030
20996
15802
11676
14262
63380
6404
19140
10218
53484
4488
4570
15620
16326
12652
10558
818
11718
10150
12242
8890
9860
12868
68662
19130
7582
10356
7092
2974
210
37512
13006
11432
54484
5426
15532
2306
75864
14510
3602
1926
7872
1776
1622
8734
3952
3950
2822
95226
5404
12612
14818
6936
16274
26612
18782
9996
40946
79690
48890
50592
354
12256
17038
46554
2058
8678
1034
14136
10746
18836
19696
7348
8894
6702
1560
8174
17052
17268
730
89022
15478
27002
10688
13948
90296
7430
880
81314
12058
15836
36418
17896
80768
14220
4278
68808
16006
19148
12152
2966
62542
15628
26542
14582
1886
19550
8778
19878
69954
2568
102
35434
3896
8850
58442
2472
14470
6332
27758
18768
7166
4982
11842
13716
17860
8600
9352
8910
4850
13658
1982
14220
4062
75540
98360
7326
27628
15886
16734
9512
9154
17644
3776
51712
2632
10412
6812
57682
20844
13960
10564
6594
15178
1782
9858
5478
6086
10798
16428
7160
7556
32564
1994
12868
7720
142
3936
21054
13018
65600
15326
15208
88276
92574
8940
17836
3124
8898
10428
6834
15078
9246
14712
4826
1394
5414
14580
15336
83210
18524
66088
456
43544
9384
99568
3606
16392
1130
9096
14206
1364
2802
80504
18766
15644
55724
43512
11464
11754
19342
16296
43016
18876
17428
1090
24620
14116
18906
47580
13014
1104
11784
2298
72918
5206
14372
3910
13252
6642
6222
1092
12426
15482
18088
16746
6826
4568
46080
47928
3986
8290
8224
10804
11446
7014
30768
61462
17188
16708
2438
1720
7542
6668
14942
70096
31540
6948
9562
17706
9974
19454
1506
65914
53434
13234
14346
18616
75524
44910
2234
92964
16720
27106
4392
7536
1358
6378
65382
19686
10666
7652
8918
5400
4020
6912
89050
30502
9072
10916
11552
5272
12120
3166
7220
18462
2046
12208
17350
7356
74226
21600
4210
8738
51866
14786
4110
3326
79610
880
13956
4712
14436
17248
37882
24716
13344
49106
7182
48830
7182
4214
30016
18844
22332
16268
5982
18170
6758
56300
31298
8786
10438
3150
16964
73802
66354
1726
322
11606
18424
74204
25550
10340
14928
18416
48336
7400
15392
49718
16542
12486
97492
5324
56842
17818
11672
54944
15288
6746
504
6240
19570
13678
12482
2584
4774
19804
1098
13620
4718
11054
45666
16786
18604
8976
11818
12156
12220
2286
14852
13016
14164
15706
1412
2978
41912
15370
96658
4544
9130
20708
3180
13976
12582
70880
12064
2410
85134
5234
9504
14094
16582
16084
9508
10144
14182
67744
12930
17576
5222
462
17408
10864
56582
60838
11826
14424
52404
18584
5570
9078
5996
15482
484
24086
2448
6228
94514
250
49830
58814
9650
1552
19508
15756
41624
1142
95246
16548
8764
24166
80510
13406
3948
16574
15254
8258
6018
48262
740
14404
12856
73234
40592
14598
330
7846
2748
3964
17774
2318
16262
7484
15914
13418
10710
4236
8682
6094
18462
19702
3618
13474
3256
7428
2330
5826
16008
18926
10398
93060
2614
92136
13024
14650
52828
5488
16294
16020
19554
53078
79672
18082
9556
12752
43960
8738
7114
3988
14982
11732
13126
13972
68660
17432
13942
19002
19634
262
66104
2238
11996
26
10858
14916
19008
35704
6052
7658
7402
19188
682
19800
338
9496
6162
16514
2744
3458
932
15908
9314
14274
1976
30140
2376
18000
16936
8872
59536
1186
30094
54704
16692
12986
55550
82552
15868
11282
6186
2160
36536
5418
12494
5504
7990
19050
30622
17694
12346
1798
6010
89682
7322
17434
3244
81276
17114
1378
23544
34618
12520
19612
14892
2670
61338
4260
21800
2930
64628
788
11624
14150
11240
13484
5456
12952
20968
3968
47588
6768
90742
8042
642
9852
33150
17336
14446
8252
20954
2400
13390
534
1378
13416
1960
53486
17254
15030
15744
6482
2914
1200
10016
8512
43114
6492
12790
7900
41052
61500
16870
18840
1812
148
40724
5608
5476
51012
1428
8116
15964
13502
15098
822
16338
8402
15710
37300
79642
17942
6014
19892
11614
18388
1514
8666
5400
12438
31932
98336
3896
2786
3830
6124
19790
4476
97000
36524
18584
14978
15598
9706
17514
7402
19266
9896
12390
8700
10610
11494
5892
4210
4556
3888
69360
8970
8020
24544
8488
7878
17620
3572
6562
4600
2880
4012
5860
11392
11816
6330
12340
12802
73068
5458
7050
30508
246
51198
6152
19334
21674
18616
6164
16492
18734
18960
38036
74506
65576
13804
33790
14802
50798
44848
65310
17116
82
11922
45238
18284
9944
4988
11486
18746
7870
4846
98748
16486
7640
3650
328
93424
90020
13292
2324
79000
31638
248
17238
13718
2616
6532
6246
4136
15986
7824
1226
12530
18272
2856
7592
62282
9660
8038
72192
14948
19624
11950
26392
15880
15600
12270
21330
67162
10870
19662
15892
3680
3412
84624
1032
12868
16594
12528
11236
74306
6812
70552
8452
12016
9968
18504
12996
796
52500
3996
9248
1052
8848
16472
92174
12130
4618
7196
6812
5550
63528
8210
12492
3574
18478
11546
12860
73746
10158
14828
61634
8412
4654
1684
10244
17340
7792
15576
19526
17840
19270
12614
8918
11668
17878
16522
3472
48322
18772
64498
35788
15648
66660
3804
59484
11412
15986
9688
2130
5836
81450
47814
2714
14920
10748
63174
1606
12508
10790
1506
14262
5748
452
9798
2128
15936
18092
81108
79346
60316
11244
7776
13312
15022
7530
8870
10840
46440
3332
4872
58598
11654
2752
10026
70950
19884
12112
10858
8238
6138
14034
2062
8808
37024
11804
19526
68650
11570
11156
33474
14550
3028
11024
16516
4614
1954
994
8292
4864
14110
27972
1354
17588
7798
15512
12646
3944
40304
12332
13462
17948
7456
11338
4946
16098
82028
11916
30056
5562
7322
5402
11520
72328
8784
19204
3482
9770
24258
298
4916
74910
15012
39890
62510
15916
17488
13172
9376
68046
18552
8552
53584
3434
19872
15816
19328
47012
38516
8778
92134
9882
10962
5778
17228
9146
70594
1774
11136
9528
11780
9612
12624
15106
28918
7674
19642
962
216
13314
7918
2882
17674
87720
85718
4882
49086
12424
55504
14878
14108
4292
3906
11034
15822
474
2304
71238
11222
2992
60524
10152
10950
16554
2554
16844
77898
1540
77190
3652
16824
55158
332
70578
7296
424
19666
12568
6208
13050
1384
19770
19508
15236
19572
9394
11542
5862
14906
13640
2866
14586
14844
4528
26140
14876
13770
1278
3204
1428
9136
46426
19318
2718
10298
17560
11720
6654
17414
78184
18028
5412
10204
15896
63076
9282
17816
5968
77964
2670
13514
5142
13280
33310
12990
79414
6730
9864
74980
2466
876
10754
8666
86450
16912
47982
36010
1480
21024
11132
7032
9836
4306
71404
19332
23682
9922
83902
11262
620
9744
9924
21980
9346
62078
12970
1456
622
40442
94788
7266
2668
4466
386
7674
12548
36546
1268
19402
12776
9592
3422
7082
9582
19104
17894
5680
7384
8536
20
18048
1370
12606
84140
18886
5428
6990
2418
9368
14084
24884
12108
29144
5194
22746
3912
6828
15924
57750
30484
1258
4876
40964
124
81382
1682
19570
14446
9152
52052
64
13200
11020
18680
2770
98886
95802
4226
9576
2420
7198
9822
74090
61190
49880
7862
30822
67840
8936
6446
89994
12464
18886
2118
3194
7162
19746
12886
84114
69536
2804
30278
4646
17236
41468
2714
6764
5680
3700
15138
31832
3070
5832
12048
7326
85664
1322
8678
18442
5012
64668
906
7570
12514
42752
15950
18992
87390
11974
12920
1496
2442
4606
52960
15376
1416
3346
15450
6038
19756
10562
45322
8042
10264
748
16820
2220
5978
3630
36818
92020
4378
7674
4384
8746
8142
3458
1364
19422
93792
1578
13330
3448
14818
3754
3238
45364
9792
3750
46400
59378
14834
14916
12080
4816
50872
11420
978
9054
7900
3716
11694
9994
66060
11804
6994
582
5814
4880
9994
15248
13320
17202
2754
4116
1254
728
8642
16998
29640
7478
14662
1086
6550
2760
2900
8098
21366
2722
7446
1738
17476
66104
6058
4786
14508
7972
3274
9354
66796
14628
47398
4934
19480
19774
14348
86542
3902
4638
6174
10096
30090
16618
50170
40408
85368
5372
15946
9322
1448
2052
77032
9558
69712
28856
15892
7010
11622
7254
2712
2868
4028
9118
1058
15238
3754
12148
7946
88772
2308
19744
99340
2416
14656
5744
17266
6074
5602
9696
11714
34994
9806
2638
10978
4704
8944
17806
18574
7950
95906
19298
3574
13758
70842
14432
16606
17170
64378
13238
17820
7354
9906
214
16836
11906
6640
16632
2692
11168
12642
99092
3504
93664
15366
17410
15016
3192
3928
7454
30
13478
44460
47936
36498
8178
1284
3050
61290
938
7562
164
19880
11228
16146
7012
26524
14238
5802
116
7188
812
15444
11234
13698
47974
6532
98610
59218
11272
4848
13164
78624
14682
5734
2356
9572
16950
4208
65404
92584
11394
8300
14898
6954
97978
13018
6056
19290
16118
84336
97186
8694
99880
2880
6322
7968
73224
784
19224
7144
1468
2762
11136
10286
18118
16866
7914
11668
12072
19642
8100
19026
1936
86882
3370
19356
3170
7878
9358
59264
4676
7588
18884
43428
13320
13832
17656
5176
61476
6546
7472
19692
9288
12366
15404
12242
79464
5460
6222
1276
13652
8134
3796
4684
96568
6702
75308
11484
82446
17502
13390
25214
54864
53278
3000
13084
21380
6764
55904
4782
18730
7650
9174
65934
4530
13172
12248
1888
18032
91042
18110
19496
12860
12596
444
18750
3108
18928
1764
73382
16202
13152
1138
1020
16260
12202
13360
15156
8948
20622
6980
17946
10382
13034
1906
63286
52
15142
97598
16558
160
11614
46796
8462
1356
7900
18380
4588
7334
19042
4136
62660
1376
13370
56504
11700
37004
10892
1810
12750
8364
17602
8284
1124
10240
53556
9540
9362
11588
9034
9954
16990
742
10064
12644
15470
8082
52970
646
17544
12072
22058
7362
42464
18312
19824
10950
6604
15680
4042
11670
14508
13168
3418
19040
15458
17710
17322
71758
9042
19694
14702
2718
16992
18394
15588
2762
16292
17112
34644
11016
10538
11264
10430
17340
10944
17794
9354
11382
13210
72040
18802
2136
18094
4402
52932
3872
9172
8586
64542
19580
27532
15310
12528
1948
1830
18706
5608
9828
31838
6146
19646
9148
19910
7060
3474
90620
12872
9850
12826
660
19756
96030
19406
3346
324
9866
4212
12640
13090
12834
18242
3140
7904
14446
6724
8762
1758
19526
5164
5848
1942
904
16270
10990
71520
14722
11294
9672
1496
1690
512
67440
5288
43838
14806
16148
12190
83418
3444
42778
13200
5938
7188
59732
13986
17036
2656
13448
77016
11794
17266
54988
19570
14242
8768
14402
19788
42504
4274
14012
9632
7804
41670
3048
11170
29114
6656
2242
15634
15562
5346
19638
9316
5814
16680
40642
482
11650
1344
426
4798
2774
16720
15466
4708
17386
72538
57430
73048
5232
13030
2534
1424
7862
68556
10176
15708
1618
65048
6264
18982
13038
10922
686
1118
75352
18188
10894
8872
12516
34606
52294
5934
11578
84676
6914
15214
28070
51736
1998
10412
13302
9914
29750
9604
824
98254
66610
5306
38942
59156
59696
58974
16302
19592
14358
18328
11218
12272
11140
16470
13190
15626
14922
53992
92092
13338
17900
3310
11352
16510
5766
16058
7602
10176
7200
26964
10214
8302
55900
11026
2000
18334
14062
70424
12988
3672
9612
2186
8100
7530
11664
17206
7296
12370
51782
7114
7250
18724
78366
6698
4928
2352
45242
16584
14300
12126
186
13552
14416
20
15304
13126
11490
77340
3418
11838
16380
18576
33732
17858
18494
9862
15792
2972
220
4922
15314
34
99170
7350
80350
6604
7514
1396
4210
18782
37622
17346
34374
84636
9132
158
410
6446
2336
37366
538
9286
11564
5064
59524
2900
33974
10902
75638
12112
30098
10304
6000
4312
3340
92506
2550
8372
83248
68932
18864
10276
7030
6134
2102
34274
11746
12458
19360
8466
17388
10720
2736
8508
6694
19476
16402
15360
9688
12824
15546
5548
7824
18180
11562
14524
11918
90498
10742
2410
15226
56930
4660
3856
8830
40044
13198
54202
18510
39438
16132
6310
8140
7394
8990
8234
6472
5926
93698
92328
976
12088
15718
784
4060
3500
24054
58300
12084
15784
12420
11916
15150
9596
19322
96410
24
13140
17602
9552
6794
120
1976
15648
1306
1868
9258
17794
11428
9536
18746
19204
2606
444
8928
34766
7136
43058
12766
18128
2502
19600
31660
3568
13912
10366
96116
19254
8114
4508
62602
866
19856
7832
3460
46542
37760
17474
76898
12472
2606
16
964
19810
18454
49622
15960
9832
5470
18038
16736
14690
48230
12478
89536
2438
4500
17356
19792
3536
17166
2720
15882
9134
6588
7302
39140
6902
37864
5346
21912
48062
15518
3904
14784
11862
41138
80550
906
54244
16540
4346
18388
8438
10250
91564
57794
598
55278
14530
7638
13082
17690
66596
18566
56954
27508
12426
6298
97942
2074
21454
18190
12984
7518
14482
10856
10062
19304
66840
5318
14714
18346
39586
77826
67066
6984
71786
17224
11234
9014
5458
16018
19024
18462
3598
8860
14236
16438
18448
58492
7936
7182
16550
4844
154
1014
14136
68758
16258
77536
13958
59156
13276
19584
8894
40918
12530
12048
1502
8478
18430
3336
8892
9576
90986
14624
97328
1940
17072
8612
3676
15196
18424
3420
1846
16030
8176
86512
5416
67168
14840
2426
3750
15740
2338
19944
3294
99500
91506
17456
8552
33076
8594
15966
4198
7998
5540
8966
72176
21790
17960
17544
20488
96782
60444
9610
200
63892
6742
50896
51564
11510
10018
9750
58870
10676
592
2686
11146
14376
17644
8872
79948
83974
15712
55690
7674
77780
6220
15798
6920
36648
8268
2434
58558
16106
3848
48042
466
14192
18526
8688
70168
5558
10744
52164
50526
99472
4244
17940
10
9816
14222
12846
10024
11408
14696
71078
6006
30838
92930
6664
16590
9948
5536
15896
1598
3246
5098
14652
13804
16686
6218
51472
4862
11250
17536
13748
14928
38312
9600
4448
6698
17890
73330
38090
11142
16084
45912
11518
13986
2382
8226
10984
19996
2112
39916
2578
13474
11814
78510
140
16162
2424
19030
15280
8910
9488
17262
94858
2620
840
17252
1522
74250
11912
7186
13414
11774
24682
1224
87758
4204
19118
16934
3916
460
10606
37940
19578
3246
74178
16582
9776
1418
14896
95092
11930
2344
86624
16418
7694
71638
15102
13276
95776
7996
4112
14230
4896
16920
7478
11880
85620
8500
94566
16782
12880
12168
9860
14580
3308
4864
5916
4660
3658
11620
33114
5242
92690
16000
8118
5990
3268
13544
11166
13218
3406
18022
20516
1328
14256
1170
11656
11572
2646
16348
2134
6292
7372
83612
47308
2120
15112
22
15802
15856
86
10820
8632
32970
94254
18880
93820
13158
78
12778
396
8912
6598
7176
18546
28168
12868
13726
15760
19710
13254
18524
47610
10736
10422
19602
15718
3098
984
74998
2730
6440
3808
766
14672
934
87564
18854
17450
11556
1884
4160
83530
3434
1894
2290
3276
2952
19766
1938
18208
8730
17302
9012
4078
19112
88852
15478
4872
12044
426
17174
13982
8052
41434
19026
64608
15510
37190
17442
15410
85582
1084
76432
6202
7726
4400
14742
17586
66392
1938
88074
13576
12268
15674
15854
3650
4038
16392
1774
2150
13440
11946
15738
11000
60698
8470
17304
2354
79854
1734
60184
1196
11110
13526
14806
8848
18668
2540
8146
10082
1172
15924
8492
48542
14432
16722
15748
14808
14250
3020
13636
18308
19514
10418
5532
14140
13996
15036
2618
488
15822
28974
9762
556
9248
22878
600
22574
2146
5972
11966
93030
7466
226
12670
616
9366
14034
21374
18926
12600
14296
94320
47736
2078
11820
16628
7602
13704
812
18502
1254
17154
6826
66990
15296
18322
8514
98622
4678
37000
19474
32
72002
16702
10690
11012
3680
8000
6022
15546
5118
5330
6952
14846
43642
4870
3700
70524
40972
11404
13890
15428
10640
6392
12998
1970
91642
10026
17964
15142
2162
12726
70950
15874
19428
7572
4696
12196
10008
6504
6158
17458
49856
37682
13686
9826
110
16624
142
2872
19630
8530
7782
8058
19276
8022
3076
11996
11740
5938
12618
10812
3314
56822
14424
11794
19434
3108
17642
2620
6330
28016
96052
3590
8852
75206
97372
30624
320
72420
13894
13894
4044
8782
17820
2484
2242
11014
3316
41390
16778
15440
97508
9280
16236
5134
16276
15188
17826
89660
14192
6460
15342
19234
11566
17364
26448
13332
14038
15872
13354
4664
75898
18160
11106
18810
16346
10802
8432
97866
16402
5212
3258
81900
1654
6984
95048
4340
16274
6376
13060
17888
6960
6722
2720
16906
1176
14656
12352
6878
14018
6504
14488
2334
91682
75794
15406
6018
4538
9848
17344
38914
17812
8724
15888
14712
19698
18324
8626
47292
15452
14080
8102
17382
64624
91864
96366
7576
10600
1582
2232
13128
19514
10048
2446
15408
15286
39228
80276
2376
18226
6376
71472
92664
19218
79092
19704
55728
8260
14460
2722
9194
12198
99610
18684
1190
18544
4156
3348
51044
19692
12234
19762
28206
2284
70852
12762
14440
11960
13254
2868
12926
29592
8954
15700
1826
5370
2682
4494
2530
17252
39152
5672
16712
17480
3310
15344
1238
6282
53988
296
10628
25504
10144
16704
11296
326
2730
5404
70042
12588
9082
8796
8602
13374
8324
81104
9444
18008
19282
14644
10386
4746
17032
10150
902
12574
17588
7550
1898
19010
6066
162
18542
18972
906
3646
54540
23100
9958
8048
12244
16490
11722
19786
13424
1636
15930
80472
45284
46994
10360
1700
17586
11968
14146
13084
85782
16326
48436
17264
4116
22056
4366
40460
8562
17718
7824
15076
18782
8002
9806
1636
19886
17536
92540
9854
702
19632
91914
12880
99106
16364
42420
57270
83958
33992
16220
9776
68246
5404
58262
63262
5786
4868
12794
13754
5746
83160
4092
558
14986
11126
19098
4650
16038
77998
12064
4656
3254
3726
4782
53456
6918
35784
17214
17184
5384
82372
5082
23306
19662
3132
9170
34736
12380
2522
16264
1008
8642
15882
15866
4926
19586
5258
19000
16440
7936
1228
8728
19946
3528
17138
7962
1486
86792
16020
16264
7564
3256
1410
9270
8636
1104
452
15022
53990
15504
11760
50620
12684
3304
1788
30072
918
9486
20978
17342
97082
15512
17682
80860
84776
17188
1636
13742
7006
6440
2546
8618
106
13448
4826
2286
7274
6742
79016
3352
13286
7494
91360
7288
17156
10618
14374
15454
21242
4404
16138
46674
12808
65982
4262
19664
2784
2108
728
19804
15466
11224
77356
94428
7188
67758
9562
40218
16714
7584
32788
66388
11356
2864
8158
12
90318
3720
3456
67526
44374
38540
2784
17180
10314
12986
15904
18370
10232
15608
17994
27344
97190
10848
9958
21746
13974
6170
2864
15804
18836
48534
22534
18956
16574
5942
49010
6064
62900
14346
16316
526
4686
18600
36064
68502
59434
4032
76864
11648
13494
2092
14312
54326
5198
13518
15850
19450
1702
1728
17900
11918
7704
190
17704
6896
79292
1634
2916
11920
19164
2318
9694
48600
28476
65522
5552
9304
92080
13388
11404
2718
15782
31288
2156
16136
75080
2960
71856
14998
17196
4320
5452
15016
6696
8368
21086
14040
984
17360
15456
11860
17090
11368
15402
14802
16304
2288
3550
47932
13584
11954
76032
3862
11260
15482
1862
64096
85932
15280
94682
4998
19220
19288
81862
21582
9504
90104
15144
18902
12464
96830
7730
5494
7818
18454
14998
63142
3348
13290
14346
6106
162
15658
10652
11232
1406
570
11692
16776
78244
6134
18054
11440
9230
74336
16308
19302
318
18746
4782
11962
9604
91846
15912
17374
9150
4822
19718
12060
4520
9880
1398
12464
13320
6504
54272
94546
8986
14864
66214
9870
14946
18694
11622
13104
18976
63742
19662
4872
86184
16658
6270
62268
2074
16928
39982
80840
32100
1612
79746
2778
16522
33358
45468
3654
2142
17080
15598
3426
13926
13706
98376
12796
2518
2748
7780
14164
18050
19696
52218
14034
13510
11906
1690
13540
3562
67758
10278
5942
14852
480
4936
7712
57938
15658
8488
15366
13076
15002
18022
14134
18042
16140
2200
14276
11700
48166
7452
9420
4542
10280
9404
7638
18656
1090
9204
14366
8332
1862
9130
17466
10534
3020
21722
13752
10614
14796
1868
68232
14668
14672
8250
13070
12446
41780
5384
8108
8430
2260
26682
5160
17574
3470
87648
17860
5906
17842
63412
2078
2494
14352
12028
2210
4186
396
80498
4178
5064
13972
13126
12958
13570
58686
3350
6000
21874
8518
16658
25918
6078
90422
668
8296
5348
8562
84696
7706
13386
1968
6236
3590
2862
6986
70498
1898
1892
6602
22792
9786
12584
23250
14856
13632
2454
5830
15036
19664
17346
85138
15306
19292
2826
4990
17776
5584
1138
17640
3792
55456
15192
7914
14002
5166
11576
7034
14492
5086
80096
5420
9136
16876
12348
57962
19054
2724
8194
9588
4192
7010
5736
12862
19846
7890
75606
10380
19720
14482
11960
11914
18004
16064
69682
19132
1166
7056
7112
9938
20438
12906
17878
2856
19898
12202
9314
14098
1328
64376
17210
81626
17888
19868
7948
7062
17590
92994
15312
6000
11924
17774
12760
56390
1746
7948
19594
16554
11956
1010
7804
89790
98634
6634
4988
7772
3810
16928
72016
18364
97184
4482
15514
6664
90826
74
79654
5054
14618
344
9312
54058
6168
3946
6778
16740
17152
15384
8114
13216
5870
96484
79338
13700
8344
17284
12666
15864
15152
84178
29272
2966
13512
3612
14778
3106
17784
6052
7294
73048
11048
13532
88978
5382
16662
15962
79902
5678
27120
426
8796
16426
18588
89862
12996
17512
17596
3674
12558
10490
7740
12496
12478
8818
23520
16518
23958
11030
17942
13564
952
9546
17280
9764
580
3610
17558
6416
8020
10056
3200
2702
10102
19412
56280
7046
73034
38104
19544
18152
10670
5530
756
17050
11872
1328
16944
3520
41396
3722
17206
4404
16612
17128
7780
87686
13098
12600
29970
17364
12714
5626
7264
5182
12426
11828
7952
13048
1872
10100
6452
18954
80086
93620
19586
13808
38708
17964
3132
52710
4324
7058
6362
4390
13908
18764
97116
2420
4466
11238
19610
3552
15854
17012
87860
58570
9688
304
9282
172
10960
4072
19090
6030
32542
92628
17704
2818
3060
16078
11032
12220
17058
7778
12014
19894
5388
370
16226
17714
11804
6660
25954
13476
7558
1694
25218
80608
3052
13870
20988
6074
13162
12178
14072
5680
79836
90848
1366
19050
16252
17262
17830
528
14842
97884
9484
18970
66208
36522
57794
946
78518
10926
9726
15858
6098
18386
576
16604
42684
9672
1230
11938
91954
6116
9598
13360
16862
17056
15634
4092
3410
7320
5384
25970
19874
570
8660
17362
3172
13786
18070
17548
7146
76094
14276
19938
3276
16454
366
29946
94886
9132
50260
5716
1128
13516
16972
6814
11002
1494
63688
19642
13542
23476
44054
5220
5324
1222
53482
15182
16762
7726
16996
596
10188
4062
14788
11846
44818
3648
18094
52288
19122
13838
17850
14352
15526
19186
65120
13948
18940
6364
3334
10700
12854
6486
43358
13192
28804
15200
10436
16640
14390
14750
80562
19404
7448
98780
990
79090
4098
14542
76466
14488
11704
14652
9194
17786
6782
74528
9938
16226
5252
76472
35322
10710
13146
4448
15406
19706
69694
17242
70378
3406
9540
26464
53918
8326
9964
96746
11510
14366
91276
57174
9230
5906
18340
4792
9370
1516
19868
8712
5720
9898
14448
39286
586
27842
8852
14888
3656
2180
34450
10476
70132
13410
3138
4096
5258
13476
12264
14752
8964
506
10410
77122
11166
79340
916
86962
8256
7774
19028
12044
9840
9256
15778
8860
11476
16838
63938
60542
17804
10244
14118
2882
3924
15370
4208
6330
1658
97400
10202
9656
13172
11804
6816
95262
9418
64402
10426
1100
17126
10914
89560
24
14594
2636
94494
55074
5496
9564
6114
11298
8838
17502
88904
13454
11642
13172
2460
58244
19654
16624
3546
12240
13672
10436
7826
11096
4534
2414
10664
38988
14268
17990
22198
18972
14360
13772
11800
18060
8478
41876
10352
1722
16672
16586
13132
4902
58796
22240
13202
12628
16046
6916
5620
11594
8300
12138
9206
7374
3728
27094
25992
26190
15844
5044
43010
2702
17692
43578
74270
11056
7140
98230
3416
12360
16304
83172
11770
10674
10104
74814
5052
9988
18136
13470
52982
60648
39112
43618
42282
35300
15494
91368
18748
51966
1892
9060
89778
17208
5296
3284
2622
2094
19094
1282
9926
3074
842
9758
9350
16574
4324
14988
11384
17620
11026
6440
9180
18358
13268
11860
73708
18524
15060
7860
17200
5802
69600
15964
892
934
26182
10310
5164
16702
42260
16142
40236
7538
4496
8792
12134
7006
650
17886
32586
6028
9284
17276
7536
8494
13300
11776
6492
5308
16626
486
33546
6618
14814
5556
11710
17774
2448
10886
58206
8342
1134
8460
17540
10882
704
3322
59534
780
4142
4008
466
8558
12108
16752
890
12364
7028
17600
7888
6484
13002
23782
7510
4156
1458
25940
14338
9048
5688
5254
14796
1446
98276
58186
15302
14396
7946
75858
13614
12914
12204
2856
16246
6780
16596
3446
35900
76080
17188
842
79420
5322
9792
10360
59564
30776
9542
14296
8736
5668
5062
15722
14588
82382
15008
55340
75644
14164
14994
1312
9812
9446
19326
53258
17970
80
16786
77868
40492
7552
90840
15174
12662
93198
7484
8420
11958
10830
11904
12014
90994
8306
16890
19616
5832
19260
31770
5336
9428
8080
19282
18402
29352
18778
3250
9116
11088
42204
1282
13432
15566
13278
21832
19264
3042
98872
4090
14500
18910
6264
18982
72864
2798
6626
7910
63136
14108
12802
15296
61782
16178
3346
7652
45862
498
1124
16252
7402
376
5344
4402
14572
46864
97474
11186
13730
14450
38100
10564
13000
16074
10594
64954
19912
96036
7010
4490
31432
2804
87752
11664
11592
9072
17916
16652
16170
338
3582
19542
88028
14674
54002
12342
76680
942
13738
5184
15828
35926
7166
12410
1596
14184
12500
1912
10192
70196
1204
14798
19178
5190
3162
91362
17690
4984
14026
29244
15554
16876
73110
14220
13010
3112
12842
90986
13628
9770
794
4138
6448
2840
3250
94256
1176
83090
14558
9986
12006
3944
13662
52204
78704
40050
13288
8246
7342
6694
6160
19518
9034
5792
7858
29342
9608
15742
8682
12568
9664
18738
6110
19588
2642
34338
16366
6462
36204
922
12204
18110
1870
12562
16172
8746
13068
59490
32362
13118
5436
5538
14164
944
9506
19940
8234
66794
5036
15148
65096
88294
10568
3334
2898
16228
1894
3312
18124
57968
18590
25690
35558
5512
6582
9674
11912
18238
332
1028
43342
3916
17980
1682
838
19212
7682
24692
7350
61602
1050
3246
9280
17836
5288
23380
19828
4508
1628
8100
3880
15022
17098
8090
7402
14112
13120
7720
11198
42672
9006
69034
10918
15500
7906
90234
17948
78888
12800
1296
8802
98636
38858
4606
6324
12474
10406
6314
6884
6072
2500
51264
12256
528
17024
1712
3518
6500
15700
38492
6308
40402
7088
21484
7078
13468
15774
13584
70312
16162
11100
16842
878
2912
7108
8860
99268
11142
13618
15396
57216
53240
87718
9750
10768
6136
14734
52810
7134
80914
6744
6590
9908
62262
460
10276
9934
97506
3006
2512
74800
9262
5680
7524
13302
34800
8986
16474
7778
1650
8138
15072
51170
9428
18948
3094
6150
3682
4938
16178
1376
4050
13316
5144
10376
13000
3308
86354
13732
16010
2898
5306
71404
8344
5714
2030
69518
17828
3272
12254
12882
65968
3140
20262
1322
58544
11406
17258
6936
12504
28206
4728
19490
38
17030
9808
12764
2082
53408
2646
39576
93516
16412
1928
17718
18632
88316
3580
8476
7030
11332
25610
17438
13538
16726
6416
13340
11756
17888
15050
11332
1436
4290
99566
14788
88554
19436
82720
39654
13632
40588
2540
17732
21356
15778
344
18196
12206
13014
71426
4104
11280
11080
2208
13986
4254
18752
15370
6560
1750
10460
17660
9380
10150
6988
13272
4962
13264
88716
3708
13210
14352
3128
1184
4584
9596
4526
2350
12790
17698
37608
7470
2312
9210
9866
16220
4916
8742
168
2624
4032
7438
53466
11086
7896
6418
3896
11574
11870
13524
9986
97850
11050
85096
93820
64208
5984
15228
4560
19792
18466
18766
4570
1194
3616
64528
65090
58344
7918
4458
16028
4822
2390
10554
3930
8740
5872
13660
12114
13112
12988
18166
11578
58400
7688
5142
5078
93600
3404
16528
16098
7382
422
13680
82302
13408
16136
8068
18852
16382
85660
10828
13884
14582
70226
8844
45346
14912
43980
12858
12798
3772
8248
7288
15342
77454
372
14814
52010
7010
36320
13058
10222
16852
84
1230
8320
23252
16256
8064
16248
42806
9846
9350
18170
76666
30004
6550
17124
15742
92772
12526
4090
19100
17676
10142
8504
8292
4248
13406
53378
17786
19826
17072
16932
18620
37656
6886
7938
7248
2196
18326
4806
19872
7080
45614
13706
57778
45996
7026
3198
272
7794
14952
4500
71352
2424
4102
1150
7672
19068
10526
12680
17324
8246
18932
7926
3602
11674
8252
51514
3150
9728
77398
7644
62096
10142
5302
9308
15686
17694
16902
9160
11970
9310
16648
7014
8508
19098
5564
4164
10052
10364
9434
1250
23328
34726
42678
11562
18196
18796
4260
2234
5182
3048
79838
5110
3398
1682
15082
83594
8114
7068
2362
3844
39504
13306
1370
3904
10860
93840
18220
93780
16358
65296
7532
19924
9306
87328
9194
5490
9396
87992
5108
5708
5828
14362
11868
65392
9520
26560
19478
15552
13132
3612
11274
15798
10172
8912
4948
28688
34444
8376
7048
10016
4738
2748
13102
5796
6702
21416
3088
132
5760
12642
10422
2170
91502
8914
10492
846
26080
7642
9066
842
9228
8338
10670
13256
8840
696
10776
16546
9254
840
1478
9006
13192
6530
42440
1512
9506
18668
2042
23642
17764
18842
6938
2402
10328
81960
5112
72020
9392
13260
18392
52406
56910
15252
10198
1394
1374
3788
2462
78628
9048
2978
4962
18850
66032
49314
18964
3262
34934
2872
2244
58924
15356
32552
7290
66772
17330
11696
4486
13342
9150
4748
13700
3932
9732
2692
6800
68698
75130
15860
30684
1934
3502
14274
15002
8088
47072
17360
17274
1768
5998
268
4894
19538
14388
13516
16226
32538
8676
54580
8912
5126
10646
4336
11788
14924
1112
6526
19538
10046
40874
11010
18528
6896
19820
5390
46656
10136
39532
128
3186
70336
13484
11610
85236
1250
16146
13954
76832
1088
13654
16594
14936
14532
8442
30272
16710
6414
16268
14720
11832
9414
8056
75482
38274
83272
17528
15666
8580
71960
19020
12166
91168
12150
8630
6254
10276
10168
8082
13066
12114
47788
12272
10774
5340
12888
72858
4888
13630
14448
224
36656
1566
75672
13182
7600
13960
7094
214
5814
7832
3354
19460
52622
2630
9110
18534
13808
75652
5082
15290
81860
5016
7112
10118
79956
77164
8688
90468
7374
35790
2930
15478
4914
5776
84108
13618
6418
11896
10350
11416
2174
4732
55772
23078
40626
19916
18680
2006
2692
97518
18340
3604
74370
16556
7430
4622
13898
8566
12092
10222
9930
10562
78366
4838
8758
1768
2106
3770
3742
16460
14786
9386
76330
9452
49846
2982
13534
13236
490
6168
7494
7742
10696
8266
19574
13466
6174
184
17828
1838
11620
7484
74940
31680
13088
18362
24556
19364
12968
9244
1182
18586
6310
2848
7292
5398
10534
17156
9682
13626
44008
1234
87910
10314
49608
7106
16254
16266
94
13122
8370
18798
5666
1032
12826
15362
490
18524
2162
19104
3378
90736
14080
4168
10466
2040
10800
16552
86854
24248
7140
15994
48740
11104
11002
3430
6362
778
12964
440
25320
1106
10038
7300
31418
17728
2446
8764
9766
4156
8754
8738
48948
3166
6598
4014
24888
14452
4818
320
19396
97182
5402
11764
4644
2904
13126
382
96724
98872
6748
2640
602
5200
14540
832
2472
16946
58054
13316
8616
1790
19782
15774
3244
4074
12696
8540
7540
16076
19014
11092
13900
42984
3016
78446
18864
3164
1608
12942
82292
19166
16840
14998
17570
2010
14672
4240
12090
5398
13904
12682
33108
16624
2890
10516
2816
92952
6100
9248
79298
15204
10632
5882
5324
15280
17320
53226
13350
13356
11994
8912
8908
1554
2140
16146
81762
12578
18712
57030
96666
95790
17292
13228
9256
18956
1674
6020
16446
17256
16954
19342
6916
14986
9498
2906
9050
2640
13348
14270
10470
15702
11178
3296
13328
10976
14834
19550
17602
74098
5112
18702
364
1320
538
59014
10960
32450
12736
4614
11612
774
82582
85548
13478
5550
8158
4578
12440
9348
8702
45550
158
91838
6202
7848
13180
17868
11924
13864
86848
1618
2190
13380
3136
9296
7892
2508
13216
592
98086
4742
7178
2688
17446
68250
18218
7714
6884
16336
5334
2738
15712
66880
10028
80042
47558
10728
4750
85138
17556
15944
7120
3198
15642
2274
5592
11920
86458
16380
304
12456
19930
18738
98020
16866
3032
4236
9418
722
5832
19472
45546
14244
5270
3054
18176
13610
3438
39522
71744
19848
2556
9118
5064
12438
5454
11208
19044
76596
14326
2678
15162
9972
9292
48020
9982
11054
1952
11544
1650
10490
10604
4062
1522
11458
9106
16904
68454
3538
56618
17456
6388
6202
11798
9702
19780
11520
568
2722
27446
10260
172
18300
35458
18912
4618
4596
17836
6272
57154
6446
9246
82258
7646
50308
13832
5814
12186
58360
4126
27138
78912
77298
34002
4742
10654
1176
73970
12196
12576
71782
5270
9852
9434
4318
226
85362
15018
3930
65220
7726
13920
79554
2538
3290
13856
16350
4250
8230
13270
19276
11996
10966
54508
86542
1000
18908
248
11922
10362
2256
7348
64956
686
6150
10620
6942
18726
6852
6344
9208
11504
13224
18524
97604
64932
7104
1432
14216
11384
2686
642
8136
72860
5988
30090
19952
16926
6052
10168
20742
16930
18568
5352
65902
54146
9552
27716
38690
1150
73598
8370
710
4874
11808
7090
25932
49152
10746
1014
6132
16624
7972
13354
5504
9184
12244
6758
15224
74652
62762
2410
72966
1738
75396
84400
17758
9858
1106
12962
11160
12922
5506
8596
16438
6942
3584
11892
13092
9818
95028
57014
5424
10174
11112
7722
8436
15242
1214
11680
9414
96580
7464
21274
17950
2208
12380
4838
59302
13644
16542
33484
16466
10102
4740
81364
15846
2340
13546
16838
66136
15250
9166
17398
3364
3288
8978
9568
11140
458
51396
23016
16764
12866
15604
30946
49662
19348
28578
75774
16118
14654
13538
66704
12934
11636
10744
3596
12130
71104
53494
3334
5384
16332
7544
12020
12020
10236
21632
3862
12344
17072
17208
16448
56912
96770
12788
57574
2416
49246
49562
6322
7782
2338
912
18606
13696
75932
17310
63136
27634
10882
2462
4980
13710
57608
10728
43764
3186
14622
11068
20440
11666
4140
1704
6200
13862
12942
98520
7678
8840
28926
18180
7954
3520
19252
32980
8900
16218
77026
19264
7712
18262
5994
5268
5692
534
5996
10888
40244
5468
10376
5146
17102
19660
10632
16426
69476
4258
15556
1234
16264
10558
6080
14896
6836
17642
2064
5348
668
2734
14178
7266
7134
4626
4730
17610
14654
3412
15728
1274
12514
2642
12070
16762
11172
1984
18922
10610
15774
14716
10970
7912
14152
14334
18656
13984
7944
4784
8788
78320
1134
19640
2424
9718
16672
1868
35020
5836
5484
8700
5596
16782
18362
64920
77106
5750
9910
8950
36036
10076
90428
15824
86932
2802
7906
3810
414
1508
7244
91400
6400
13042
18330
13308
12544
10100
13164
15586
7324
13826
16446
9588
4702
11688
13522
7830
11824
13844
19822
4058
40256
2634
22820
12448
8268
75228
5220
13800
66410
96452
1336
9210
13122
7596
7270
84548
53630
8276
7796
3426
16258
3150
13572
5448
18580
892
2340
8096
83840
17500
94174
35182
5092
17544
14456
3856
15826
9070
10814
67928
3538
18124
19732
15770
6914
15768
9964
23946
38216
1398
9426
37356
61062
702
10454
120
8776
15636
16644
3536
19882
82102
1084
21728
1118
7266
7840
55798
18768
30428
64166
96956
19462
4616
17084
474
75104
3150
1942
13744
42646
12170
13548
1838
64468
14032
17066
68378
4568
17806
17236
18540
89088
9584
6596
8474
17804
13382
17906
17032
15446
24298
13252
14688
69666
856
2860
9674
1794
7568
16300
16320
3130
14764
7318
14388
8032
19572
2536
75836
17034
2616
8996
17920
79784
9728
4528
11730
12430
92532
11002
7566
9422
12198
4300
4614
18102
4822
13298
51424
7304
12066
19010
33422
12938
5580
9058
10288
28322
84696
12430
33068
9820
19764
73292
26278
23866
16574
3238
18276
308
10948
1594
890
39264
17386
8098
13654
93470
3064
86628
79406
31412
15000
13878
12224
11094
7796
6824
5252
3824
7888
16568
66916
13746
18236
17912
82074
3504
5762
11300
15700
51620
5908
19032
1166
28186
402
9218
13258
7334
1848
7688
7156
4152
3696
13596
1800
14292
16386
4044
10882
17326
58758
8168
8268
1068
24322
7786
21934
27484
322
37680
9050
1186
22682
444
65138
15550
6614
15368
16292
22800
15228
348
6606
19408
16522
7986
4758
13742
8724
11208
60044
14030
54410
16532
18360
65374
67194
15410
7776
69916
11540
562
8442
9126
18586
6032
1800
7094
13048
10990
15584
65026
7394
18486
4972
17258
13510
4060
13266
514
19474
13828
13798
4496
26438
14696
10202
17098
1008
41364
15954
16994
90008
13240
98578
8378
10110
5166
13088
4982
13678
5104
17822
40182
18440
9056
12756
14850
13760
19722
15104
6198
2326
13780
15272
16660
11570
57186
6140
3998
12122
15924
1618
11452
3178
3006
5388
17472
8720
5606
15942
7604
1864
34928
2464
4640
4404
17044
7944
10610
18088
18134
4862
9128
4870
75158
2236
2776
3578
16002
288
15308
3258
19650
11774
12214
1896
2466
5158
12322
16120
9606
18104
17432
10536
5070
12504
576
8252
8292
9052
9904
42436
18096
9028
26880
14328
13138
9628
49174
10604
14546
7074
306
14030
18888
48856
80744
6500
4414
5754
17486
14356
88276
3408
13618
2132
8276
8556
10232
1416
4632
87322
96572
88862
11758
25400
5602
48418
8874
13736
17192
6298
10650
20668
8316
19048
18058
16594
5754
18302
60544
8094
16710
12718
11026
30274
8158
10976
6516
15246
55390
6200
19908
3598
14268
33884
14960
5828
56872
19256
66946
4654
4284
6718
1652
4358
1908
2816
7130
8934
13640
14324
62486
5148
13388
17832
17730
2610
9138
7670
11728
15168
5930
11264
64892
17108
12416
4530
99502
10904
13524
9934
5812
93174
18808
52198
19552
16516
5538
24854
5736
10974
14270
79442
68
20952
49102
2698
6830
1248
7178
5290
11698
7148
16100
19796
18490
7658
19264
12200
40180
15010
9368
2242
10678
19704
15418
12756
12128
840
13574
15718
8796
45724
13422
18066
35698
3268
6342
2278
2934
2832
7784
14468
11352
7922
2690
9128
15246
17970
4976
54322
3552
5040
8152
50286
15406
3014
5828
2228
3134
68626
8566
14372
50892
13930
442
5598
12404
19498
6288
44268
1530
1642
11590
6694
32842
8776
10002
19222
6904
74512
61276
34854
89656
16906
76026
15586
8000
16138
3164
5778
14710
4886
1194
276
16716
10368
25086
16556
11726
5154
16066
11272
4422
9854
8720
4716
3452
9186
85934
17736
13762
7658
6312
11942
17658
9368
3992
19058
14902
19906
8580
274
40106
4662
54506
2170
61918
5172
5464
5174
16908
14342
15508
3586
13732
56354
76304
3246
12516
17690
4078
14750
9970
2916
18882
3222
76732
1454
19642
7356
88218
32732
5404
8928
8934
31690
15214
81888
7324
13534
17488
65448
18446
4076
13370
7466
2082
4366
8410
6846
5328
47766
942
10526
7572
54786
24488
15872
14110
53808
862
6082
17658
1506
96788
11560
1776
4886
8042
5602
14740
328
50006
12926
8292
19486
83960
6878
3054
3294
18540
52246
12744
8288
11666
1050
72958
4130
11482
7182
96280
16594
18338
1110
11022
18266
88278
16148
36242
2134
17600
9938
1220
282
8464
8382
15094
29268
11458
14186
11770
8648
84816
4102
2990
18082
10630
32092
350
68560
15646
15114
586
10276
44392
81124
3870
76160
11634
51800
72372
18928
10856
12376
17502
15224
7710
13140
16938
7208
11384
87188
67882
44930
92112
5050
15946
5544
56056
16948
11570
17568
9070
3378
85018
9780
2760
17296
14708
2310
64844
12868
89654
19978
17650
960
53098
15436
13734
8862
5926
18180
1012
9602
9318
84892
84
13998
8268
9506
2950
33240
9952
19778
6812
19098
3656
17388
876
9142
1330
19744
12266
19676
5112
18594
61282
15812
7956
76318
6018
19576
16056
9412
18434
7674
3780
3430
666
19426
13704
98136
60518
7542
18092
18026
89020
17112
4054
58002
45978
2226
13394
16158
76630
15366
6338
852
18172
3528
4284
12670
13196
60
6260
5550
17168
6450
19118
5866
5754
18352
308
8460
7568
8548
17740
4888
13268
18318
56706
16406
17148
11828
15988
66206
4094
4772
9158
3800
18128
11450
12046
69354
3328
4196
10586
16148
11596
14984
7226
5834
468
44592
7538
17140
6914
18214
7062
12492
2100
8370
16788
7960
18298
3100
9038
7762
16224
6846
3742
8344
5848
10914
3718
16014
14494
3342
19712
60836
380
7538
18200
5160
4186
8832
18916
6190
11122
5726
10080
3738
14698
83304
19256
5228
7284
91760
3976
18822
3196
7796
9206
7368
5406
4196
13542
19272
4782
64888
19614
17294
1390
15120
19594
16086
10222
104
9526
17438
68296
1814
17870
17494
11518
8718
16752
12102
3878
15084
5942
7800
13400
96616
42346
13066
28446
17386
7544
16064
5986
41446
4828
13786
7658
15390
30486
4744
24992
46
10750
17488
11126
11810
19352
34540
5060
4908
12612
13586
12602
1322
15592
7658
75020
5474
89158
4966
6622
3872
11682
4176
10016
18588
19228
6756
18404
16820
2594
34420
12490
2364
5926
71756
18552
5078
25306
6206
10564
6234
12828
88614
14282
19032
6120
8574
13608
44854
50292
61844
3896
8672
17668
3722
76934
86826
75454
7798
13752
31662
11762
11914
1784
17690
16484
14602
10258
18242
57214
8964
2740
5790
1990
7018
6276
9354
4066
7246
7786
99062
4134
16036
9976
17368
5254
7652
14364
912
15336
69814
6162
37254
10008
5476
14040
3652
56256
15970
58652
6938
68746
4118
550
18444
17954
90248
4826
5230
12504
8412
14146
44362
16700
9222
3108
12864
1134
906
25378
16446
1374
16882
15492
12120
98296
452
14882
12974
13392
19994
7174
1620
5204
17866
9986
13348
18794
12846
58852
13254
2934
15854
19100
17792
15200
15992
12176
14822
4108
758
17548
19156
3730
748
16872
56946
89762
5162
17270
6152
14396
2126
73298
17908
33136
6216
3486
44104
8252
9474
8692
626
11466
49924
5140
13748
13414
16794
36616
9084
23012
9370
9700
8066
4986
1994
10698
2088
16078
4418
36238
2628
2294
8530
15690
15886
18158
514
17116
16802
832
84124
1514
96024
16754
11356
5432
6328
38044
55484
14738
3904
9292
9934
4816
5158
4994
8568
23178
4498
94724
12336
16396
13484
14234
13444
19176
6808
67090
8970
53420
7130
45630
27132
97726
12594
18666
8174
2900
10932
4154
69642
2340
7356
26692
14628
89736
4224
57988
8660
11470
