82552
84542
50360
28734
67916
35946
53172
27048
95082
84198
25886
49272
48652
13762
64596
4512
81420
12756
86612
5690
50682
55366
88622
890
79726
3288
26770
31136
94358
21622
98634
81862
41862
40506
21028
81706
18646
758
53394
36754
30402
43030
77132
58726
77036
79488
87494
6352
39666
22604
87882
26508
28900
79490
50316
86814
41772
28466
94728
43108
39034
88158
24056
66094
14950
25614
53822
23972
58842
93602
24064
85358
73050
31504
49946
53812
8918
13874
90176
28732
1038
56858
80410
83094
54270
8698
52802
85420
57050
16786
25782
30758
22158
69586
19290
94046
67946
20558
39144
42268
67192
17156
76192
12508
61900
79108
74268
76964
45098
6642
74254
10762
43820
84490
28662
13546
68192
52422
29690
44328
89496
36102
33722
98802
17112
2390
28266
51286
63088
66196
29340
28934
85150
79810
72306
29326
53512
35014
68662
45344
10876
65460
57360
3300
6416
98154
75706
12022
96918
46276
69056
83518
63326
41446
98746
86228
11440
80382
87340
41034
30474
71452
67800
42890
81692
89700
11868
518
22564
75090
23722
54858
22324
6230
77972
5590
21708
10170
17848
36188
92714
73686
55186
9450
36812
54976
51820
99796
79180
95698
42594
19680
78774
18916
15372
43222
41182
89570
76690
59192
81924
73704
57868
8400
31502
75140
68066
76548
77204
13242
57166
8286
50750
5694
45924
5250
2344
96388
38592
44780
12656
40028
47234
63376
44156
38272
7832
78226
34848
36396
2414
60786
4000
94794
46598
47668
50974
14364
64166
15960
16330
99278
28846
86580
58478
10916
17466
51216
68526
6798
84660
35680
30772
85790
56126
30274
42784
88476
32434
11264
3328
6194
18696
14094
57250
51574
72504
91908
38070
91580
11406
81970
16774
32050
23410
65338
2732
2648
63844
98906
19912
73154
56636
64022
61582
13362
10230
86582
58988
54904
15838
67056
81382
31766
76424
85942
73078
37444
49586
14346
25440
96496
19234
94530
458
96830
84354
19246
42044
9924
37688
79242
21380
778
51140
88642
56752
60774
44146
34898
77394
13662
27430
78676
96942
98180
10780
22058
80468
41446
84524
75382
65806
51284
36996
70742
39566
95082
16498
26562
87386
27582
95466
10794
89960
40366
44962
50896
8058
49456
95462
7962
93596
39038
43372
62692
82132
59534
79904
78974
4216
78872
95900
33738
37394
90822
88324
7066
93306
60320
56832
68430
21936
79560
2366
82340
1998
49066
54500
96390
4674
25580
18284
41002
25750
58596
42994
8388
5466
7358
23394
14810
73374
23700
64008
94158
60988
89286
26264
99104
12804
33382
96300
71850
21976
94732
88910
60364
89300
6244
34702
27068
77552
1250
58632
44728
38142
98146
9672
15856
35672
78016
25796
72788
7982
41972
78072
12126
10912
53458
72976
2092
64396
58940
79890
78202
14278
47074
82032
40652
60338
49438
30034
1360
93556
67322
97598
84682
59204
36750
88592
86462
4656
66438
56112
58074
24808
21840
32518
58668
1654
76706
90256
93096
67226
96226
37572
63164
12272
94054
24958
97120
46152
38042
5980
5008
8900
36726
31810
38458
57336
64228
66936
28616
10686
77316
51312
21764
23052
64204
22960
69276
91270
32122
25952
30146
30360
16754
41862
2870
61452
76318
15208
37822
18814
64932
84276
15230
19060
42436
38294
13352
72528
36470
51510
94750
3940
7898
40416
63988
43346
75848
98442
25174
10084
50872
31852
65148
69958
45198
45010
6992
76372
66896
80064
1442
11224
512
85870
40690
15586
65080
75168
98304
96592
49414
90318
92742
70136
20254
58222
66504
26796
47276
96842
35844
43404
14964
73564
46762
39566
53322
42026
50296
10258
21106
1708
87878
87050
67256
96410
10458
12536
13786
26822
67548
60100
49196
5802
57618
62408
60280
26798
5594
21502
64994
43666
42058
48860
9246
14312
39548
25292
36666
41288
88138
58790
43252
79990
58508
47688
50132
10086
43108
8570
80910
33522
90018
63300
74114
30968
48652
97916
58950
76562
32874
30774
4804
94840
90480
43412
68512
29804
72024
56406
72954
3502
19338
63808
89796
45848
5750
36056
25938
83494
66596
95252
59530
91928
18362
84158
59486
46996
25132
15392
61158
2672
36188
85542
85546
11442
17516
59540
69320
88372
88018
77942
40428
30698
12476
52856
10260
90640
46286
24398
452
56094
4154
52570
36686
11972
74938
79130
75502
17256
64242
98170
79130
94506
69454
98446
96174
55736
31522
29742
67082
50902
970
74020
34026
43682
44662
11054
56772
80250
10618
77732
19146
68548
56530
74174
54532
65156
40842
13168
3208
81246
43094
6852
93254
85982
76278
48014
74888
64940
57286
18140
52900
14394
59820
92446
27820
26016
54508
12314
5014
12580
91904
93472
2526
46204
51926
99670
84810
96780
89166
97748
11856
91474
28896
33222
59072
68374
73398
23396
80614
76346
24076
33634
85216
65838
64658
91944
71304
76772
99414
1804
63906
13512
55256
27274
36290
6458
17864
20858
21878
48416
86816
34992
36422
86166
95798
98986
34736
98916
69784
42318
74952
9556
44548
19556
41500
36546
72922
99036
37158
31898
20458
11644
50158
13076
41190
87516
71596
99908
67320
43064
67932
38024
11142
96710
96630
95028
6622
57084
25828
71116
78490
79000
17602
90812
12552
72998
98098
24610
98802
69732
51122
53868
20684
94386
99540
15414
32940
66130
69788
28182
66900
87628
43554
50682
22694
19578
87538
80864
95512
95822
16626
30976
52384
31562
79994
53610
24986
29236
9828
6630
51950
61848
99476
57766
11348
65382
71998
10928
51370
83144
4860
76612
84240
9558
28594
23888
84438
77800
36606
75752
35368
74952
74064
79882
47992
14992
4174
97206
896
41882
71088
89652
14720
95510
85758
708
36286
53208
49698
52724
50894
23718
91532
35620
21378
55416
71386
80108
39360
19776
15908
19964
24626
87900
54776
14900
46270
41884
28870
73954
5076
69466
69108
48842
59316
44956
58696
47978
11318
91388
88966
11608
13032
9858
6804
17718
5152
3738
20604
11464
6798
11066
81008
59342
49066
77678
88624
24978
26276
98334
78516
65986
11724
31878
55070
84734
14682
78064
72900
24830
68068
70358
51710
19760
66682
51158
94872
54058
55574
7256
76854
68808
70904
21838
40508
3172
66296
34978
57054
59292
80694
28016
37294
44420
85782
17976
75214
84288
17950
58996
72622
33602
19494
61710
51236
54982
84816
31354
47854
80354
35768
95000
68110
94506
2680
58676
39704
15368
98352
12712
75430
94904
44092
58940
58042
78642
97562
51732
70110
78116
24658
92804
89354
54670
22658
15240
86674
66662
85306
38504
98790
57584
15568
62916
15140
9326
83742
62808
61538
72964
64038
43370
4716
54454
53234
53776
78202
94600
49288
95580
97572
55738
65952
41334
50800
50116
4644
94050
42362
77784
66830
19590
67626
7044
14622
80732
60390
34064
82184
90814
60660
46302
22298
16386
6710
20282
77216
7596
28946
22604
51044
39548
48634
2094
57212
67584
62066
94706
80122
67942
66684
57476
27374
26898
36970
21988
32704
8164
41472
98002
78040
57964
84554
62874
89366
21342
49264
23234
50320
80684
97530
27114
20614
74592
73320
22848
38796
64100
98910
69472
37672
33050
54592
37374
18378
69212
74298
53234
89912
10990
50110
11826
47720
61912
5820
85510
39360
78512
61682
9054
17578
80274
39712
50174
60886
15144
48656
14618
29206
88224
27598
13258
44582
63242
84286
9738
61978
33736
83424
59486
25690
75020
40022
15410
64050
50076
25194
91274
41068
97198
16452
30934
97826
45288
23886
28272
86302
76660
23312
28326
59758
52212
66726
76648
61040
98360
19368
478
29676
77686
33340
27858
62362
5484
83440
90718
68714
22246
1404
38210
98972
81644
3234
33908
75778
29196
67528
42368
81938
90690
35196
1976
55408
55790
72320
72398
67298
62190
2034
17112
96346
51026
86128
39664
81526
95606
72428
62178
47226
59848
18870
46256
17326
95808
33126
98576
18212
87902
98436
38130
82110
18780
19844
77802
74332
99194
36018
16570
94380
26802
64006
76122
91580
7280
34204
70668
89750
51078
72828
48318
23888
38632
87840
38248
72334
89326
41274
86448
83534
50518
24332
20838
81700
46554
76472
33728
28442
91188
7846
27534
98906
54512
8268
9770
87566
17982
32342
13080
14504
34732
72086
1576
65068
37270
48652
66726
9706
42544
92780
9704
54032
29442
30310
54844
56558
32668
63128
20576
77138
54848
69806
53776
11250
97602
21186
82162
60670
77964
7188
63572
83166
14678
8054
55496
10630
60816
37132
96686
74956
85160
40812
69332
15178
92804
36918
83844
59108
99594
99410
94682
68712
44570
29012
97868
12560
36612
74416
45082
85520
45086
26938
60808
49506
68378
57242
72900
7106
63890
18388
40596
44968
90182
22900
48282
35360
2532
94482
43162
47926
99922
4120
59696
28312
72892
34714
82786
76742
38396
30754
9136
31696
41618
56470
95168
41144
99174
44546
45338
190
57322
52652
89740
64616
11488
61342
22066
61712
19158
90740
99748
92732
32114
51736
69196
27538
34432
27406
74760
11328
78006
88126
77764
63374
23124
95200
67428
59518
99906
77094
72950
81988
87266
30414
63914
65708
62394
3152
82438
42054
72218
21842
51420
82794
79782
78064
48778
71296
52002
94552
44386
96718
40926
65732
88672
20344
50294
13264
3482
36578
80082
74836
940
24782
50570
9094
6296
98642
24342
9294
50896
50220
32664
95752
54180
40608
49564
85830
6004
56868
26142
87472
30262
31176
64152
78018
5492
84812
65720
71646
8960
32520
35940
48200
46328
39658
83556
98976
21944
37536
85436
35830
2150
86452
52654
84532
91044
46988
17218
73180
72142
82402
45860
50252
36546
38702
41532
54146
42898
20176
14360
75862
75580
94116
71628
8930
87366
27428
37628
86364
32510
38344
12560
11364
95824
45164
33844
22536
55128
85414
72340
73016
48664
40102
37052
14688
74574
56910
55970
7968
6468
41998
76020
56258
99792
32406
28466
19976
60548
98846
42540
34542
29970
52490
19682
83380
38694
20522
10222
6224
19422
55612
67000
75394
3660
32762
16752
83228
16080
9262
32460
28306
82842
98670
12040
55228
62268
86692
92272
71724
15240
69034
59660
99278
47256
35214
99822
34836
40474
10200
69046
81000
65216
74716
51360
6154
69218
85476
97582
87114
77774
82818
91804
38382
78864
74814
80560
31792
36960
27152
6902
78822
60314
38056
25498
98146
1458
26364
30182
69922
34612
31188
85062
49326
13668
72998
42280
42678
59038
71358
69266
69268
58480
41792
28208
26614
88368
40758
31160
66770
87742
37208
63600
25960
53294
86438
38000
61112
90150
80248
66202
45598
3050
56848
51496
61896
92962
80196
66140
56532
55198
46640
19498
37546
33578
73356
8832
43938
64800
34512
99840
63080
93102
94116
22866
16006
7474
51476
63082
34316
95472
99840
82812
82744
70072
34106
31654
24500
31150
9930
30580
30246
90808
33242
51460
358
48656
5562
95530
31868
34592
53720
83588
6980
27912
41108
32116
27412
37286
14908
69974
84254
60284
51700
4070
75590
70482
60924
60200
30920
29822
63416
35790
22118
88320
45358
33180
82276
94392
15076
71522
77678
73012
47544
54116
95318
69048
30568
45170
77916
73350
79926
80648
4626
77660
28320
38372
67902
95996
17492
55738
91222
62024
940
79586
54922
50516
12622
85620
7142
63734
74754
26878
30988
2624
1624
55624
53328
93700
53804
46368
28076
15782
28846
71768
16682
38206
50926
12936
13326
56778
824
41112
75852
46154
72078
52250
67446
79218
12948
64504
47648
33406
7978
77746
28172
57136
91440
46082
81242
96634
25676
40110
21674
86660
36426
9728
80360
2730
75000
80200
21786
74746
74404
59580
18500
14896
10844
33184
51280
27514
5240
67292
49738
16674
12188
15902
85658
34988
92106
61546
37638
45876
95240
92466
85322
77120
13568
99578
42734
1170
50716
31634
95760
28972
35048
92794
17212
86284
83848
94300
14628
64034
67982
4296
28128
92704
23648
77586
94102
50772
26566
24354
1828
69212
8026
33740
67104
39910
42008
74378
27386
76818
62144
17150
80604
59086
64428
64302
33094
81330
57298
95224
53258
70364
924
60130
93662
80282
37284
77660
31308
2064
74022
7086
51604
94196
80186
6912
78444
54070
43032
28626
65598
7388
45170
45928
69622
77938
28194
33542
1710
74238
93890
92670
41252
53120
45624
92680
41442
47200
90194
97270
19914
20442
19928
66398
78110
62940
96078
81642
18646
68128
86490
4134
25964
10546
53122
14862
2404
81996
5956
68114
53020
66488
66942
52066
14572
57590
18532
45670
3374
41584
93290
1448
41762
40712
76418
58124
34586
33204
27128
84554
53938
66990
59336
6518
55280
22436
1432
56664
210
21320
3318
34240
52454
6030
76076
21418
35820
98750
240
85278
49690
4420
89336
80718
1644
21882
45590
82104
69084
21698
32840
55068
21524
8650
49628
38536
86262
51966
66558
5836
53824
43316
92522
11758
88176
18726
57342
58318
79494
40562
13602
58266
72216
28924
26286
32106
31868
93280
47792
18734
65312
36830
61502
40668
52720
13044
86500
81798
58576
67174
28516
62232
83918
91912
42864
46514
9314
49512
98340
78466
81232
87928
78534
8512
81616
72730
97250
26574
88808
15894
88896
17646
85376
804
84118
7810
35536
41828
72940
76548
88812
64650
2032
75186
22766
96706
72598
45570
84020
45290
36106
44944
24490
87106
70652
39092
42890
72178
68922
37628
5854
91438
7374
24858
40970
69992
72812
91864
97748
44050
96732
382
87460
78062
58812
21816
3110
79512
66540
31536
64720
82888
57872
91170
47200
47578
61858
99158
33114
68868
49694
53696
95500
4752
47696
18918
29516
78760
7266
69884
19454
29846
19488
85356
77124
89132
20264
82192
66208
28298
18524
73524
45490
35234
45514
72984
36308
93204
58732
23078
1374
16134
6046
82802
94636
40432
63316
71338
4396
67478
95236
49054
56712
33326
34694
3790
41012
73960
22244
23218
19390
25896
22176
66384
68294
82380
83696
40984
80040
34856
63706
88584
33424
99792
3352
17128
6168
28494
51194
67800
62924
8358
23990
62206
94458
73340
58132
4434
12312
85522
65504
75852
71160
43022
41958
53782
81482
29158
65084
55262
51924
29650
85684
53314
52844
21882
66106
65256
57052
18020
19846
70496
28672
22424
31782
73422
84140
69252
2242
15454
77080
26334
4790
56040
19664
2166
64464
54944
50342
37314
43714
36032
52698
61992
87480
14946
54066
73940
90582
18960
56132
72590
36472
81708
38430
4186
56400
33274
17598
91786
21462
96086
65198
61928
18680
49848
19748
92592
47448
6010
80526
51076
94586
9638
77436
30982
74126
13530
79670
99396
37152
37454
63284
90910
71980
93404
18124
53034
65614
55034
53972
76748
31262
66170
53638
3034
80916
84206
59320
9102
7406
94496
45220
74004
19842
96764
88566
46112
88570
11446
5996
22802
79796
37446
91606
49400
94732
76714
93590
13366
61426
73364
68840
41472
1420
93988
66686
90062
85160
58338
18344
31328
34782
29046
79088
2882
53384
83076
71842
26302
87652
67336
89484
63702
71878
97050
16828
2150
82012
39852
85768
35748
18066
56518
12340
69758
72254
59932
12942
17342
89014
93618
43084
31524
4046
41174
32848
39996
55988
70820
43764
91876
26970
99098
608
33306
67664
27488
30896
96022
80138
69214
24942
19324
36926
16002
8200
9198
60286
9510
94960
86404
63858
41880
34150
42984
19936
3612
66038
59176
59148
57736
31130
2878
24418
12988
2094
55484
66498
94296
86942
93044
23114
26506
76036
74970
15484
2902
16430
20936
84474
63152
86912
78342
93974
19448
70298
330
24780
37186
84616
89586
81808
40288
83534
4114
56050
29350
43596
6746
27658
24718
46006
93908
66692
37252
72722
49208
49088
33010
23894
88836
69598
11698
31290
88322
4324
60870
40198
56878
67396
20554
26920
62376
684
80378
4886
68852
6294
67478
6820
99400
84038
80164
28226
47634
4970
56700
31966
84962
28168
5814
74182
46846
62616
27164
33270
56094
73828
63630
71754
7442
17688
69128
11544
12404
8690
72318
76788
67498
66086
39158
44914
60758
73316
91542
33198
47086
96824
72478
4674
71968
63476
56240
59376
50658
82516
76884
22854
71668
16786
15508
78412
29708
46360
85574
10056
58988
51352
51408
94986
90252
95954
67866
91490
16068
98170
48954
12562
79556
76770
65862
20526
20816
3292
99146
16272
44834
96168
40768
30660
71580
18964
26600
29472
22692
57782
19054
46912
99648
9744
12964
58822
16556
66088
1674
79842
84576
20904
85502
39898
93302
24400
41014
25378
4108
90190
67316
85934
40126
58342
5462
84780
68972
11964
95958
38912
28306
34556
53042
17696
64816
53124
3382
4690
87670
62506
83476
27996
1648
18730
14616
62226
12152
86766
40186
77094
91362
43292
70590
92124
33824
74742
53672
67338
42974
134
65678
67506
62366
63598
30152
88756
87486
94776
44512
16792
36374
4602
51430
4226
53906
51012
80220
21050
28864
80744
57224
36586
10830
18748
27112
33962
24178
13296
78532
58308
73698
79084
31608
23012
28404
29106
63858
45130
98862
32106
85314
8702
69878
17220
4920
22534
83814
83704
45034
56016
87706
80784
64760
36632
26874
3524
47214
18980
59386
54860
28782
41712
35594
88150
32682
93962
68594
50050
350
60452
86018
7716
69520
54398
17262
72774
12252
12418
74876
75544
43062
73236
37326
29846
6286
13968
16266
46216
60566
52802
17386
640
97102
27344
83594
83394
14164
18878
71458
24118
69234
75678
48196
67178
46946
81930
62620
42704
52158
64908
77518
33742
36546
84024
94392
66022
74888
38460
30816
89636
96992
57446
32492
93974
25900
58460
93328
47996
46398
4600
45340
63908
9894
35036
73802
49878
36584
69074
27848
34328
39216
31100
5490
27890
84780
72616
3812
78244
62628
61584
9294
12864
21280
20102
40352
54598
71928
83382
61916
7370
44048
68988
99990
746
72000
41418
73438
57270
18484
10126
34852
39748
81230
90508
4480
57358
36292
64966
60992
31214
18202
63612
19306
4496
22074
94018
2560
57962
11524
7404
37060
65562
11172
40568
19698
20358
36746
48372
82076
79970
56340
62450
53226
21986
27962
14954
84548
13788
70050
60652
67478
49118
5834
48382
40396
14438
16700
15650
58640
89762
36116
21582
45862
8614
41248
38978
71334
52556
61616
5844
93678
18772
40462
96258
53486
53698
15138
94826
87430
27350
83436
70960
48440
62640
47388
24644
17138
84550
93480
58468
57110
72838
60510
40634
64742
51808
39654
24662
71438
7924
33548
69660
65176
48866
19830
29790
29630
25504
46824
33812
17170
12470
13868
86134
27452
48576
98080
18520
86556
33774
28128
30916
73850
27662
24510
54434
52332
77786
35704
56912
1850
65768
84240
74902
54396
90860
5392
98660
53412
28772
89504
70784
77840
92758
41082
64630
17100
8048
19158
45866
35710
67190
95964
34458
40768
86204
54364
34516
99988
35416
36854
75778
85904
68580
20062
81616
28870
69108
21724
86802
98820
2500
29026
44998
60102
4300
68212
19832
40144
41158
2546
34838
89644
82146
89350
55958
92346
50438
30116
87504
72994
46294
20486
26428
78262
15040
35576
55940
13298
49496
3444
85270
74258
1580
68572
35886
75028
84552
75640
56536
41582
13862
95464
83204
56272
34620
29154
5628
1892
34510
31752
69188
59726
98280
15606
63512
72714
26542
82288
69572
46510
23372
21976
8072
41098
13712
24482
33910
35118
50018
61470
31696
82264
1472
98306
83878
61294
24434
34238
3866
10566
21718
55776
81016
18716
50736
56530
27952
63314
3910
67194
21352
24194
56444
43826
8204
43058
96970
58264
44522
33322
48702
4504
30386
2216
22444
52204
22998
90214
70682
58330
19972
31236
75312
39018
92532
82236
4140
45782
82226
76012
89620
99168
37696
87694
74072
20148
93580
7602
58694
93480
72950
15720
48894
53868
27134
58622
59454
23650
77404
58534
93724
42374
38470
70774
51084
16492
93278
37420
8610
93830
67482
37852
7556
56962
74428
70290
91344
72138
18480
92926
62850
26856
29854
79576
39918
20202
62910
81550
92828
45268
14308
24660
30742
69560
71396
37462
35446
26478
58484
75238
37048
56236
52946
9892
10970
95614
9558
61026
83540
59146
60812
1402
15744
33050
64726
63062
39328
79204
41608
89436
70580
45182
61744
83862
76984
28206
1036
84870
57544
95086
19256
77862
77898
64016
61402
33794
62532
32530
46810
79558
23384
11576
97440
67370
32470
75934
63958
80164
69128
39840
58108
77308
84278
25054
33988
37066
84718
58344
53960
44162
47016
83196
82966
14370
62198
58254
53742
30074
8504
66960
47744
15726
20488
97654
46536
27392
56788
20202
99516
69930
54860
48698
16182
50990
21432
86990
74954
28012
24146
78758
35312
97274
35290
38666
73758
12474
63678
99158
88314
25688
53448
22610
75738
41336
21932
22114
97752
76882
2560
57730
65980
39138
2532
95700
66806
1992
5038
58498
47222
50180
24902
79034
7442
96534
33324
40054
72998
27894
79494
50942
63084
12172
7356
90866
7290
29068
94342
23944
14244
52364
94224
17014
51766
31404
32954
71352
44980
13490
59788
51440
89294
86352
64878
2350
83944
9080
79202
71142
24926
78044
66200
5756
70154
63540
61918
57264
63882
53730
77570
25862
77772
17268
43294
53392
13678
11438
84014
60272
67708
11380
54974
34444
20026
23880
94034
25806
91880
25342
40030
27298
80062
64734
35792
3590
97744
9202
57290
59814
71888
62258
37736
34586
66120
71482
77562
95294
4652
85638
18588
21008
43504
28978
62882
60300
60774
22906
19028
25232
74958
27392
51596
80884
32464
95222
4978
36818
3814
74610
79936
61594
92196
87844
44346
93174
1088
31276
95860
79438
48062
81854
3128
73466
1926
3756
52714
61206
57162
91908
60474
85796
36342
12006
84022
81850
96044
42936
33998
11386
73052
85876
23716
46784
57226
69682
42928
46856
13556
89474
52994
99120
21454
22614
77404
99184
27236
91220
61366
36558
48980
61100
99778
86036
88706
79570
52198
64752
7572
58764
54328
59778
97668
66388
14544
82020
40176
71782
99276
4666
19042
77604
96132
68822
67592
78356
76022
79340
40750
4512
824
89278
66130
2128
45548
38556
96622
12330
74064
54538
89646
30850
50626
16056
25500
29546
41752
18010
33756
99926
22030
93924
65868
90294
68840
93624
95300
39794
87030
81382
35894
75384
64156
94090
63798
16350
65710
31246
56926
38606
2020
42542
85432
53234
54966
91990
71108
91216
63786
65306
94738
62536
53004
16556
37866
81752
45506
80772
71682
4326
77768
25586
3022
92400
72502
97374
46054
35274
79434
37264
46712
37280
27834
32810
10804
29672
98592
68766
78184
9560
73052
83140
64510
36408
71472
14964
87586
6636
60564
34074
88202
82584
26046
90180
82344
81424
15762
97996
90170
20738
13554
43834
90252
8104
55114
79344
88532
87484
33098
17864
98622
67274
3068
25158
74796
33172
60676
33170
25634
46726
5788
27082
24888
70616
54108
30714
3226
19410
81654
49680
79736
21492
34802
67266
6988
73926
14002
32914
72824
34616
30648
68268
47644
73588
35280
48786
19262
38064
28678
5056
49708
94544
70598
99116
18582
91540
72344
22528
36686
49790
13746
50752
94670
9288
86014
16836
29264
97138
90382
70488
34966
50340
14492
80520
28684
19612
94808
7328
20042
20018
21700
97084
49204
1590
21622
43484
33504
16310
76082
3108
5244
85126
41910
15568
15620
4668
15714
17544
88836
96314
63808
59290
32136
78218
45774
80840
60244
82880
24238
72374
21198
82966
4078
8010
55610
59310
73198
26424
48016
84806
54604
9770
62942
20382
12262
7410
26020
64756
50180
11168
31458
70060
24624
76464
13086
1870
92198
5358
93014
22364
15462
55954
62496
2880
21276
28780
86770
70526
15930
60124
82778
64452
78500
31546
94508
92132
74908
24498
16544
23750
71844
29130
69612
710
52326
57044
58076
66970
48948
78696
48754
37300
29726
71440
38818
30416
40048
68170
16974
71010
51526
54616
28854
250
37994
70150
21166
14744
95034
7792
45892
97908
9270
27530
92690
60662
90312
54208
85022
57272
45072
89398
24846
76394
13418
82340
47418
26988
5236
17882
75354
58872
53320
79574
47054
48432
82382
68446
55908
19366
17640
94224
70104
17240
76624
48422
71978
61350
74096
65310
24268
81434
52084
5020
24542
99344
47642
11946
21820
640
45996
13790
77678
68540
24372
20864
97884
18694
38550
62224
94198
1948
43858
5874
33578
65972
45186
42012
94478
92416
83800
28380
44802
56888
32534
21632
57156
50210
71104
98838
96842
602
90828
44248
75090
31384
44036
29056
26958
22798
48662
23660
73876
70692
70846
71906
52118
43746
99960
22440
94392
60444
90202
15778
26340
53732
69354
40290
32600
12508
1652
91042
8872
18518
16816
9564
32812
22906
2960
99110
85802
94002
86144
59076
67462
748
40868
10888
13130
2234
82864
22230
61990
56900
42266
45090
79366
48914
63344
24958
22412
57260
39542
11706
148
2360
69768
63766
64636
70272
4292
90832
91466
37966
29410
60640
81678
56238
55856
11474
83124
76380
80388
79986
62554
90926
94638
81114
81496
5008
46762
97864
41184
30936
56054
62528
11870
55216
51112
5434
27644
91116
32896
7310
78570
54484
20846
38232
44916
87692
69598
75774
8724
21504
61618
76128
85096
56228
66012
62058
24436
72984
27690
84002
7782
70334
60892
87966
78588
10278
51422
4516
22084
59736
46866
89116
70142
99618
60678
38116
68972
36570
72234
74422
84882
53652
63084
43120
97724
16906
6700
80928
54444
12506
31844
28402
70938
6642
53170
96252
92802
1626
75802
57948
29210
4390
12914
43824
17562
34708
47092
97298
66936
45914
86004
99956
16560
65056
1230
98798
38224
36546
68010
91026
37532
75846
44042
56234
43362
97942
69954
38038
14324
43526
5618
21940
8802
73696
76614
51558
68030
71962
19680
88784
35708
25654
64860
9334
62252
63254
59918
36800
71636
12744
98714
83462
66222
18524
15694
50486
15564
39730
75768
23506
90488
25532
58512
3318
48608
24746
32542
24560
71952
82504
41696
3454
44412
69138
73944
73730
21674
55716
28656
86312
75376
53784
42768
39616
1256
76690
98822
14468
92718
47072
64602
60288
30
52230
61836
43368
93216
74876
42614
3084
86248
45070
32136
4036
8568
48574
53788
85334
94478
86188
37708
51160
91190
75216
90892
98150
62702
80856
82920
31620
23114
7758
378
71562
87742
85920
43182
12538
28780
50122
94636
69896
78700
980
25400
13392
66186
11580
69628
55484
49058
86342
42552
59962
22166
9082
37724
91718
74284
79582
42152
33748
54252
45646
14404
94102
29902
10374
92600
64902
53808
48960
95542
7190
19456
75346
66164
43866
62376
43626
47152
83942
47828
48012
51882
24632
47422
88952
41316
13898
31352
63082
18984
45056
84284
25552
76654
17654
9380
36280
7694
84444
54914
6546
88282
44348
29708
72048
38282
47566
40444
63870
25424
97600
45296
88904
14224
61996
75982
57396
4384
45920
64826
6512
17952
18910
31720
19520
33698
27152
88362
83558
42750
45802
31286
9688
34466
22956
8946
52086
34414
87354
66784
30170
9470
14778
58872
12122
39088
40800
32828
95476
90646
67202
47060
83232
20992
24368
44886
86322
79146
7684
246
22468
80438
18732
58796
95824
98878
25984
89902
74868
28282
59542
8454
46952
45470
40162
49098
49452
4276
53280
43732
39932
15472
34690
95716
72010
83582
51626
86136
7620
11234
80150
44922
67574
70698
74740
11770
52252
13900
29378
42552
42960
47686
5898
23552
94826
93656
56194
6294
26658
21122
21382
56066
37018
92084
52548
35548
6630
6886
38660
67068
76890
84654
10750
37066
73476
34044
55928
51534
69584
48354
78136
68238
92234
14158
40624
75316
13064
91350
66792
17758
76456
45242
46602
14848
87806
23426
71414
88642
56216
84762
9736
85088
57078
51734
58142
12664
78256
96342
73536
33184
40938
98016
30030
5648
31316
9100
74134
40206
8076
36372
39288
73756
9918
41156
24548
89238
50668
50550
88184
72328
48166
64724
10698
70092
55830
37326
650
64562
39724
75924
88030
1006
78052
40226
29416
46458
29386
13174
32152
87884
12326
91574
54136
85686
5546
71786
25682
76300
21522
37808
68928
38768
74748
54878
69360
35318
39246
73702
87088
11962
63346
63198
32142
82066
39786
97162
99508
35240
57004
59146
68400
45520
33284
45504
9844
33084
40974
22258
68210
71058
14930
38716
4356
8648
2926
71276
40162
82140
4736
53048
28972
80680
64656
89828
43120
44298
5308
67850
378
64966
51670
10152
3736
91428
40744
89262
298
30478
11672
82738
15108
42096
13714
93586
12964
89382
93000
4160
40268
17756
92608
6300
88872
7946
18938
86902
84944
4796
61198
67550
75700
19698
97308
23432
7698
65616
55928
53676
14036
64102
47490
90208
42298
75962
80836
35094
29034
12898
89354
67258
63738
97246
84974
73276
7760
26162
89882
26884
40640
24878
78526
55032
90424
46894
72854
93540
80346
58708
83558
73810
22084
72622
13914
6960
8210
31874
24292
20812
91320
57702
69076
2326
78800
7774
49894
16506
49360
78010
77544
14220
5036
68876
90480
88396
4858
89674
43020
326
66942
33780
38936
91508
50412
10482
9336
89906
64436
33708
23110
12182
61600
13104
53604
51248
45986
5602
38368
85364
54894
18762
9672
71558
66306
54730
29352
48472
95748
34408
12508
7986
81186
23626
16984
23074
62912
81998
43536
85096
97438
67768
8048
18544
4258
35548
30996
11882
4522
54734
49552
53406
62864
81674
18564
26980
48776
51370
84606
97670
32832
79878
53612
97982
62586
54004
33192
33300
57510
27648
8726
7656
68476
6820
26610
28322
52284
42652
60478
12126
11768
59954
894
54612
6106
17554
55778
20226
17790
65746
44928
68138
14466
70148
28624
71766
84646
36760
35974
95588
63434
24260
47600
9824
43234
32386
63160
96694
53870
61256
47724
97280
48598
59128
17570
20512
28314
2126
32462
40694
99618
75986
39560
76356
89158
81304
81560
89242
44140
17514
35288
93114
27834
29748
24040
57128
60284
43878
63228
5796
26078
32844
88986
1182
67860
53586
11240
49260
15130
61156
20002
45536
6864
21128
36872
40822
48476
68616
84218
54956
60936
87766
77784
38378
72776
75546
21964
37338
9580
8354
91466
87600
57818
39006
91050
50048
83382
16650
72476
51330
1500
14576
94182
73152
1558
97902
13646
91062
3652
86420
8236
78178
15688
65808
57360
63036
1214
69940
81454
59724
55384
88732
46886
60820
83714
9088
26304
28422
3658
97308
98776
19504
61804
25614
47198
2686
87266
33420
72454
50196
74376
92316
76590
99108
99060
10918
82196
89574
87732
91592
39288
24008
88502
70514
43906
73448
5470
70166
9948
86126
40638
35504
66492
59682
6148
30774
25998
67552
28644
93226
84100
50414
1508
87434
88018
67706
35438
38790
10734
6716
24438
99708
77776
60484
66054
9076
35318
76648
64646
67758
51594
87692
91738
71022
39922
25012
26288
62890
66736
56966
37616
37198
44330
25518
65036
92416
56636
98576
33500
58684
34296
48290
73378
23102
3798
46642
14936
91494
2276
8302
39120
32884
30814
7708
44390
55060
79142
86796
98664
78308
4490
66152
42344
43802
58552
82584
21054
51548
69954
83204
25038
20184
30814
82088
29872
41918
30240
22304
47228
20246
71502
89064
19890
88254
22838
61526
99494
54066
65826
44436
44624
54824
25876
87594
23044
51400
75726
91254
80926
20426
40930
88002
26948
48766
75328
75624
11334
28500
80274
14584
73700
47950
99856
71432
98002
21798
41746
47716
43752
20428
6728
44826
12636
38666
98844
46922
76112
32552
83178
88136
68586
17752
46520
54800
42590
53664
84478
87158
24558
64534
3888
4680
42822
43284
73090
59398
87166
70154
61602
20524
12150
906
58820
95046
7698
47836
90476
19704
44068
38196
57198
40194
99516
58450
45388
87452
2230
66328
14984
87102
25088
71150
58148
98130
16508
26098
52578
71870
25516
30988
92446
85270
80398
65972
97318
51918
58800
64808
58592
25656
35054
38052
83428
36022
60346
77302
93698
71596
40782
71850
15010
14448
53122
4226
90858
12482
51124
5478
41342
18630
89466
96654
7350
84022
94100
18830
99856
8100
17632
22138
50640
85208
38316
1174
12042
64826
32706
93586
58976
76512
72532
15292
96436
21814
86654
14268
8146
33620
83208
73968
80922
48466
48614
33520
74036
90616
90386
2044
27134
72384
50276
25086
30210
86860
2426
24896
29092
87924
36952
5194
92580
78450
44798
10786
70934
36058
13620
27032
32366
53056
62980
19484
48480
14210
43442
7642
47436
90366
66166
72510
98642
35440
67282
28362
72756
53000
24846
48254
41852
33742
8366
33718
10330
57590
83926
7746
19896
33418
81096
17176
36670
17166
30840
24952
10694
26492
24610
63964
4374
50358
46502
97280
19244
82950
37790
68808
41924
91316
95428
63998
26578
7924
64104
74050
69164
80050
59388
15996
83584
52522
78654
99868
87524
53266
91280
86144
23534
87366
84444
12312
32448
7022
53588
51504
37940
84880
13952
16190
41836
8348
29270
88744
86486
26128
58750
48962
3816
37778
92096
14110
54088
82652
55806
6160
72698
2236
60626
15596
90044
73320
15526
99136
18164
1768
57924
20158
15378
99350
58646
13040
10990
46828
12968
92650
79130
72926
83958
74242
7844
74580
26442
44006
45908
16708
63638
62872
11692
92690
17906
25902
22088
34884
70042
3934
45156
4696
61734
52134
18330
53556
14204
6594
24576
12150
81576
52540
59128
11692
48372
42452
88796
21536
79774
20960
4490
29614
30638
31618
99804
57950
16626
8652
30480
68880
60980
58120
67484
12994
50758
65572
12782
12888
8020
12244
43718
86050
57806
35594
73498
27192
9250
29552
3904
3824
16626
12504
63738
92102
12704
88886
51976
7694
86386
37768
52934
42712
20078
19710
92808
42242
80116
9150
55350
79780
71122
48670
94868
27908
65684
17372
62658
11472
87042
70320
22020
34934
8820
92752
83850
7392
2714
22958
63092
20328
47584
56208
13808
40576
70304
72324
79320
45790
83104
78002
55358
98168
56808
68296
10628
55116
10904
88806
5582
38664
81692
85380
47256
48908
14246
84284
27802
9494
65300
69678
67480
71016
5334
1214
87972
20764
43790
39614
6582
84568
70346
13326
79648
34400
44106
32860
2746
48442
26504
1424
71950
61996
46144
80124
56874
1882
45070
13152
45368
83654
68570
91824
50416
71034
96340
14868
66960
18872
74978
15988
47422
8384
38524
61776
94020
62134
32856
71574
80144
65370
58038
59816
78050
43378
98092
1758
90396
72102
76680
84434
25208
95416
35010
5044
53510
718
75396
31002
47932
52488
6078
26682
12064
91886
15864
71722
70248
46564
92984
94650
28490
39558
85198
60154
1604
66868
83982
56952
14734
93954
9270
48700
15148
42684
41508
35590
50532
56946
23194
55172
31308
55988
15044
38514
45380
61666
8484
74686
51734
74196
91292
80706
29066
4484
46242
22478
52616
32838
57328
17958
19382
63628
73680
48080
57108
57332
26242
35480
11842
53506
15582
9860
97876
5294
46222
53554
20292
25666
49056
92134
6354
47934
67970
82140
85700
24794
35746
45372
50184
77812
66232
9132
82722
31266
12978
39874
53638
11600
27874
66908
66296
94680
84456
86608
95490
57194
53238
17536
16000
37334
41666
26518
24972
81282
87376
74672
94160
67420
6900
6156
86200
78548
13788
62326
36556
71224
61682
82730
30198
17388
21684
96196
16972
52678
60494
67188
51614
67164
24066
65094
46992
64554
26092
69614
48332
74636
13152
24022
92878
826
55330
22428
75660
8098
56720
30286
66532
43894
63144
32966
58574
468
34620
64840
16572
17254
10696
40312
47026
17794
90418
98780
12508
29640
89902
96210
1788
34794
44794
88446
37538
2242
37112
98396
27294
27560
93808
35672
26420
44356
63456
54968
97584
8666
44808
15384
86766
35704
10184
99556
47430
87198
5968
78352
19060
20044
88510
89570
15926
66874
40580
93840
79612
22970
88132
22760
80032
28828
22300
59618
47422
88644
87282
36656
33026
43372
53674
16096
80406
37560
41574
45766
68754
91370
49612
88960
45400
56940
34356
77762
55300
46600
84912
34978
59472
88834
10838
39124
33028
27794
19374
9006
46066
19530
29372
93362
86654
55370
9710
78552
9952
34560
36260
53882
90942
97158
96544
73358
39350
32158
71804
30394
65038
4862
99426
13440
65798
22206
32590
25104
55868
79406
76532
19908
61964
86372
45074
3288
81132
78296
61234
12878
71504
73268
59932
79216
46822
26146
9902
68308
48482
9582
32340
64664
18816
68250
30432
47124
98300
69738
48802
52474
99844
37774
29870
34500
84454
28972
12098
75166
9290
89956
10002
13960
66292
32388
47558
5740
95476
19500
30152
84528
28932
47064
1708
40754
4704
17102
26370
62678
55044
81300
72562
30298
69388
69324
39256
59866
81092
34560
59654
35338
64606
36360
32306
82264
53476
63032
86186
12510
63298
10134
29846
75054
51598
63702
92686
37330
26370
64980
70286
53462
95714
68632
31152
71060
10504
5722
42050
9746
27946
19558
76308
66192
7064
93234
59710
54572
23460
19560
1218
55742
66466
23534
65794
63866
50090
90730
66396
94274
94596
50670
91622
17584
36086
16774
55868
37478
11096
6170
74520
33026
42072
59394
69908
97594
76442
13780
59040
71246
6566
97850
92148
30740
34780
93690
98774
49832
65504
11614
54472
74988
91172
2804
96880
75522
70970
55136
90390
30628
35104
95666
45240
41190
24986
53858
36462
32880
99654
66360
94346
5130
24836
4230
12842
3080
858
37716
57944
8368
66662
68636
59224
93388
97598
41234
35082
97634
82132
89246
82206
85070
74944
51508
59672
35106
28104
8074
30488
66622
67068
65582
74596
82224
73448
17338
7926
43312
99190
82948
86514
1702
72926
45276
71008
60290
73098
93994
88918
45340
23894
51040
94140
27660
30114
47550
94330
47882
68326
4414
63936
26322
17038
61584
88582
46712
4826
20824
46928
46626
15086
70180
4212
59468
30388
62028
59496
74202
48378
38312
25898
56654
90170
69110
95606
47376
20390
69360
77018
92708
3286
45664
37070
51944
4802
39930
69114
45412
2056
26200
50500
77712
26346
92356
2098
29528
85364
87514
9866
84346
11334
52498
99024
37220
7558
38366
61832
18476
88218
21666
93090
94088
88022
85222
4846
83400
58654
60648
45324
64970
34644
15026
94060
64808
70422
16328
40054
94382
16660
99960
18088
98282
6940
410
94396
45906
40150
19704
68002
96606
69332
29706
22764
22042
36448
39348
80784
80292
53212
98346
22810
85718
22752
66914
24826
65194
17320
79810
17440
89086
83210
70248
38792
59348
99594
14192
24884
76332
48556
19930
4670
84072
74322
87250
94704
61302
95812
88654
85856
78646
87964
61284
36220
60496
78336
45100
74436
50688
55778
34314
42384
8550
62326
2946
42506
15866
97554
20052
36642
35798
62258
89294
45892
62384
61542
29676
24076
3316
84468
14914
64860
84432
58470
7242
31946
13416
55666
95664
82134
54812
58134
22144
56774
30660
96630
40652
95562
53544
67380
52004
51286
24694
42626
48550
25032
45496
37462
47664
83038
56144
21542
66700
8874
37892
48250
12632
26400
43900
81640
69178
77212
60918
15768
42836
52856
72414
26674
31638
16470
32110
10888
33916
6432
72160
52760
54146
30944
57494
63764
26574
84278
49988
16316
60480
60780
91160
88596
74150
64946
57836
550
29118
98090
3690
75458
49906
40524
57732
46542
94460
78966
48186
4702
26356
77396
42718
96178
84332
21086
91684
83252
2260
47714
31550
35246
60116
20386
47704
53832
85080
198
11220
66954
84618
91634
90920
30518
50714
85582
30730
14204
36132
61396
42164
77662
99182
94668
25708
6840
79112
63666
27528
65090
60914
58786
10550
55068
7310
53426
51390
2650
37686
5040
91570
10666
49904
94514
97804
84016
39578
72304
93246
67748
7484
45066
11912
98996
34734
39810
62688
42222
95648
20088
76634
42438
30808
67580
18942
23002
75926
78486
20874
54432
82746
57554
15796
80918
77684
15678
83934
9116
89190
70172
64934
21310
18628
25266
7688
15440
60492
76332
60466
4958
66562
93484
86788
40934
14982
37246
34890
55708
89122
40104
52912
24906
76408
29394
23826
12676
77184
39092
28086
75942
52040
80022
24542
84082
77996
79828
24850
21912
62912
62168
84590
15520
30786
23862
18704
23546
7242
56914
76686
87522
76464
10002
71022
60460
10856
34786
44790
50972
96988
77744
97886
57856
68394
79302
70044
77100
15804
59518
38070
714
83802
70644
48012
21760
35238
66428
16834
95430
48706
35186
17264
21100
69632
38724
71980
36324
35190
72068
98514
91324
892
48600
28490
17382
90962
67664
86224
75096
48622
11362
69162
80654
38616
63810
46958
88304
98340
52030
12052
19388
89788
49094
18040
50496
3164
23086
10930
77712
11472
13056
4274
54172
99972
66692
73986
10112
42428
27022
39824
82460
89282
54876
40958
14250
80440
35956
35478
24580
89398
76890
65476
67346
22906
29046
24350
48216
7456
47788
8474
86944
67688
86662
48172
80964
58822
19756
38226
29216
86418
45912
66432
89154
66044
19010
66540
38114
38048
93888
19824
15820
98336
31182
45116
84
93744
79052
10888
63082
8790
34292
64254
79008
65468
26622
9690
43590
59176
7930
67022
28008
71848
47672
41134
69232
92468
60960
1896
35346
85896
55646
66850
43130
13898
79028
54022
36434
94732
51266
25376
66882
26378
9644
82300
99680
89888
31630
77906
10394
35584
42110
71810
66900
38562
70884
67560
56116
49476
58680
45136
4054
19302
33154
5378
50476
1274
61004
86214
41584
33160
35086
96628
60978
31876
24844
34814
19264
56552
29784
32578
40432
19958
75218
44110
6196
43592
13552
36924
62880
12244
85600
86544
88696
18292
88710
77686
92136
63272
79290
60792
70258
68698
21388
90176
63470
60076
14142
17700
56010
1190
6620
96218
64998
7708
72762
60534
31354
39898
88708
46860
75734
23248
80602
43464
36212
9524
81656
9008
52908
67078
33132
54700
24708
10962
87364
46286
29284
94668
84566
82724
95548
39308
95962
89744
9168
76620
37448
3836
50112
64310
69496
81272
5866
78426
3996
9370
98294
96868
85734
88812
3948
84242
21258
77758
40862
34780
7718
97780
82568
95328
90652
53072
76916
56348
37718
47204
15780
85722
35390
54528
50092
36018
69582
88264
24142
67620
80046
74094
72792
76810
82844
92412
10024
7854
56464
48412
41648
37946
73948
60332
81908
16984
31116
96390
72654
38134
19872
96308
44028
40686
25276
13342
55590
95130
94498
52644
76158
29322
17050
93852
97766
90722
37850
32912
47980
98418
94762
20902
61256
968
89342
59914
31662
52866
35400
93852
34262
26354
61010
48412
86738
70196
32006
95816
96012
59110
77852
96036
62732
63708
19624
85214
39356
39794
93452
2576
64084
84790
79422
14514
54958
34354
33332
26518
49400
3010
45412
89718
31164
35250
76868
74326
38312
23936
75534
52642
90240
51590
43682
79290
71042
42674
90036
6040
22374
4872
47692
13536
37770
6182
79102
8160
43240
1368
39894
88408
34430
24540
11088
73224
70308
71074
71158
35292
82580
79620
38748
83714
848
26784
86852
89002
69232
3668
13952
16058
14384
43770
74186
59052
38746
29136
47272
75348
10632
10848
3948
65196
97642
74780
36874
588
77634
98040
98058
31868
22346
31094
83686
88636
7296
70366
25850
35570
89212
30326
61584
77490
9040
53108
66628
69434
60706
30680
81934
44592
86614
78476
61754
74024
72014
44082
48874
23978
16170
90036
88572
13534
48634
18150
40312
16502
77064
18972
93202
36026
19482
87832
19894
3896
48150
1416
21706
72858
80774
59756
8150
44046
97384
67548
744
51740
62176
22746
80524
67280
96340
45496
25468
96912
50320
71054
85308
43916
38420
94704
85580
94562
73600
76370
35104
73614
96676
6898
83006
70274
85710
46792
75508
5362
45760
67200
51360
51578
28650
88130
67486
42354
46802
71654
54198
24886
11746
55660
23408
81986
98800
28768
27960
98300
15162
74328
7820
31490
32908
3100
60076
5222
66018
22738
21766
11832
7976
34156
35126
36654
93444
30064
28270
65784
9640
86068
78930
85396
28886
82170
27922
96888
96044
62286
39594
6964
70942
99860
10236
2742
46506
99640
12190
67310
5762
7958
37922
89676
30472
25088
79726
5718
93566
44382
28632
80512
69020
26136
88564
51964
26832
32692
2336
50398
56264
2602
50870
21522
49148
64060
66972
70830
51806
55798
46770
20950
97798
52688
3688
92774
31352
33478
62598
17488
97722
95708
85444
47192
92902
38288
55572
23718
61008
2968
92922
88610
26692
18222
79264
12350
56398
25748
87246
94358
85962
97462
55028
73664
50860
39282
54108
41936
8954
24890
79874
82370
59964
69076
86620
64806
22804
5190
93510
5842
75246
27802
92614
8274
79358
73544
40456
95178
67544
45720
43228
27516
69910
52300
9146
91404
56820
14726
17292
33134
46946
87242
45158
25376
5064
97722
35926
77650
16684
56932
26076
88508
12342
19656
30300
51678
33564
12294
61526
35404
29956
23428
67848
31626
37548
67484
89960
36626
40220
7244
388
17146
94000
59434
91664
66178
17058
86196
34030
66106
25920
53630
62682
26572
13546
86940
57964
95818
88324
45966
6930
72842
46158
23954
71752
69512
53170
46104
70566
18034
21394
90524
8870
13030
16818
71536
8088
46638
92168
99676
38834
49954
8292
84986
85008
25194
43336
59424
70616
67158
39104
62428
46726
86900
55940
77322
20970
59186
80648
38080
22076
48242
40634
79248
10432
72818
10630
25168
2062
65126
89574
15142
96584
14054
43148
21564
63126
42144
65752
16568
44360
19598
47118
68722
58484
48372
65588
23484
54334
97636
95284
50790
11912
55232
16560
23274
48296
42922
41230
41712
43596
52156
50466
38612
804
69464
50974
89272
3934
54842
30348
32510
12724
18538
66452
4004
92820
77118
66644
96778
76964
238
57422
15154
80600
39318
13328
12086
98536
82638
97086
98490
23226
11096
24428
82020
39640
89134
85462
66026
90962
31694
68784
71554
79092
94330
69240
75768
10
18152
83048
62378
94734
77874
57552
34372
48132
14346
6614
69278
51760
7696
29698
6188
22926
90434
50630
82842
19242
48774
69032
25838
98116
82134
51258
40548
67020
92442
12794
81714
3356
59828
91926
37774
86504
35568
3200
3928
54552
32748
2346
6262
23918
79834
36956
26820
24726
18696
342
73878
54184
72250
99798
28414
87138
86794
66772
76214
28418
45012
51264
54716
82072
7154
25056
78362
30010
79008
34254
87862
8504
97476
44212
65652
17892
33268
78284
58736
43356
92560
61088
38988
89362
46640
74430
37322
73100
48508
57536
2876
534
7732
58080
16174
54422
64912
25632
93488
15416
11248
57564
37200
41602
38516
67878
87886
96790
57872
50436
90096
85362
45104
68784
79320
8188
4856
92758
90408
14444
83336
36956
19820
2968
16286
6372
53902
70376
79618
12794
43660
12792
9332
21026
66020
66980
97286
32884
60580
29034
9324
53540
22110
72006
52620
70792
95600
54018
65204
4098
87966
38246
73340
83414
20464
79118
51418
94088
91438
22166
90182
30510
40378
48136
61554
54758
31320
19092
73418
31858
2378
25076
39400
42058
19458
75066
61628
20158
72872
62318
52866
69922
93750
87854
93598
12570
76010
26470
19650
64090
89874
64958
31366
82974
57460
3694
5998
38778
26890
52368
89842
72892
32880
4002
56138
41568
12620
23530
68910
74824
36128
77658
77030
87726
47258
478
30262
86244
16174
41314
74036
99012
21922
40548
21172
15050
96492
10160
66458
50894
88382
58242
47198
44764
63242
20636
36468
86232
98372
45580
21758
35566
52946
28024
69298
90792
11874
33592
22890
61892
18754
51270
71946
20634
74568
334
16462
80806
43598
23082
30360
6522
56090
46492
38386
13562
24884
61664
44110
57944
67442
11100
40078
64358
22204
84948
75820
60776
76788
6790
32276
62630
14076
83526
76088
91328
32654
16388
67654
24040
82028
8238
94668
472
28318
58834
42056
97766
83262
13438
89530
51320
40594
50924
31674
69186
49574
80712
27644
41836
30916
60582
26578
23564
40302
28802
61670
96094
94108
1748
73378
85792
15072
65132
19470
29252
71928
36504
13792
23300
92376
81058
29702
75320
66804
23196
99746
54856
51464
77902
27960
85936
83916
23656
48296
45160
35126
36052
14788
62588
6086
71564
752
64424
35354
14362
39946
13670
52498
31064
91972
49602
66392
47336
82256
55132
32996
13664
71910
39784
89992
85198
50284
44594
53636
58672
58594
88572
16366
26776
17746
1782
30966
3794
70904
53608
76628
66826
17130
6872
66204
69044
44928
77412
55832
77766
62916
86918
70416
10092
59150
93564
94004
27274
30444
55074
49432
80770
81886
32664
51836
87936
44404
44326
86372
39440
37360
29030
12332
68494
10804
93926
43346
63996
52602
17822
65048
5874
92330
8604
10758
86168
64406
89676
70614
83602
43916
10120
91052
80626
10206
71070
4368
7510
46478
53606
84298
5814
41402
17636
69134
47276
44460
20830
15774
56730
6784
59926
93624
75684
80756
51512
21946
21950
86254
75576
97972
49714
92416
80798
79154
30472
25572
91026
53490
57052
24542
27708
71548
76028
35580
93510
44596
69878
63560
5684
69318
99364
85044
42398
97126
29012
59342
12106
45278
35398
22912
63728
55522
50240
76940
61202
77152
27308
66652
6280
68448
54446
20342
23000
56522
6682
41872
13350
65106
34822
67932
53640
89802
81906
95440
62562
492
50224
35712
84692
12620
1612
85252
87938
52080
37070
97938
40756
96030
43246
55274
22752
34888
73996
30446
15264
35374
33274
26052
45580
25736
30398
76790
4714
59872
99128
68712
8144
8996
94810
6558
44532
9642
31094
79212
80272
39758
21520
31902
54340
11334
5846
67268
90160
22670
43976
79680
89620
79668
44316
82320
76474
89470
70142
74786
62188
36428
83860
40558
88464
30574
53848
36268
35212
13904
49062
59040
32052
67638
75076
35372
79594
8356
88204
10758
49668
8786
79550
53846
1580
21038
45202
2852
39216
20144
87162
11744
44614
44980
45952
20170
34090
78942
12002
14762
24778
47148
96926
63244
58370
90126
68772
29044
30696
948
87430
78944
74424
41794
23580
52540
72122
71194
72372
4204
36
80826
6076
8810
78622
8454
64710
92528
59864
15912
23776
65120
13542
45984
73378
39364
76548
75030
73652
1688
49554
822
1418
82796
41130
73108
82714
26966
28380
29046
70000
9710
78642
88194
71900
49182
23980
38032
1014
68356
50046
20262
65174
65926
9260
37058
16360
7928
35718
89444
38830
88352
87698
90566
32022
14160
24032
99618
8142
81432
94648
676
54984
24202
87538
53118
64864
69344
66984
79278
40204
66960
39438
28556
24712
12026
55936
48606
1766
35710
69746
78980
37448
93818
27436
55442
10128
88992
30512
27136
74100
9700
43148
73946
67544
24558
24322
87238
2370
97216
49038
45622
3058
19508
81282
38482
89910
26248
85852
77400
55662
40248
1694
30070
97138
87426
24616
91204
45760
71296
43092
94250
91872
56830
21014
53992
77396
17410
42342
74786
88528
28078
44328
37698
56162
84708
30406
70296
20764
94584
58832
53184
53152
43570
13440
62398
47434
74464
48420
70586
34514
74320
99976
27280
75888
76218
45806
93110
1410
53244
6238
84966
36842
68420
26128
29824
32800
91132
11752
91536
80558
93588
37426
70154
39150
10268
99076
72080
1806
93104
91740
53270
562
14162
26020
77826
13002
9848
39608
1078
51148
40706
87484
56072
4174
90932
57042
20130
7346
63626
88158
75662
14674
23544
99666
23380
89174
74894
3112
41772
88374
27916
418
34112
7542
65784
23362
84016
69274
19972
18482
27598
77822
88728
7862
41094
40302
63568
87518
41044
35008
53994
37628
51446
38194
60508
55916
7370
77568
41858
3264
5546
8104
67228
53236
44988
9726
97060
12146
63876
32274
26520
94146
29136
8394
9810
72114
61108
3544
77416
90316
96196
25318
28938
40552
4386
17214
9656
38612
33190
81104
12448
98744
72686
20364
99518
59506
63646
99016
6128
68052
36594
83584
35816
62384
14114
12462
21220
60100
36824
33850
96496
85180
29386
35392
99766
19748
68638
78022
31456
23266
76782
93256
39786
25692
52580
8840
54594
32266
11436
12896
4258
44536
26716
29540
85684
81940
14954
17450
14192
88974
90088
6580
43082
12092
15326
29928
90776
44750
4686
22672
60146
16828
43722
87716
42756
12366
4500
80172
28832
92180
42424
27078
86228
12934
70504
80360
84214
17532
2044
69304
50292
34654
91242
47908
75754
46260
55506
63106
56880
64364
48932
19010
96142
8038
32754
97846
82940
70604
70518
36542
64940
47892
17542
83942
89366
52770
29996
75906
29592
8048
92830
47674
41702
42646
13620
22190
32406
19242
41598
91652
78380
11534
24784
12372
0
71100
40350
76356
73268
53428
70366
61664
96466
55040
85278
33146
94258
86092
27042
97582
73002
51636
2752
43556
58040
99254
77114
33788
92126
63938
27310
99676
67760
91618
78688
77508
34378
31610
26052
32086
82446
27394
96764
84062
18736
56022
14210
30676
15016
22416
42234
6052
66104
47206
52366
26470
65684
74946
37656
23196
14454
70454
39248
90366
11104
50068
78610
93964
64982
16488
32176
59926
89958
45548
23182
67532
82528
75936
94824
59514
60984
89084
45178
5352
15018
57256
14390
81260
7448
74460
77426
45028
80282
11792
93200
8632
74372
88266
49338
16570
31062
14956
41374
8574
2376
47952
6848
65192
71698
902
40028
15930
48704
66796
33878
89142
70896
28122
33906
74556
8720
66596
71756
62496
44764
71270
88318
24876
18836
13518
22280
94454
78708
48030
16096
94216
55542
71954
95042
40086
13812
80706
71764
26078
26856
25738
72478
71998
99196
12448
79292
17392
62180
97966
15458
30464
52486
42800
18744
87676
6104
63666
3566
56156
75390
50680
57404
48540
44422
96546
19666
73266
12164
33240
92172
62410
52134
50454
50252
11412
62262
9936
86346
72292
23402
28530
9662
89436
51234
59590
65276
22426
63012
30344
75454
440
3988
4784
51142
43954
12578
28834
45410
90720
65216
90478
21642
97050
31504
69090
40268
22972
39362
91718
82604
80854
20860
8286
29214
79552
32692
47436
80666
31972
62954
32580
5846
23508
70026
57536
37596
14588
76278
63660
44308
59628
84098
19526
2224
79268
63860
51960
28960
16018
46934
7954
87912
8228
91212
5484
71250
92376
34820
90170
13868
16232
80192
87762
76806
5838
88846
29162
75486
80084
35916
87246
34360
49610
7890
15618
52320
48614
73406
43758
80332
17524
53764
36000
43454
43222
57686
48876
87020
33538
73878
87370
62274
74066
54998
56394
65272
5540
37290
83664
81764
22032
31168
11428
89140
77094
5594
64732
86146
79742
79790
16490
64356
40150
89226
39294
24262
68694
2260
2988
68334
87466
69690
91444
66676
87206
24208
74480
15390
48788
14190
87848
84912
1218
9266
8734
39450
87936
62602
54190
31184
4892
40006
49302
48092
83046
63812
20126
2952
69150
92434
72754
45482
46046
2038
88682
55988
70650
53562
37936
44282
34554
83212
89902
7326
12686
48602
38082
17260
63782
99806
75370
67960
10556
73920
15742
79630
28820
7308
97124
20772
78582
83838
71248
13900
32866
82340
61896
95392
3152
35274
26716
21010
33310
28240
47336
43938
1316
26172
74910
23666
56504
82186
99324
84594
81250
90798
24014
69454
20706
19788
33180
15846
70196
36406
94790
23552
28806
39438
40700
37590
53698
99928
85654
63196
41294
58376
83854
27602
43014
14760
43426
91656
95182
74418
61674
76044
59000
34726
62794
99586
55050
98712
90274
48808
19816
18732
66346
67916
72510
47808
12182
97532
51456
99464
20016
32476
898
11802
16102
93392
73344
5640
45530
56972
3328
76604
86362
77604
19242
56250
99258
21376
93134
6176
75814
73672
58628
36176
92190
55590
80012
84390
73300
77388
30680
37388
45464
97872
56172
6174
88684
8346
98430
15200
77402
40488
25360
87622
25996
94882
17806
18502
90084
72906
56940
76982
10200
62558
64028
52972
59342
93134
64248
83720
48332
52384
74994
89996
13094
26716
25642
18738
88186
5352
8460
95624
55596
9904
30066
61008
87436
2970
31792
53472
20626
75248
20094
9920
13258
77136
88362
37370
53402
9452
59044
46946
82868
38068
57060
56052
90732
74418
79802
8282
2578
60100
90044
84640
50814
9824
27902
82082
18260
40648
3734
82350
92022
43602
38248
72060
57044
99258
71104
91784
27718
10014
61956
5880
58870
50828
77116
17762
8046
99326
16902
70390
42748
30314
25016
20796
83056
20684
28694
39340
83714
59296
6966
50086
54002
28764
97112
43208
47962
3320
35260
38230
7174
19630
38470
51768
46176
27510
88000
19152
44004
87216
42596
62566
84008
92848
62738
90084
70106
36384
48442
3246
50192
64810
4154
86876
11460
90592
40032
24536
2894
12348
4716
91820
96900
97518
3558
24058
98172
73874
69256
36516
71028
45458
87948
26146
14404
1158
58758
34910
89838
51106
36580
43788
97668
47548
91130
71612
60262
60970
938
38278
31730
28164
85282
33894
99594
59570
44226
88304
64514
93234
53222
23812
41806
32884
7776
78112
31350
74958
91988
92516
19952
84868
32008
21212
29162
40834
11982
40734
12398
14896
45800
35604
39720
5362
87396
79320
40434
20970
96948
50724
18726
53156
61262
63750
47454
3702
40462
42954
52952
70960
38206
44348
95664
11462
37970
44852
38286
37898
8790
11076
71834
65156
11890
53314
85846
10762
32164
90786
95482
11632
43962
13650
54514
53788
85836
74860
2762
83620
53532
86750
34924
70810
11966
93938
71684
73232
36172
92924
4696
17724
34662
91440
70442
73328
75868
45880
126
91826
4154
73096
1544
75738
36956
78082
8224
86620
36180
49616
48270
53500
67596
23184
20316
92450
73876
53180
15226
53362
28940
69270
45450
99550
37114
60278
63656
91526
79260
79870
61144
66550
51804
28486
85178
11456
72782
29484
3068
588
50642
63378
60920
31220
14980
63234
82782
28916
71732
55480
72288
93274
45618
42128
74722
7246
98602
44378
38234
88276
32014
41116
80482
69944
49928
20240
86604
35428
50742
686
26840
10522
81752
6128
62488
56450
73078
33658
90632
49730
19018
93206
85680
25120
28000
86704
76206
43648
83684
41922
88658
42526
37804
95930
98966
28042
98436
28880
9764
72696
34996
55262
85122
15978
14146
73602
9924
50870
46814
19506
42510
93330
39566
20830
54650
75340
16792
44642
56550
46544
89394
4312
7980
72548
21132
4326
14488
63386
49908
28536
99356
60656
69310
64294
8058
7768
79834
41186
69548
81086
75220
622
6914
72206
67438
55972
69336
26984
42436
8256
70472
13604
26580
82486
9732
93858
83456
18084
66256
88008
61476
13524
84078
74006
39618
72850
41332
35810
12242
50790
76372
44288
59878
98500
9986
63126
64768
3842
2524
86560
28212
69604
13696
87750
16528
98836
49102
86148
1148
85512
22708
23712
63052
34002
92976
57548
85244
81628
36552
26170
76964
10488
71572
79844
76436
37052
83596
49594
60380
6200
98510
89276
29472
95576
52598
16408
72184
70018
35302
90566
85436
44990
99552
29478
80690
39352
41950
45272
37930
54084
63010
34300
48116
51106
86258
23636
16098
57730
89170
54050
42372
93826
24768
88254
80768
88470
95092
57176
81622
73258
20408
17958
96188
12426
10242
3674
9710
94458
29460
38960
87118
42314
75678
34378
27194
2554
53760
72440
25814
46166
65888
41122
47738
54132
70156
91382
76072
99034
48146
72772
97202
22642
31018
9704
81420
64706
66084
10988
4626
51336
29056
92766
39248
29214
12130
75626
77350
3436
9586
15368
21262
89204
95414
36838
97742
26818
23024
23814
38300
39630
35368
14674
55248
42570
78092
41210
6742
40838
32374
32260
4288
45724
40532
26332
17404
23730
58868
60322
25740
50336
92604
99520
77118
81554
17788
67312
20652
4
88490
43700
4844
59118
63716
37340
18724
7958
17544
99896
44566
12354
97464
28392
232
17762
54760
18946
79734
90500
26350
13608
26322
7734
1878
51476
29078
40376
96534
33400
40526
87054
5904
21316
6738
76684
26970
76710
15380
5022
25448
50378
67524
45046
30790
95076
76068
10268
30350
80084
68930
32536
29042
56194
55872
82298
39280
82000
81690
57394
30346
3054
90854
52618
6774
81886
9334
4594
77762
63080
24196
61754
66764
45078
63872
90500
62360
34780
53572
720
36766
2774
30700
66132
52718
16718
5328
11086
18686
7674
32938
53176
32972
54032
15004
19368
69250
65568
42958
58314
17070
28636
47388
22002
61176
30586
86788
11934
51708
89094
18160
96884
93152
70500
16194
7914
29908
11560
66584
54524
77084
19364
81748
46766
69386
36004
43206
44990
94234
70588
74398
46580
81074
89144
43004
8206
14502
76710
56222
19998
31560
54388
78764
49116
73812
53310
53422
73850
45044
24820
17212
32658
30122
92886
49648
65350
40044
30822
50740
96060
32036
97772
82326
39440
14224
77204
67390
90982
64546
34202
71404
19502
31702
10958
80132
56334
58464
7402
95260
42120
2052
62146
67446
63364
15814
87942
24224
50754
45324
77076
32004
89628
52948
95792
15918
79558
91380
70244
53114
86750
9692
48748
70236
37246
66704
14876
46190
73526
44790
8820
23158
97128
30158
40418
29956
61966
2364
21602
67334
36312
34326
21166
52424
44400
43120
76246
76596
29204
11410
24174
96880
8734
68366
22152
60682
85014
66266
89316
95440
54328
698
28064
66044
92024
76758
19828
17056
74460
98224
29888
94374
38796
70734
99828
85852
32898
76590
89272
46746
43178
52858
77350
12146
43466
68496
10114
68916
1056
56566
80998
19222
32822
3146
49960
36768
52040
59876
54150
24356
32268
32816
91778
16576
72728
20872
10452
88388
37796
97718
7472
41148
91858
868
67384
90400
37866
99458
33954
72094
44972
84920
20604
19248
1790
21154
22168
58058
60772
63428
34102
14524
66584
81290
95486
81214
54050
11182
2918
89396
97546
61842
75034
8744
71018
22344
80504
23932
16288
66438
25040
35426
29680
67416
21274
20702
94814
43408
7024
96714
81298
63932
86654
98862
56686
98948
59762
73832
72824
66872
39686
30500
56428
48134
46540
90336
2154
81846
74368
53764
13808
68754
80562
8828
70342
81998
22030
56116
80642
73606
2240
83106
7386
67282
4542
76912
70038
40962
76806
75814
98322
5406
24288
45676
80090
72316
71854
41166
23704
83102
77886
9158
51412
97358
44744
94360
1306
58540
33346
90068
97488
58558
85996
45702
89800
18108
28564
65368
25710
35002
7954
2422
9384
47482
40320
35762
93226
66362
60174
42182
1270
8710
93990
50942
88634
35684
7680
97816
38730
36540
41222
89848
51572
21450
45810
29712
53676
34180
83102
18620
30718
6638
98786
13340
93540
66908
75576
16788
35790
82538
87246
40416
70890
88624
47230
29168
69812
94576
94550
48740
89398
84230
43650
28756
50794
66066
75712
27008
37112
88492
52058
79554
83114
81994
58672
68430
55778
42932
27374
14598
56088
91896
53910
20308
32852
97122
50178
80418
38442
47700
43388
8910
48058
2034
7966
42214
61768
89484
77566
3618
55838
30128
37558
80034
75784
85278
88748
57972
76934
82854
744
32428
98872
7524
99720
58762
83972
99552
62334
8486
95252
29996
354
80918
68932
99560
61652
67856
78464
30614
48452
84796
72818
75002
18996
9274
16466
73266
33266
96654
66392
54324
77076
86404
34024
84894
39494
35788
63262
33366
5392
5978
51912
63760
94748
48844
53374
14022
48710
13122
26864
85880
43662
2414
13446
94594
54250
93282
58336
38078
62622
43090
8972
19626
64000
40356
42114
87194
29642
7910
49812
75352
44128
82784
596
38974
67578
93166
54270
17802
46052
54216
23120
20852
91736
33738
17690
10452
46778
64784
52060
59104
8868
96854
56
46954
12274
44270
95676
31246
68732
49814
93640
81606
45174
99494
8876
38930
61842
43904
19120
72018
30784
27574
42780
79918
56026
45950
67048
77052
92102
1778
27846
4550
33808
77670
83074
52664
38470
98304
96236
82882
48900
15884
76868
69702
96064
52998
90792
35234
30394
56990
96706
30122
57974
61710
70386
35024
14008
29992
61116
62010
79266
74602
1492
59872
73192
92576
74868
52438
80122
7050
3496
80236
11246
3088
70806
77146
83020
90280
94864
14858
35606
20598
62842
93184
42356
93568
65308
84910
35690
81278
40536
39776
77438
61020
10322
70092
9090
1364
30666
75482
31560
44736
32396
5274
3274
29600
37302
70452
84078
60050
17530
70520
98448
99616
80520
72042
73668
968
4646
58828
97016
63280
27952
3496
40340
22328
5172
50348
9848
79844
74446
43744
45208
14056
81906
59290
8730
922
72760
94420
69708
40838
38582
25074
59434
62050
13370
34678
46656
14164
67876
67066
34462
39856
63410
53738
39882
31220
22008
26994
40686
71972
10020
96274
37796
31260
55562
78250
72202
82294
17912
36524
57962
94852
50196
42322
26138
50286
97154
28748
13582
9782
1906
50328
8258
10984
30038
98446
1988
81082
14216
53242
3226
92764
88684
56958
92714
47384
88424
2384
31136
58570
78352
19760
16020
97598
55122
89010
8438
29910
50136
94050
21722
25972
55440
95966
35724
47724
27734
20682
89384
38118
19468
53744
22214
61840
82942
88988
42644
15024
37978
45948
52110
52170
27694
32028
14136
33178
93756
82400
78372
36068
17744
3058
80190
66944
33842
89446
58016
51322
34818
67240
77454
45624
47972
53352
57732
44836
21838
53036
33422
62888
1348
96402
24170
43400
55746
7608
71448
65770
77380
26966
50560
13830
60946
13528
55794
45510
49564
85416
92692
60498
51000
56126
57222
42758
17192
67086
42620
3336
32710
47376
46416
77864
30604
50652
74574
31746
43790
67624
83178
79056
99702
96732
72558
92378
6370
18626
81284
51798
56292
19004
70772
95506
12766
53334
71884
9628
40630
74836
26498
48776
55826
65022
7316
2956
59974
78896
30914
11036
18560
69076
72478
37428
44350
25718
97736
6884
72340
39004
91698
24480
11668
70144
99728
70058
65664
71308
23536
9376
84708
25784
83358
22946
76324
67924
6166
84954
31842
35248
16084
72654
37952
22786
68956
26166
53724
27462
32882
74258
75534
40784
26900
48876
72164
50118
87706
23322
12550
79568
61288
63914
83096
97686
42090
69346
66360
1754
34584
92068
39150
67214
29344
88364
26348
23076
26920
11312
23250
14324
28060
57444
39174
58880
48114
84782
99942
7458
25210
8370
33838
88422
52876
33408
26740
66062
88414
62718
95586
1954
67038
16660
12614
25600
88582
63122
20224
70874
16068
69864
21876
63678
9762
46444
69022
37238
82974
710
11616
73448
26676
35464
14410
80714
98402
43506
222
80388
7348
5766
92676
51102
52990
89386
3888
68774
62266
78168
91042
18150
95592
54928
60762
42032
77372
85352
94390
25630
21918
37884
80104
61292
11684
9634
55236
20112
42516
96484
38510
61054
6794
85748
1002
57624
48672
64798
13812
23108
64468
97822
70302
53128
40272
10520
67458
41620
84612
45178
48798
22220
10508
97046
86340
22044
13484
51628
52414
99622
84652
77214
66596
87388
54438
97624
17212
34044
99144
85130
63208
73430
71984
1066
21694
16200
87578
96202
86750
86578
47752
50194
11864
81720
1218
24082
13678
48040
75358
92518
32114
50052
40020
20146
33062
99302
25072
54206
79178
22000
3882
40928
45396
51590
32016
76588
63254
35188
68098
51476
84726
28768
99082
23060
31552
90126
46544
44216
16080
92438
40110
67910
21926
89444
8974
8672
18502
90418
55582
38782
56032
84848
91984
71008
98254
41678
16120
62934
5966
90562
21288
92890
36192
57064
34570
7016
55692
15322
22132
72554
35042
20716
40280
74308
34560
13260
91208
67674
81800
71000
12624
6862
7362
84570
88294
74094
48322
15528
89696
89758
33616
87088
7460
35846
1470
84794
7330
18898
70782
14798
27010
92250
16904
25546
34806
51668
17872
49168
10470
42814
33132
60164
44154
77686
27446
15260
37736
74396
82450
61870
56792
74010
35264
54040
58936
3028
87054
73006
18522
64048
82978
94344
30360
9064
28748
71724
60366
96598
16096
70568
46594
93116
39856
88892
87678
27242
11244
99326
38680
32452
28404
93806
85502
7700
22978
97548
18384
61744
12610
27128
12498
57782
16948
14282
97012
91480
59636
3288
56388
4220
42928
41374
3852
29124
21872
71368
53494
38182
92484
9888
88438
2348
94460
34132
10834
77022
49576
62360
4026
95388
87866
68378
31592
55488
58540
52776
20276
97188
55578
40082
59332
6314
66974
94114
8418
6730
65572
39426
11770
43164
834
6370
32796
85916
36810
72442
9610
33558
13342
53738
38670
62308
10446
66144
22690
33656
69226
32420
20750
16644
32292
95476
8606
25208
74664
94172
18152
26290
40912
87300
51034
27756
33950
5202
91688
54384
1026
65534
24214
34678
49454
24598
51922
43696
68280
19366
87114
69406
56142
61348
43544
99836
85592
65622
72304
65960
87436
24758
53126
81414
46112
38028
88196
99898
19340
2010
9088
14136
12518
35536
17232
80992
31128
88514
19232
45042
71390
65176
62004
13714
77484
71084
9174
26182
83024
76014
13098
6324
2110
1116
62448
36040
4834
70104
16782
48332
22774
67656
57072
22778
79094
86706
32692
64098
57664
87740
68244
49976
62080
57926
58916
67796
22916
95556
28094
89976
81666
40180
11526
86678
23204
24670
25558
75294
26106
32952
34000
18020
97124
52172
31608
12512
96796
47160
68380
58992
1920
72744
46972
68630
34960
84016
72048
40662
46834
14374
91050
60920
31788
71808
90036
62618
65264
13792
98548
25772
48502
16596
54772
4010
57336
26844
71716
92142
53576
46440
26484
36514
8114
4334
69254
7864
93634
59694
9870
51934
30124
47384
86640
50990
1406
73770
61678
90514
1440
87638
59698
67206
7544
32886
93090
18304
18742
22358
12164
43758
28146
46262
93130
22930
65480
23898
39700
32078
42858
53742
81996
27162
86060
33218
41712
78598
47782
79322
89188
22762
75908
16352
92918
76068
19414
95794
22514
77644
95994
92318
50200
37034
32438
36140
96346
58940
4398
84546
96392
4218
29894
79896
58416
97450
14874
96278
12818
29214
69512
9584
6348
42302
9550
95466
84842
32536
14056
23052
33358
4564
5720
27268
59702
24374
57034
76642
74
13242
29706
47612
3502
43160
54674
29334
44740
41148
25212
71302
17022
72186
55754
63956
10616
87774
1714
33398
41282
50806
10460
79884
11892
17560
1340
45494
21514
96888
83120
23648
46454
98252
40282
75266
72064
642
41646
15266
84474
14792
44852
28866
50256
33760
49200
37262
34488
76480
12400
42020
82786
6066
44014
28736
74306
87538
41484
31344
92112
37880
8376
67246
30574
76800
35432
49638
48796
18122
55616
11290
46130
18934
55636
93480
57818
67630
24856
40330
40522
30396
7282
41830
30870
64064
55948
26416
34420
20434
57350
9094
63996
16894
31280
48292
210
13240
99946
89536
81390
88962
4358
92898
57094
7886
31558
22790
9934
23790
44828
32008
58586
8798
8538
40090
18860
28794
12410
26516
10258
13964
90222
97228
26644
50954
23558
16174
66472
87384
28392
24640
46918
91654
55150
86026
96294
32102
42120
81328
53048
91606
35636
73976
14126
37702
74244
5702
20810
20184
81468
87078
96472
72240
78332
50072
43454
69050
7116
27230
14882
51784
77400
76602
40218
77556
47858
50806
68018
74056
20052
40776
57938
74378
26502
25516
5508
93852
41646
6908
9260
39316
34288
3168
51642
306
92504
84678
3054
77268
59296
40212
91782
42076
67684
58030
72124
59398
89606
6986
9174
33758
15952
21034
59328
60190
16736
40236
84712
72362
10346
88204
53900
58816
8916
33284
60022
56428
88294
31538
4076
3496
44928
51714
56374
89580
7156
27834
27574
12652
70002
27948
16574
79706
35466
43924
57138
36950
62730
98598
6580
48668
33288
45256
22952
85400
59364
97898
2596
74398
278
68880
9322
23272
95480
75792
11892
70486
84154
65514
25482
17040
90292
73238
62686
90142
88892
47798
11710
94252
97068
22402
34566
85238
73774
86730
37576
92002
256
73272
5882
44108
71434
43432
65872
13184
12778
19022
21302
70792
48078
68782
83782
32646
27840
66988
89598
64016
30464
75218
37170
78490
34554
62664
87130
20748
91406
29580
15822
62646
90204
35272
19150
57332
1014
10936
65144
34380
4678
30114
57842
54640
59312
72672
4462
80410
3148
3402
21698
30404
44994
24808
6510
8928
90718
60850
40026
64872
54890
66434
38932
72490
4664
48564
39144
95410
58832
27558
42954
60758
61902
28386
96338
99188
69764
39044
55962
74696
71940
63166
81636
22486
31594
49298
30250
63182
94946
34414
47058
23364
2706
98656
63826
8798
49496
5456
52232
71384
95274
85934
9278
39362
10058
65114
130
8694
98890
74622
34868
9496
12846
41342
15006
14676
40076
12860
52992
42616
48652
79538
70456
80640
9190
60146
36142
2896
77920
4112
56390
60744
43674
36104
20922
59118
81882
43898
98538
54306
90268
65266
61314
9334
70700
9058
79194
16598
83236
58296
99768
88880
27926
63302
52736
22212
44638
24086
62624
70876
77362
59816
27532
69054
84586
660
70018
69012
12626
14226
13570
59060
72282
73244
61050
37442
87666
21972
78464
22380
19740
23406
92976
16824
39790
60064
35078
10138
66088
43874
66002
22528
27006
9360
21310
95994
39600
15926
80012
88842
42594
41412
42504
13232
71286
51084
18790
46666
42656
12226
12712
21230
10704
53442
6620
85774
87934
48502
74738
32680
47136
26692
33670
5722
98858
37524
11798
64960
85836
43738
40812
192
17654
674
35824
78784
68388
78004
43446
92024
10112
78902
74618
26022
76102
33290
81422
21504
88488
4478
62866
40818
91518
97308
51450
54722
37070
69540
5154
49496
66658
30792
1442
84386
87474
95408
20730
53250
32420
31874
24742
29416
92090
94384
16702
95930
85520
28132
23398
35806
86126
71206
2338
91786
11830
98130
41050
18500
3216
14664
82212
5240
88718
12000
81918
71430
1298
96186
77022
18528
92158
42240
90048
42660
11354
44248
8782
97592
52374
81786
94952
28376
43622
15878
48278
30266
45628
30760
72448
33350
92180
32796
64578
1358
32744
35896
72004
50792
48030
39166
61160
28344
65072
9680
29306
91934
81068
26904
44202
93778
86074
56822
72696
68386
76594
82358
26770
24870
24350
33656
84360
73808
40076
27352
35304
7934
33164
26008
86390
67696
20170
36828
45774
16966
31500
44852
98754
67924
66052
618
49468
40318
99494
92092
66112
39254
42436
11414
97488
13920
89028
16990
61382
2332
50422
16304
3266
16722
74218
60184
52010
42978
74022
8672
89088
83202
91750
49612
75166
69106
67302
72504
55202
89300
24480
92574
57636
99784
87860
6808
86678
13898
67934
41862
28230
30162
27360
24100
53774
13660
50614
98214
64158
27390
52840
34370
11224
63778
64092
10376
40052
68450
28384
98380
85228
3484
20482
60132
68944
61790
64700
98344
23042
26296
19492
52740
87698
35118
38802
99670
16942
91020
78590
92354
47098
30360
89898
75322
75026
83888
74834
23790
46604
1838
13824
38636
44470
35628
25302
20474
38182
18226
40232
52072
8638
92332
34802
71808
81958
25302
44122
49006
24906
59690
61744
15292
22780
17982
4784
94376
2180
77358
26830
66268
58148
64890
4422
2346
53690
95718
26056
39706
18646
84304
2700
49430
47766
6036
47074
95010
99056
53804
42914
83336
21646
39354
57782
79912
99340
16538
74212
1756
50468
90900
51966
82388
25984
66416
84208
75754
31544
22092
15972
36860
74986
35522
90356
83438
58430
75238
43102
64796
38608
38968
14868
33078
19644
42436
19908
24242
3254
55118
79000
13366
5770
49854
74196
97614
18474
14200
77176
60802
29944
13358
29766
19490
43320
97006
70246
79636
43034
92736
21944
73068
64764
55620
99516
18840
90894
91562
36948
34720
7778
75876
62882
46578
67728
81410
56256
74284
59024
90618
34346
41118
85254
77526
88954
65916
8122
17134
84918
76658
48940
7398
52746
40770
67664
45970
21314
94514
45064
77772
26158
44308
26122
41692
17772
61852
21962
36364
48876
48678
48078
12602
91246
90370
37250
98666
73686
99398
532
28418
32060
88698
41160
26848
43538
1330
34596
4628
37260
92064
52876
57354
18310
48450
9262
81530
94696
23490
81540
53900
86006
22404
36860
57528
98176
98508
4548
44974
98008
65372
11042
2026
53120
81232
24254
79970
20750
2478
5492
65502
78906
40240
15236
71872
91600
48608
98810
86338
9776
13538
88242
75724
96734
14930
72760
94302
93642
40144
92564
83344
95538
50034
17216
80758
9920
20406
82660
94404
39654
16794
38112
26364
31040
7490
38660
93278
80820
37038
65088
63670
42872
39558
25198
93106
62340
45944
15288
7408
87044
41832
17240
6242
7658
21074
20154
78054
84984
26304
91152
81818
278
42022
52788
98038
1424
96862
67792
5726
32294
74324
9684
17196
53272
62326
8778
34036
17980
14174
77796
23752
62928
11272
93018
6782
6912
6734
85250
22896
6344
18168
98046
49818
10904
49656
37418
85908
16176
73350
8924
33620
50920
84432
86150
64614
12950
30590
71224
93452
27096
61224
81364
94472
58178
39026
40780
90992
21280
45772
82830
66352
64318
9642
8660
23716
42510
12788
88250
85340
14984
98808
82460
24990
39952
91610
41186
1486
62482
13226
240
7142
62930
87452
45250
35338
98024
48884
83558
1380
63738
96232
69522
49128
37732
39234
36454
59908
48982
29194
84744
80928
45142
69210
71650
45036
77800
53230
97094
65030
85620
75770
30530
59348
67660
18402
48026
97192
89788
11018
91186
54534
25514
14100
44016
98908
68680
25080
20826
13666
49076
38920
75332
57014
53382
34040
17744
48452
86676
79470
37272
47288
49226
87512
34892
20668
90844
5086
70526
74088
24484
85588
63066
61028
82780
83284
51210
57750
82822
38446
21066
21828
61618
6486
2672
34964
77994
11918
5892
66328
25842
8758
66294
56110
75300
90306
79158
57912
65664
25898
13326
98048
32688
10832
52506
92628
21370
68164
73528
8336
55370
5134
85738
41128
42630
29912
56874
19744
92144
70878
24260
13592
94270
71240
2890
13924
91074
78316
46384
85024
61110
86218
68492
63856
86596
50276
50358
38294
89210
49780
44378
12154
58582
77784
32436
22364
83608
51468
82664
30868
1878
65606
97666
3428
40014
20172
93468
13216
55588
75046
55414
44090
61244
35144
9864
49338
65618
61172
38394
45960
57152
19042
15240
93656
30044
20848
59212
55604
16116
93006
29624
7100
63044
13946
1314
46866
872
91074
11656
29650
77770
37772
30778
12576
68194
67040
7890
50138
68388
40820
12582
48370
59462
84262
79398
90820
69566
6090
2192
26258
89530
89022
10426
15356
31562
90878
36608
70760
25128
9882
23544
25996
4630
75650
68050
51176
73812
66928
77352
61946
73320
29930
41024
4722
57466
72212
41106
73860
8978
55136
25546
45384
86572
92614
94060
25016
31094
70960
16792
73848
34926
72410
82408
27280
77692
48662
87426
74394
91652
95474
45538
4644
65368
560
3412
62972
99418
59496
72914
66378
46008
90726
10606
20234
14760
21658
42558
93912
40260
46630
78
9646
79678
24948
83178
15116
98932
14820
45382
90978
69150
48208
83784
23646
75530
59502
95288
80860
48450
88270
10514
40912
33488
704
63374
13482
98892
68480
92422
32436
70682
81888
13180
23168
26728
82408
20942
52696
97202
93426
42252
14716
51122
77288
63002
44224
49110
87382
2318
7740
91996
17802
68112
23846
69996
63502
87828
91728
48182
30140
57652
44750
91320
26912
58156
32872
73994
36306
65474
23584
32282
22350
46096
47064
73246
14624
67492
98428
3666
49098
71094
21918
28106
95406
56948
7356
76464
44778
51744
62946
82016
40136
75358
60144
60700
16694
34300
94196
36388
41630
75010
27716
99212
84074
43078
10700
84450
1902
32218
80524
40388
25910
37108
30926
86810
34516
37414
19952
89226
38000
65056
87006
35280
39146
64960
61718
47838
45454
70622
58796
86728
36662
1152
8746
51364
16936
40686
98078
60486
48768
80030
33924
96870
24836
94660
38284
37616
66442
4560
72954
53182
3694
15268
15916
15384
24634
83298
8856
43228
23922
498
22514
28826
99130
31122
4826
39440
32352
6718
57714
17738
61252
88380
41312
70250
70072
78434
55242
62242
82516
44106
89268
61522
68524
98396
25570
34972
82804
96164
7844
51708
86040
50952
16830
80912
1698
97448
39190
4250
72038
99162
56720
20070
87846
97018
32600
95928
73010
41624
28332
25176
79138
4376
84810
30456
38306
86906
27030
43804
11940
90032
67500
22144
94058
31744
75104
79728
64926
39844
11844
58024
76870
49782
75944
24680
90334
37876
26754
95284
79872
74386
96550
26222
18438
59446
54284
23310
40916
24546
46784
11294
59710
10196
42056
14474
89716
62318
65478
42194
85268
39002
48466
72664
72408
43852
82242
48090
58532
43280
5188
36818
16940
14082
24664
78186
18182
65112
89636
54030
71130
94524
74102
41790
67804
5498
39524
51842
85420
75064
2852
43126
5008
90016
93884
80026
91498
44708
28366
39986
84030
26424
5866
54270
43108
88058
5296
22652
4584
57938
92136
64958
9730
30698
95408
6732
39416
35408
49922
18598
30886
98294
55602
36420
21160
86422
50018
67034
31582
69512
85134
42514
97590
92846
38454
89874
99190
66478
49532
11248
38604
49794
96710
5052
20056
73604
18154
57284
13546
61188
40578
6578
89340
10160
91166
46554
31478
21272
85142
48158
50222
55144
16514
4310
34982
34208
2006
38424
66008
22576
76080
69474
6070
58004
81262
65770
92288
66388
57884
8938
64204
760
62618
89082
20954
50402
96486
5642
21842
60266
99358
80348
83882
1556
21792
21126
49826
69092
27346
79792
3896
67216
40828
86790
76066
20400
25112
90594
94758
23186
10772
99244
30340
23636
4776
52900
98990
38188
25030
28682
91510
24584
29980
35096
75680
10946
36738
80666
71734
20764
63624
9756
34116
35286
62706
54338
71018
14230
84560
49846
1396
25460
75074
92852
790
49664
32934
58036
25632
49450
7444
53340
45342
60300
15978
51708
85314
35990
44284
54906
23116
65518
85170
174
47450
70746
47304
89028
44386
93248
26732
75782
67428
82196
3642
14204
80138
49302
18626
52132
12776
66610
25084
9352
57068
87652
32402
8428
86768
63824
98232
77970
2712
49910
68098
54086
10392
10090
89548
90040
71764
28540
11770
70286
75568
33360
18808
97062
24006
18358
21040
92070
42818
70470
30998
13512
89614
85336
86716
93250
61772
48218
3882
51214
46930
89658
13768
58520
64462
64358
82062
97198
72816
22988
43682
50430
32856
91438
41208
83098
32880
51904
59422
72226
23964
89642
98536
41752
17136
86332
39594
45486
36244
90428
94064
30484
37102
93074
75228
67438
17154
56344
92726
82986
61302
62666
70412
55744
49928
66090
32418
69408
22530
91106
82984
25354
33008
9918
38192
89882
69442
99840
11684
12886
46474
82456
60244
15650
73014
98100
54026
50108
40456
21896
94406
58958
71682
62940
52488
91966
13376
23872
72670
54902
19726
29840
5944
93758
57626
37604
76020
63084
45836
93602
34380
46688
71612
70536
43696
78740
22454
5750
61056
10232
62172
98740
95778
1314
33420
60586
9298
50454
7138
88906
25314
77006
28494
86174
91038
10054
16838
66890
6954
95018
3698
13246
33968
20964
44898
28932
84802
82694
9504
75742
44648
9520
33878
41270
46228
41646
14310
57438
52154
24676
29856
82804
16584
14120
7438
61350
19418
15056
49290
3060
20436
17538
91222
85004
63850
83384
42288
3204
32702
57314
3704
36420
39546
7954
23378
50752
96702
74420
28204
83042
74508
24016
69488
99636
36414
5974
21096
37270
49328
83450
4924
68576
40116
65602
62358
21730
41496
71850
40144
43632
31384
20990
59362
50444
75314
40148
95706
84556
44016
13876
75408
55274
89466
6790
85886
3070
61562
2546
39720
99182
91392
15734
45976
55644
5156
97094
33912
77478
28158
9224
21138
95558
95224
12784
25212
87782
93978
36306
51338
1066
52734
31950
3524
24856
42682
8228
49802
37258
42876
7830
11602
95094
38242
10980
81546
76022
3914
70300
77410
85354
43886
59496
22502
20268
47420
72360
5172
75036
95452
88374
76900
89730
69736
87286
75672
75106
53218
75588
45892
17070
21486
8050
91424
93924
50580
27070
6730
86782
18810
93312
72420
1344
10000
5580
7926
97556
36966
36292
4900
99540
51696
36238
9772
22462
68988
19334
83216
20494
43578
68116
50816
15254
27562
99378
77664
16624
69086
1666
84134
8026
4534
61272
62334
37616
58700
29026
32528
92158
43954
45868
81378
12346
41576
94398
62586
79312
77650
53032
45896
38584
41440
89038
80992
34326
7096
73918
88692
68962
15090
43696
56646
15702
65624
72712
6560
7352
65358
7580
74496
28572
77202
77766
3210
67376
84566
68840
50030
7788
10436
24388
25950
18610
95402
73268
1312
63334
30532
29130
66226
5604
78544
47588
38310
88958
48838
70550
36380
47048
95946
7142
54104
27650
83676
11814
21562
5394
44678
16362
86050
23326
66478
23434
16610
16522
89752
23628
81718
65264
23864
15026
35296
77998
69540
60086
44416
58066
52934
6984
91196
62640
17956
88722
88974
30186
56686
23526
2164
29836
83878
20458
77702
266
5410
15602
13938
47796
19520
66036
46616
93006
27870
96782
59546
8810
52178
10460
31818
44768
80094
22828
89204
93948
91168
35262
13914
39286
60606
64720
12082
7330
92258
79816
10762
62112
49222
55730
8024
87298
49486
25664
7600
72032
37590
89228
39348
72848
9726
11994
12082
73636
48030
55832
31730
37042
29588
82598
46720
1792
47472
99874
29350
74090
25466
48458
35676
16626
49498
80084
69788
74376
49998
49428
24802
33448
80042
67592
81106
69910
29302
97776
93068
53674
43632
75114
30432
74338
1014
81892
76774
22574
82298
33354
58034
49840
8744
61290
39466
9088
56826
35760
3008
16118
17356
8370
51156
91836
47832
64776
45012
35102
11622
47206
19548
14236
11104
28488
52964
76272
48620
60484
76884
88852
17224
85800
24836
38652
21278
16478
21162
68988
81500
70604
20642
20710
47012
80802
92046
26016
13206
45206
58962
86592
93304
93952
57236
2356
83812
30008
31764
75278
39242
18622
23272
69356
67896
54100
97330
13898
82490
52542
10344
25492
73100
19384
13804
58250
90506
8914
19630
67164
54544
60776
67054
97870
22904
1218
7998
49190
81788
73740
88268
42134
48444
46802
16026
44420
89434
88996
84894
12920
16556
89146
6216
97902
56222
83092
98964
39298
45172
97296
89502
13526
22746
28994
4524
10186
95686
78650
55544
73570
20270
84336
51670
1856
43600
22228
83084
21214
78342
5364
31186
41906
55224
75446
30422
46252
20566
56998
17904
60070
8800
88478
48832
18532
26680
18440
61052
1560
25564
54546
44922
60088
72310
90746
14394
80318
27318
87828
22234
70074
67250
9678
80064
11118
43424
92546
99348
79332
7826
26958
84536
25934
95022
47342
35984
63052
18904
38440
8188
51236
81580
90054
17784
37396
6044
55314
80814
59522
7488
61820
47270
77408
14576
71720
52144
4308
29768
43910
59618
78356
64632
83750
11808
36702
51220
58568
79942
83334
20248
60818
60888
77462
78882
8670
73792
14172
74624
49828
284
8498
14900
8496
4082
11718
22092
80964
28364
11432
24384
22958
90196
17714
5302
50876
65364
71164
14636
32556
84380
78794
24694
50572
31332
44758
41200
64260
30006
83688
7550
84668
97222
78918
41868
75550
38278
92376
140
88424
9298
21434
92820
66778
46576
73896
50110
65178
90478
76338
11364
15674
74186
91132
10528
68180
58852
26514
25522
3510
95340
74066
41890
55896
17568
12848
94932
21158
50908
76692
12428
73714
49476
92266
4082
97648
34962
6670
74438
54868
25448
33398
11720
85110
48786
66680
73920
82266
740
13416
88450
75524
25140
3196
81834
47728
94222
52556
99230
82768
6694
62870
6352
18242
82880
59016
51034
54278
29434
25406
70574
49924
14382
58292
83304
63314
29988
53350
37356
31286
62734
72096
24590
4344
31452
37728
66346
32852
96166
22372
33328
84080
49370
31172
61302
70154
44744
83870
1042
10490
93768
83848
1674
76236
32384
31044
24730
25798
85196
76948
6566
36724
89530
75212
49144
56786
76382
44870
67212
64036
51088
37826
81798
45522
81488
33728
25122
36688
23516
75988
95292
21286
64854
2512
78712
34762
59414
3504
81900
96154
77596
21290
80886
42124
47178
33438
23858
2238
30462
10000
97650
18526
53550
48556
17554
2550
6108
5988
82348
69564
73172
64578
58920
16720
56012
11950
40382
95906
22226
87274
42306
590
23588
57596
43174
61356
55080
33326
77368
29508
2230
9788
38332
82124
14104
59886
30038
41752
1522
40018
20306
95396
77942
79108
36954
55322
40052
59998
48508
93434
56572
94520
62472
35816
29358
97362
67750
35980
5034
95906
10596
48576
97628
21658
25762
31568
6432
51768
38032
84842
26256
4272
91840
8060
50598
33208
68254
54018
55948
6980
97616
25758
39730
28
49514
42010
40746
22258
10880
78942
50310
19710
5616
85930
46474
97950
27676
91330
64610
55240
1478
400
6462
86888
87810
53932
79516
37378
15078
88236
11640
72030
46208
16918
24134
83506
4146
94534
89126
74986
74406
70460
69192
474
18434
24562
49202
19102
9146
79252
9618
42226
63410
86852
33756
83022
51016
49156
916
44116
61894
71192
48796
13478
78322
1414
740
62796
89260
75562
69642
90948
12996
4074
18814
72042
85038
17252
51836
20190
26868
3080
36314
78104
24686
23910
94400
8946
29350
68846
95502
27920
82926
94408
63622
81012
42272
97452
49650
71226
66018
66978
47022
71832
84042
51408
28584
35748
12260
22814
71156
1030
90994
16602
74284
26660
38106
19570
49354
64204
86874
36512
63142
21066
66296
37962
98242
38402
49692
1310
94828
72632
63746
23358
64738
31764
91872
48182
10642
26990
87376
6146
42606
8630
74226
13510
11054
52248
42306
86294
8784
44112
66194
21048
95484
24688
70664
59516
93224
85388
31698
85162
16864
48500
32252
49090
99600
98230
82858
97826
30784
28038
55278
25732
39188
11704
42618
6806
42714
3582
16836
88024
29780
99818
77618
36232
34156
66714
92098
7286
36918
59592
4614
83632
28144
21792
93050
75362
33080
41306
8854
39342
7234
78012
26424
49498
36818
98382
77040
73708
30912
99654
71094
41522
51922
21236
49150
49058
67326
64510
6812
79532
15448
90894
39154
95422
3938
87604
95978
76162
30784
63712
67550
40706
94682
8176
32340
11948
18058
17590
37394
92790
7570
93976
98842
67082
18786
36490
71518
52960
13064
87156
50766
60440
60832
99994
71360
51440
85454
7426
44526
57678
41006
10110
14500
48670
10120
32160
78526
3358
95250
53626
55702
24172
92426
25180
58480
94784
40212
57172
62736
61370
39578
25108
72046
16242
52724
25794
63668
12452
52834
34554
57414
30996
51038
88312
87756
23714
12140
21782
63714
80238
16744
83048
59312
78872
59378
47016
76508
46334
13480
70714
94890
64454
77592
1686
67928
67094
97386
55086
13196
5882
81634
63398
894
43486
36934
5028
27184
83828
97046
93564
47428
86134
23632
77350
11172
39080
64430
69634
35616
26964
76614
47650
1396
30268
75442
10334
16282
68110
84582
62836
30798
18322
50224
55552
85690
84930
82446
87482
93830
46970
25990
10194
54644
12512
79026
26458
45420
1732
18142
77356
90666
39076
54444
25020
28276
73048
68648
53992
10304
19090
89184
27382
39540
98110
8448
21424
82136
79174
31966
508
51344
28888
33956
99358
91006
42296
50238
19130
35022
84558
41428
24054
12802
19256
34856
61792
87338
19362
24756
54090
77286
37446
90588
91972
95512
82176
43642
87746
67754
6464
39966
45188
33942
28102
63074
69820
63526
39514
94892
46102
44026
51490
64576
4776
46272
29636
69824
11278
906
68346
77648
50720
35944
72000
67208
2678
94468
67720
78966
25132
82354
21594
98514
21626
10292
31188
46056
46288
79544
6526
41230
36324
47248
46654
76608
66942
92240
71788
13026
84150
82120
97354
71378
15808
17102
69476
49834
40420
33224
29022
60782
81176
1238
91232
1052
44330
69638
68168
58296
17826
84644
21742
12648
43600
13076
98576
37530
61940
54814
90894
83886
72206
1456
84070
38720
75636
34768
74796
64944
62320
63858
76484
89960
93768
9464
74226
32884
50444
35224
77728
76624
93024
98118
72790
32382
98624
45992
8062
65446
74600
12864
90704
78122
66238
61810
43466
26818
93508
92788
47324
16330
49328
2776
66006
77356
30964
13088
91744
3256
94346
34504
93152
18166
91686
83476
55622
97772
67612
50332
1106
13606
2432
12098
71050
97926
9294
45824
84048
256
11972
8712
4988
72364
30928
63604
58274
52464
28594
19060
2754
88274
91510
81042
86974
95316
69290
66086
47724
45758
84444
61596
98044
3444
99018
14500
72818
20050
8294
67492
77960
54516
73594
38350
27192
61418
48224
77862
38862
22166
21098
88552
49922
89832
4298
61768
41068
94496
554
61198
24076
80408
79882
92674
2682
88592
3248
2814
43182
66164
60292
76078
44892
74398
14818
26298
11132
78382
25232
56592
82698
27956
80250
55780
97598
43444
27986
27814
84294
4114
96936
26880
65420
19526
6592
7468
6360
392
14576
15876
99586
67320
78634
85592
34258
40830
88552
9788
86568
52644
44066
39746
96426
41828
80986
61868
1072
79926
85212
49930
64772
90668
63394
78774
84904
8634
37784
35490
89952
20962
82634
47474
88548
85802
64292
11264
37254
91214
60686
97958
87282
75170
33600
78178
75318
19014
5656
74006
94130
61558
58434
68458
70734
11964
41812
98630
89528
9870
89298
1938
34216
83908
40542
45082
99438
22324
14286
22402
72402
47718
68206
31612
97506
43478
97804
56176
6674
96882
66588
14718
25788
11676
86886
31200
24578
77186
62894
79842
81936
52090
23906
48144
50472
1638
65906
4
54498
64246
86498
82450
92246
16232
20984
66382
30734
69582
20616
84830
40552
45324
27624
79018
78514
46244
96464
85168
74316
25248
72612
14898
15092
36928
33746
57938
94008
59192
26742
86016
15640
45006
75494
46708
26288
9514
97724
75026
44004
46228
37444
79076
50268
84452
67940
61158
58878
9712
16904
19128
95668
69298
86808
80406
31602
22812
92038
43850
55260
84924
77760
72936
82802
70350
59000
932
32702
55958
45252
50402
38450
32876
24534
20262
58428
67084
17784
41836
86092
69992
55766
86690
29792
78914
34106
45480
51942
16530
42874
78022
50142
16570
25404
4152
35278
57166
25300
28968
62292
22560
86142
40424
60780
19826
50288
85640
50202
19432
6462
85574
14598
63852
95786
68764
77130
71148
28652
49072
63660
84040
20600
88758
81758
63068
86246
98534
95700
26838
55096
13314
58890
39126
15890
66446
75896
23356
84630
40094
17830
49840
1916
24134
13146
38298
69924
58838
9558
25672
21644
3600
55582
68264
72352
402
71306
28826
9314
45904
44460
7814
41312
84708
74806
19876
98948
85794
46636
64240
61398
42332
13394
84136
85784
65274
67036
35984
62218
21002
46222
94420
17058
99154
56026
74124
9246
81228
36244
98964
48610
86268
57690
99242
97186
45256
718
14062
13086
10674
41824
44296
90640
63452
32620
65696
15388
25786
2108
50144
63018
48192
33556
5014
46172
32804
68618
47870
85704
7944
52950
56952
83794
29648
13806
51914
82266
47652
37608
62402
82110
36870
2708
78078
86170
52114
60866
31700
23072
3304
67486
16822
38828
80940
27876
11502
87086
78780
50408
14084
68126
13230
28422
44640
9368
57208
51918
82612
12428
63944
63120
98978
21734
7652
77734
85430
1994
44142
84804
66820
18358
78652
84106
93634
45518
54996
4142
32788
40842
44952
1740
38480
86120
85766
77464
36052
12700
6766
50212
77578
77470
63096
67178
59032
52048
40320
13856
9716
76118
31694
33286
58656
93744
52348
48452
45682
25796
10554
49496
14570
50494
26588
32586
31770
36490
452
25830
48086
63538
26970
89786
74950
45566
16550
53130
8854
73434
36352
63988
40084
32234
34006
19900
18628
76814
21706
25378
68386
10676
57726
47632
49648
42052
89894
65414
64268
47484
20726
41460
70092
13498
97048
61136
91310
37814
62548
39370
23638
69582
63748
29726
73730
93552
29040
32958
59962
42868
9356
75320
79052
83154
48816
85216
35084
3818
42864
76862
88316
41506
6638
61248
32282
28050
25226
96600
44936
55170
18158
15620
63558
92332
86428
84500
90358
97854
56574
67084
16424
51698
36958
83322
98432
13064
88894
81056
97924
47742
30600
74258
93730
95776
58174
71884
39566
65424
82174
40378
83734
32826
25966
13644
67232
62570
45044
28456
2502
11500
88268
92916
50150
19126
3606
80454
86982
84436
12356
92016
81866
42246
14832
75648
56190
35380
96278
74520
45802
83684
82844
85884
9540
57604
2634
90396
26170
77952
10076
48944
87332
52194
60302
73014
42206
42056
62936
86174
32542
23086
71606
49346
21892
2476
65914
91776
67340
4428
8524
23452
66486
70910
38708
46844
77360
2670
96946
73008
50948
3660
85102
40510
24964
948
40878
10184
78342
75048
2408
22058
81968
10816
11728
91866
25062
79918
70282
58494
16080
4298
13320
39046
68698
10152
73988
72438
10736
93988
95958
72678
13754
56306
46962
21974
87838
32750
17964
71596
76002
25688
55632
91238
11722
39538
38136
80330
55208
32440
74500
5240
61462
97402
54214
73172
37816
68512
74782
65840
71996
69278
38058
2490
6240
24970
63924
60456
85326
18100
90308
10186
96252
63654
51788
70152
49564
96764
40724
10540
91230
54640
7326
11120
57618
45870
4986
50380
93504
93676
78274
81606
93338
1332
96650
90274
38414
22492
53922
84428
40832
14496
39850
95240
66784
13280
57628
89926
1940
79642
7518
80322
37272
15026
52764
88744
58058
90068
80936
44084
9292
1746
28212
32912
65082
20606
98522
8618
24430
34048
18370
52132
13514
20458
98756
85988
71652
75872
30628
55502
74626
99268
1274
45156
81110
92768
69278
71920
69054
36304
48300
56106
69666
81694
62818
93546
20538
86520
4106
91404
56668
50324
54536
67246
24908
23432
21078
27616
2938
3952
88718
95126
59486
58190
45714
6234
65616
67278
34206
60102
42302
7808
83140
69422
88554
75494
49988
14604
8970
49824
28060
41624
17394
71724
85540
30032
22356
56788
4692
46224
34066
53594
91240
81520
99126
50876
95510
95362
83902
22956
12098
2946
34270
1972
42964
36872
19038
55618
29576
1930
13650
80536
4328
94522
87492
21142
45824
21716
38778
31564
74220
83214
30196
51700
52858
15892
46748
27474
28150
45210
33298
15910
20238
88408
58674
3246
3776
36886
19868
89028
67356
82624
42748
19464
9326
15676
92890
52786
93034
86282
68528
5334
8994
68986
6690
72148
85328
2348
95466
23034
34258
77312
49452
57328
31260
25876
45182
43780
21284
54356
16284
64214
7852
26776
51428
58728
2318
93772
20632
21004
93514
26458
13862
33332
54324
81478
34760
26754
45342
86280
90534
77704
22990
87608
17064
85330
8812
10756
95540
12092
15076
12354
57340
77444
92726
78592
70584
24244
92634
10012
67106
79690
47802
21696
3026
56100
84646
76540
53694
67840
89222
58672
38414
85920
20634
46840
55454
1496
60106
38010
32044
17708
81488
50218
56726
4300
39364
52018
7680
88826
11516
27824
66800
69112
42356
49014
74960
32592
75934
17914
1118
78732
66234
45726
50280
50210
52688
71000
23446
18624
17914
54700
82376
18370
31646
62478
53136
35376
45510
53392
42168
75270
35556
80400
83046
17994
12908
52334
16430
6496
64336
39766
76214
64636
92314
1348
12416
86606
84564
93232
88428
44632
71144
85104
12452
43604
13684
45084
65606
35802
92634
55000
71588
96872
74926
86956
502
26596
24696
77526
61698
10042
41514
45004
32448
64638
54384
85724
10948
26902
680
6514
62540
7180
27226
44970
81204
25918
54040
12802
91482
95560
70064
47828
53610
36724
61030
74428
99074
73276
27366
29754
3672
29314
93530
71700
18494
38452
86982
53462
74
71296
39410
86636
37428
23712
22726
20702
920
12234
47378
6020
5940
43260
60986
382
5420
84556
73852
92038
74046
62150
88882
26472
26742
82422
96156
97806
25692
38806
65988
98492
30136
99702
79398
74496
69846
47040
76140
2524
99500
52426
98806
31910
32654
72064
11370
76142
78756
1086
35676
38510
44722
74074
70412
80420
62492
24510
41906
41236
50364
23320
93126
42364
86630
19284
13172
81622
57984
53728
96214
9822
50160
45888
35320
18644
7220
30724
36142
23168
93642
29696
6546
96928
14194
93586
95116
30098
19242
30032
90956
81312
70830
84776
76034
5432
90646
84562
19936
72436
45340
78096
2184
90440
54242
28258
46600
45756
10864
93106
73134
66344
42622
66822
43456
89990
63484
40426
84402
81440
89088
20814
63892
13822
27700
71524
32878
85400
7932
33292
25548
23518
83058
31772
86058
40700
19768
71304
77628
56808
61520
63444
73726
75682
93454
1702
29786
67898
68546
57316
1906
63162
97118
94616
98890
57030
4286
81454
22396
5102
76934
93508
13288
34796
40828
69866
14736
35754
63648
20812
19814
62454
23148
76500
11862
82258
91536
92996
45312
83054
18304
2396
97004
43004
240
7382
40032
94436
26352
68
70466
81058
63214
40744
69354
38142
32210
46128
77030
69426
54252
19436
77860
80046
28774
88042
52896
10724
66574
29500
11224
65824
43782
65660
12586
62096
96150
63102
97396
91474
66296
3198
23014
89192
69726
45582
83056
52780
934
1726
45348
80944
4146
60538
89178
24076
37406
9042
10568
92240
33702
62894
22608
39612
84896
39942
25558
35510
49340
61910
36010
5682
64866
9876
98714
52310
28460
18832
41728
54986
3428
56056
24018
94324
46596
15144
51852
25140
75504
57262
33786
90084
25152
66332
61350
71662
18616
5976
28888
33720
77368
36576
86232
92820
48054
3496
43308
27678
10102
22902
71972
69810
27696
34984
18276
98422
72240
29796
35200
98292
93990
5660
2474
46756
98698
14318
15614
29982
4038
88528
62972
24926
37252
72144
39808
80578
86638
13996
68460
77322
38508
30268
40248
934
71952
16968
13854
7744
5354
1908
76734
42820
204
77740
64086
13080
86418
56344
99430
44506
79952
29160
19920
81934
30988
63332
49528
648
22788
7586
13170
15242
68454
48458
35660
24578
12404
80956
51174
63746
84452
33192
17680
66216
2602
14238
99294
25292
85542
98966
33074
83268
40866
70342
72504
17720
50962
86554
55084
94868
56862
30980
28712
69810
37618
66112
63762
76072
33784
38032
51366
24372
1444
49762
70092
25188
54180
51850
8064
16168
1904
10546
16894
22840
60836
37544
55260
45146
82926
95102
3884
67590
43984
50540
38364
18532
68632
13850
9522
89972
86870
3074
60246
55542
63956
91694
19992
96992
32018
67120
96048
6236
34756
87402
18180
49772
40648
11442
93000
98578
3268
11028
5602
45458
99846
83830
80230
97798
94600
89188
27640
76910
86480
16828
25462
91290
42770
16840
856
66896
74390
2314
2634
26882
78128
43918
77110
84928
78772
85458
86518
26556
57824
60158
68296
87614
11076
64828
8874
58252
36714
30552
44700
47980
57768
74028
29684
86474
78080
64098
44326
59590
81278
74942
75894
70270
86188
3878
77268
58456
29730
37638
49460
49040
17084
98374
65192
43812
81558
48172
5708
36180
92974
70978
47972
94636
66108
70896
8144
13108
94022
29766
62590
7424
698
1674
72266
17644
17470
89352
47186
37850
95014
90144
35262
26018
51414
5842
58844
93776
64984
20176
82446
59142
45956
97690
11992
60168
3690
7608
44278
69922
66990
98790
22870
79336
15618
52810
84708
63882
14548
55434
69866
60200
22218
4026
9874
98652
66124
5310
39392
33858
12328
12310
79542
6890
97508
37048
88110
41452
87462
18788
53408
1412
27536
5644
82500
18828
81356
24828
34338
22712
46254
70682
56964
3146
74044
14838
51614
41556
72474
48102
90068
66176
99288
75140
28170
82728
7432
43044
59710
41168
56780
15990
47216
69232
8632
66928
44788
75196
3068
55928
93290
39458
5512
604
33798
66606
6492
40332
71610
29244
88640
31766
3070
27940
23996
64976
58600
38662
52372
30974
49394
24390
56554
72154
11042
72346
14858
57358
27108
44264
8552
97082
13220
16522
19014
41228
6360
24728
91416
27308
18046
50062
504
56828
83074
62746
6290
97702
66714
30304
63148
20072
47684
56838
82444
3500
720
89908
42824
51152
47540
47830
19684
27368
55220
68726
59446
40748
20356
85142
40646
81964
10632
42358
1426
77214
32646
62386
62402
22604
76438
22514
6448
17148
2018
41960
61434
3940
99758
67638
11574
81622
33640
99166
2280
46706
11082
85774
93640
2586
64408
28428
53596
92866
51216
45158
90644
56086
96398
12052
23886
75078
77432
83168
47460
91126
59264
38104
13184
92394
18400
66940
39094
2482
79546
41042
83488
32566
10366
73748
97052
72214
94174
4662
5836
67402
65230
43708
69316
47630
49598
6034
45986
61986
92510
92500
6976
46990
81118
98242
21788
34188
53724
73406
56698
50966
42964
67730
21662
16238
82672
44786
8452
52466
35738
23302
57984
80720
20024
14168
12136
37944
73402
22040
32778
36668
10402
97760
94090
64528
67356
4248
92102
73184
3556
69168
49384
19690
17768
63522
97912
77860
24982
42062
35010
75426
14058
14396
74668
67664
68792
39560
34812
12502
95738
74704
65922
52600
23536
63246
8450
3794
55044
80870
80914
79774
99584
85380
20478
33748
57444
65932
64140
13806
43908
47630
80636
54344
24510
2098
42008
33722
18800
78450
25580
27788
69746
19964
80580
73656
57038
61238
13590
51772
9918
49442
79756
8178
15776
76422
51748
98584
46670
55872
30758
36040
56594
84264
60404
38560
52054
50366
58770
18860
69198
28100
53446
54802
6946
92126
17006
45804
34678
57548
88520
91220
55434
53466
22106
92370
83642
85712
7802
57990
39590
22764
34902
47300
39400
72462
29680
36782
72252
9754
27234
30960
81568
52464
42256
98964
16512
47660
73272
97814
32216
44742
10714
38330
11014
95502
32240
7620
84462
88416
45730
20860
48936
63990
56896
40722
36218
27122
15088
71616
26496
45128
88500
61770
88080
74002
46698
4902
91736
39296
40658
41186
32806
12100
46252
87108
65586
50034
56688
23036
86460
14694
74032
11824
96850
96168
54372
48708
40482
97534
57646
50376
74022
99678
88756
63690
48040
78246
57224
60762
17542
96036
81702
77908
88358
47178
32420
99814
81720
95244
94458
61044
30934
39282
91374
8132
74560
58142
83882
10738
52792
1588
720
26888
28800
81324
43724
76752
20050
54906
72614
21592
91802
76882
33078
52254
80108
16472
35828
14506
62462
57034
86430
51600
73792
61354
18428
54140
55622
12114
6530
59506
37570
19096
34858
12754
47136
3628
89098
60566
19234
2992
88280
17680
83240
70574
86948
42000
54220
820
54938
51964
96542
78852
72692
96658
75368
30754
82706
20600
55802
2692
61358
52112
78014
82324
51434
89540
50390
77440
6628
63138
22774
16178
17744
86934
86328
582
83372
78274
83266
17540
77818
80190
62034
89968
64734
46018
95080
48158
90026
7902
92070
66430
80898
50760
94588
47548
94270
42276
18642
54612
90462
75838
34368
24254
56988
37724
77236
14202
37544
25074
57052
69888
81148
96422
4410
62322
67130
33980
90648
34950
72916
84238
99378
6278
32410
50518
71742
17406
93632
23154
15502
3660
96122
98932
69926
5258
65494
42290
83602
64296
44532
66698
58860
29106
30300
71946
48002
83866
80736
8342
96962
95204
55598
1722
26746
56388
82546
35844
40882
14938
57092
31290
6204
61786
14128
79796
84808
57198
7466
290
30272
55700
16590
96942
26402
81842
33316
34668
35792
17722
92546
37688
88326
13380
92992
55564
3612
52500
54964
85500
79038
33630
98494
53550
84462
48366
28362
65000
7802
2540
31730
24594
10308
4096
82714
13498
70116
73294
67272
77678
24520
5044
32268
67248
82328
93456
99212
40100
84068
27520
23644
30554
20394
71468
71446
86238
44780
64780
77058
28064
8094
42034
20838
57364
8450
72440
31400
8898
78448
37708
72650
33690
27812
26294
95984
51792
57498
36332
77502
71916
30842
78026
6610
20504
21876
71076
40810
77908
20508
11766
85174
54608
64766
20390
64166
71582
12562
78268
90552
35046
77738
17048
16852
96534
89190
8032
35038
62206
83102
98202
32334
83406
82694
97548
58170
61378
17114
19650
14942
4358
58418
64760
39824
10808
1580
93282
92522
68716
96892
46616
90334
86692
61700
14692
81478
87506
1984
93298
81414
82278
31316
77382
34006
13112
85006
41164
15020
40600
14714
8322
33124
68326
12104
28104
5992
49948
43158
58908
65476
27292
59452
5012
39716
83500
25860
90904
41200
79622
94200
33532
33052
79256
11268
8750
90050
75454
30628
83538
63656
37612
93838
24392
19056
73784
54668
17202
20436
75142
39114
23960
74494
47026
6182
38972
76924
45044
97464
79928
59226
45794
85070
52712
10866
89670
51582
4820
46280
2970
1792
21570
2566
18712
8238
95466
32016
36090
43102
13878
51432
2978
58680
26952
9382
39062
47146
68554
26498
69506
31896
27350
96926
24778
32766
16724
70318
93030
57392
75646
29000
66302
45968
13480
29958
80034
8474
5346
88878
31772
7280
24608
85558
87274
46232
66888
25682
24968
71072
676
70744
82756
7034
99858
96122
53828
98080
89244
86134
83534
46388
98210
51774
29768
12184
60984
42306
30284
35872
62328
90506
74600
70276
49646
22052
14330
87566
19490
77460
62780
59046
2342
55328
57276
5458
77946
65714
70788
33868
68522
28012
27120
72262
20610
2314
56794
80666
68544
30968
4984
908
84946
6650
29576
36566
39740
25450
26968
61842
66250
54180
44298
55722
84124
91514
21262
94148
89084
68410
80124
16318
97478
79296
13138
94838
94850
67958
42448
90380
66868
75056
31322
38412
48310
84512
28900
44760
86226
12214
62608
72396
91624
7232
51318
56846
40128
8326
22436
73932
2346
99068
1114
74758
37708
85588
27206
30108
13560
68916
90198
24820
29698
44408
75880
42186
70626
79020
76004
88246
95944
84750
55028
85552
59262
29620
89440
91066
28664
62340
87068
46542
33330
98954
65744
21960
42818
88856
54618
48024
89356
71240
22906
20910
62318
56676
37190
40316
64952
8834
39304
3840
2338
806
46718
47910
24832
93642
74558
38666
60926
32722
25250
40904
14818
50364
86474
6348
58774
27096
88878
84304
14056
56034
20874
54230
29940
11280
78756
66670
22192
60232
3266
13962
45390
64016
14642
86690
63516
87350
98120
48966
41264
16920
97686
87792
76452
29632
59278
21590
24890
10598
2688
23342
1904
83940
31144
98576
56148
43552
79016
36354
28442
25570
99462
46540
55568
86284
90930
36494
65992
13114
69212
83682
67358
44574
29188
49858
93102
57266
59678
59574
41258
71186
26816
13832
2670
69412
77096
58818
24748
9802
83266
16020
47440
16816
13486
73372
67300
17278
28892
27064
95522
56390
13490
61520
54416
91290
88644
97106
21744
41446
50912
49890
57048
8766
83414
54312
23234
42630
22890
89378
624
88480
22506
61424
47970
90510
56512
62864
77746
81252
45476
13012
76190
61548
16582
17502
30800
38024
25436
90674
22740
74806
65216
80238
46568
80184
69118
88718
54790
72468
76610
4202
50022
82812
62696
61490
76170
79244
33660
83312
55674
12518
73590
53320
34080
62230
77790
63480
47004
5432
82702
40542
70040
16438
88576
11106
5136
79970
70998
30224
2714
90698
57332
80190
14988
2
90192
49348
60052
90726
61598
37108
80730
80196
64898
14364
20446
41722
72726
14236
53664
63350
96654
30528
49880
90094
17686
49220
75162
12354
67532
63208
81790
67012
55466
33134
6854
8742
46430
64276
91804
72704
29066
2432
57160
9714
54786
78902
24406
54022
71836
85180
14938
81262
36324
3464
41934
57108
31558
4518
28716
19870
19112
6
39624
56030
83040
73300
23310
99712
77390
92756
31352
48170
99774
19646
63088
53330
13570
3608
75932
41734
61570
6210
16576
42308
50942
81550
22476
75764
66550
91834
51188
59184
58746
53112
55244
97636
52302
33696
28212
44576
24364
61488
29420
71592
22686
5048
62426
66322
21850
59530
15176
62810
24356
38888
76220
40914
7552
71426
23510
82158
38824
62610
3974
58862
4492
74080
77566
11142
87504
31436
90528
65868
8476
1390
2604
57728
82822
27354
20718
73184
2592
24288
97116
38090
20334
89480
27248
77462
88016
90602
4740
89888
60200
20642
19054
66042
19206
83346
40446
42964
40328
99580
53146
18120
18532
44690
97512
45974
17170
44112
81722
83588
44976
49540
61424
61954
12820
62814
42514
97754
39416
88734
87144
63036
24926
28682
954
93836
13446
35608
64302
69430
77384
94568
17264
78468
8222
8796
53858
88994
9792
85464
3696
40824
75534
94288
85586
31232
36040
1350
82954
71046
8750
97218
11080
29476
91266
79514
14148
10836
72034
89980
10940
81820
92800
55130
52968
71546
52744
45670
95550
16016
76116
96748
75116
7436
86916
31338
1356
40454
53602
47344
60216
17770
92548
156
95648
59634
84732
77118
27624
63646
54710
2394
76456
90060
96614
40152
94346
18678
65958
17272
27602
97888
33574
51794
87508
10708
74420
46318
86320
10240
84216
12752
38284
33772
78826
55482
36846
7152
83134
90508
46852
56302
44586
15174
12476
70006
35564
17034
92664
64922
45238
31594
90026
81444
45442
31844
81370
20210
25230
37674
13522
98178
42798
16886
67898
53576
22592
18628
64944
17796
54872
60350
55398
3196
79998
20066
38148
61558
97738
63554
24432
79940
11826
31418
10764
68288
5956
38012
2196
97264
60048
15148
28962
79970
77558
89068
52134
76914
5808
53972
11488
35538
26012
87160
18562
15906
67012
8368
5596
3160
92518
88554
79448
61286
16214
91048
70460
67210
81730
24732
15826
85352
76254
87966
28914
38918
4948
62732
19584
77052
93386
40638
49144
13954
81630
79484
58986
5210
35026
29478
30008
8126
96492
1030
97754
48356
2422
61872
92874
61874
9598
57006
74682
67580
57854
81128
9536
74726
6016
46326
33638
39746
70048
63706
3186
10422
9320
1532
46636
48884
28880
56700
17550
29148
50676
66034
49358
56126
29338
25964
50072
89902
10660
24512
87100
32622
75602
30078
8688
15004
49636
90688
84574
95656
50268
95454
27370
95454
72584
55900
65154
69354
72938
13896
46976
81302
59256
43146
70288
55042
97404
21142
8862
31690
10634
93200
74962
82812
7602
72624
15574
300
76414
4550
36922
72746
71402
19212
27160
95486
54330
13330
75218
48804
75140
19692
9732
84472
24168
95696
77714
18184
68612
99000
3976
12342
64054
39532
3720
96900
82888
79032
62724
94664
31548
65662
16222
87602
59928
11826
38000
80510
14070
32788
85696
75404
47390
64806
88142
60172
75574
52676
34664
56520
27806
93620
89206
49504
51186
74712
24476
81032
15312
88968
67236
84126
95776
38748
29498
4778
26142
7134
22978
3786
83042
65916
33262
96580
24330
79810
8170
14480
35668
4806
54100
60494
90298
43430
48194
71900
19562
98110
72708
30166
37206
88782
99456
85676
62120
56778
13838
55258
50840
6704
85252
43018
40086
48614
40958
64894
34646
91274
35076
72738
99162
82528
98656
64046
68170
95718
41746
22076
82460
97960
87690
28486
50596
56952
39872
15430
84986
92260
95788
42652
21406
87348
78722
92344
31040
10054
78662
19252
9506
33598
51400
55238
5422
31082
12010
96142
45950
26790
69492
59006
97734
53758
58398
30586
19956
3030
81588
65658
27456
60056
24912
61622
66708
29640
51292
79042
27072
44694
39970
13896
99712
82626
37446
27574
12224
39516
32488
28626
1882
57794
74460
55624
80634
39726
20352
56212
78952
17710
90136
41954
23338
16792
88376
17076
55528
75710
27720
43638
26044
2196
12324
23340
62710
41488
22148
45230
70240
62038
42082
93306
89712
29146
68162
20644
96314
88550
59616
35300
34334
83652
31596
15912
85044
634
20614
62584
10058
52382
77494
4800
70586
65512
7588
30038
5304
36396
33140
26162
34652
40004
39604
61324
21120
40500
27172
95532
98510
58528
91322
59218
44514
44928
23916
80408
22378
98884
42712
80524
35442
24900
93232
82776
98476
27464
86508
23772
49270
97360
13388
16576
67596
79302
80804
87022
48840
31966
77732
94312
12012
59512
95034
60930
67888
50530
70938
94010
43854
49308
78206
49824
44180
77474
66866
17238
2470
85530
68604
57258
26788
29674
35932
24394
73804
81766
62804
23240
54896
58606
35994
10114
61440
88988
65818
60706
68046
93128
4198
40460
22102
80904
4872
71074
34542
15630
67208
33354
27700
66410
36396
26162
67608
94218
26794
75198
75696
46010
7558
68846
36392
56890
40198
92880
91028
28526
58752
46140
57978
29296
90648
36592
39074
36642
8134
7766
53236
60546
69278
44488
34062
45206
44964
24110
12052
42418
7386
95424
76142
91288
66232
47462
87452
86302
53750
37682
8816
96570
87688
18572
9924
98338
56776
32300
24184
56150
69084
65808
99366
33932
45816
24108
87878
36524
3782
36390
62588
75298
88132
74122
54602
81708
44652
50130
59146
17688
95204
85218
22194
92602
29080
82704
86076
77336
4166
80226
1166
51366
21782
31230
59566
24720
68902
76636
2446
10238
48918
40126
36958
60260
92890
76530
44396
47104
43608
78636
22320
70708
44308
80398
72708
77834
43838
41560
24222
11318
21608
65524
93732
49422
17288
46834
79332
68994
84664
97020
98630
48448
13236
5056
71316
30288
10316
47720
12296
90880
18542
2930
82726
94592
5680
97450
1996
67886
54362
5446
8332
69306
79156
43110
28692
28358
5822
59964
75432
24772
59742
81730
23986
9592
30570
68688
63302
26434
2496
49368
86016
30784
7692
62596
11736
51614
76016
95746
94308
24448
12624
85916
19334
21134
56242
68326
70778
24408
7872
11662
76122
6834
98992
86686
45820
29078
58810
65586
82320
27070
26812
93550
32850
35792
17414
32674
83484
84652
94724
70888
88020
70154
12654
65884
38526
55270
31600
15064
20796
85048
56990
17582
20448
14212
78704
84028
31352
56258
53740
87200
7424
88652
71774
24032
88580
63784
62182
3908
28616
51498
91470
89606
22966
78
73546
50292
53194
12990
89056
87032
13826
67032
12666
7642
66574
47224
19726
45836
53390
55472
78452
60854
24460
85216
36588
10676
66084
52078
96542
45716
94950
4534
20238
19776
61610
19712
79282
5368
6210
32352
44796
37184
25644
20636
65008
19224
13496
24432
75806
42014
95058
23820
59592
84436
34870
3914
48702
7218
42772
528
8194
80278
88734
59754
71796
25128
60932
62032
94438
95078
95956
19880
8394
15178
17182
10062
17476
13188
42314
79704
66420
54210
27786
37846
13862
72978
99814
9748
16436
44340
36012
56194
71414
18114
64348
9982
95812
45640
38324
66760
78984
57136
78312
97528
26114
72792
88528
88104
53030
59022
28452
54890
37892
67350
40060
5904
89168
61310
98500
86232
5036
7706
62356
92114
58382
53848
2978
22470
93468
79114
57320
50242
82408
54790
18818
42934
23866
59110
4284
57586
79950
70112
1042
77680
86808
43918
38002
59072
93090
75624
93062
66056
85512
4714
61132
70708
51164
56850
29402
81822
26882
90950
90894
2898
86838
87152
39260
25352
58520
6388
5922
78024
66180
42392
18846
40494
6500
36344
14438
82018
54956
5046
98550
75302
58256
28944
55448
83060
17088
93166
7048
87892
2820
45888
36336
64606
42058
82498
55688
8752
8192
42822
48300
64238
19888
92160
68702
23428
39640
8492
18796
46316
26030
75560
84964
57538
81570
45360
56206
1242
24652
30112
70786
10568
87924
52318
96368
73318
93740
62578
90392
40556
10058
12156
31602
84948
17400
77280
41016
17490
97274
13942
69716
21646
62718
24942
48954
30722
20496
6646
8024
5638
98894
29162
64066
80808
90066
74952
42090
23436
72228
2986
56308
27538
53718
26416
43750
23572
96624
88772
66718
6760
10672
42448
94810
60992
56432
36406
7028
76198
74604
72670
60944
21884
63912
49582
13464
2322
90626
56880
72176
59276
9450
76094
90720
48788
96706
27184
98216
82092
47638
9242
75218
94950
25322
42314
1524
94656
6028
24094
29618
5382
58872
96822
76382
26328
13500
33350
56052
59404
93310
95974
92158
89868
29856
63660
17464
82302
51730
35572
94000
83424
69616
5036
59012
16056
79888
66052
27098
23328
92480
37078
55352
86238
61896
97872
43018
49148
7580
18448
93536
72502
48694
89010
27490
38394
6884
89374
71448
17386
73360
86152
34688
98538
47858
8192
93948
70678
41260
15426
81860
95606
54566
2904
62214
74990
45068
5566
28370
92828
6130
89190
69998
42502
64716
56284
47100
33120
46604
47122
12080
71138
54824
99356
19756
75524
24116
89650
84878
83912
75556
80504
17934
71638
39266
90578
97290
58338
48674
49688
97658
36880
96310
21144
28004
23650
76668
43104
29318
58496
76182
23404
23616
46208
19318
61380
37354
99572
75114
97476
7036
92886
36098
28300
88640
10318
47254
10598
93250
12118
2442
96562
42658
53468
67556
33126
56150
87156
2360
20740
16488
2586
3184
35790
19524
60554
50836
42350
79942
45792
21528
34820
94174
18800
41978
7870
84426
43148
77194
89388
83596
70874
77030
93304
82626
54756
77254
93240
88926
41230
74842
95642
19534
76182
58162
31316
99874
80018
28126
16702
47696
38764
27294
56710
56092
56836
85274
65514
75506
85138
28682
97828
76596
60298
67998
26096
75406
61006
89770
3256
41952
59750
95238
27484
57846
66810
24422
87008
24322
88462
87154
55996
44212
59652
84542
99764
4068
95528
34322
57768
41498
75216
96960
17848
61154
74654
26654
82466
43524
62602
92464
90322
17946
97262
84198
42112
73424
56756
49784
5920
68970
80108
15038
3094
38196
97744
92308
28248
3448
19776
49096
72338
52332
72898
43132
56518
33328
76612
92660
52010
61672
56088
72520
42
94264
97160
84986
33272
94478
42220
56034
79558
90872
22676
76344
25266
82406
58954
51118
95314
62170
56050
18148
45612
63386
46196
90202
88678
83268
21362
87346
30372
42578
37814
2642
93750
5034
93774
9450
27658
33344
59398
97962
41496
10230
51530
17578
18992
62130
90372
11424
66890
3212
9406
64696
37300
37452
29716
15980
85986
95652
76574
35404
77878
36172
40776
92972
86330
50076
12486
71846
83220
84724
34886
55126
50196
41216
49752
46512
91524
37844
5918
46030
66366
73556
10080
10762
37604
7290
562
75152
2190
41174
9664
82156
63866
60598
22774
50620
74056
99712
5244
32256
39862
63808
58506
82398
53536
25234
30646
69716
52954
81486
56088
98892
54164
46264
13772
35716
77560
35634
12728
69976
88744
65834
16964
3800
94790
46932
42276
24902
57308
16220
65372
16820
86274
95870
21084
47914
76610
44454
6316
52520
3528
40166
59120
74150
94008
98800
12410
45614
90994
79014
92560
52722
88536
25296
76596
14994
19560
16692
96454
89992
71704
97150
21188
90476
74990
42028
8084
18400
84642
88948
3996
63768
94044
13684
11288
30076
71986
35698
8240
25940
54130
26282
72394
95598
52914
37700
54794
25218
81794
1802
40392
40704
87016
34432
23418
16588
11388
68890
82642
27736
23196
24008
49160
35128
14372
37780
71716
21292
21790
77292
33578
80162
66174
36880
65050
18950
23524
48920
92796
3520
80726
64748
48968
43062
9004
53492
63670
39984
90928
99840
70764
24504
36
93296
49956
82516
30084
56388
52702
81272
74304
21262
65664
40914
45524
71870
18488
26868
34690
20756
26758
71630
85568
38842
10898
7038
90948
75456
8240
3378
50896
4276
80034
88588
32336
74752
20142
41730
26824
63346
41578
14214
22654
12666
29864
98832
92362
3344
69792
46996
9004
52698
27020
64680
64238
87668
61618
96208
73522
34186
2096
95538
77938
16096
38374
69414
6830
80162
19120
98186
51418
65450
20562
74090
70376
45610
99996
83102
35500
88028
7110
31384
92166
80782
19184
31352
8576
73936
50126
22234
19478
57238
17100
99096
33022
43932
36476
23584
84692
54942
47244
15864
56816
54704
96724
88096
88438
70134
68374
12644
99690
29422
2702
74910
20132
12466
19900
56908
97176
71576
22290
75922
25422
82652
23612
52708
58376
75726
23372
24350
51966
68858
68832
23486
67512
36614
24914
18480
75964
29168
33820
87462
33682
28782
54612
28524
10994
51914
1272
40856
3262
4242
30032
59928
61338
92424
8400
51632
94190
22028
56184
24944
28038
71364
29172
24822
38586
29512
82338
40374
78506
5362
53066
29026
25878
82128
28286
54844
89216
5824
88032
77506
10220
22538
72542
78136
73318
68570
5446
56242
25982
15292
40002
56178
61898
22100
89158
7044
97334
20080
71782
21086
83036
18402
8588
57674
79008
36544
45694
14336
4012
81750
85470
37104
90332
6064
182
46478
22714
82344
6630
44074
85010
25238
43506
52452
92036
50932
51398
41586
11750
33656
91864
89702
89088
12184
45166
34584
67274
49060
34988
99242
70342
41330
61870
16890
98582
9626
50052
1736
7042
60042
46616
68716
83338
96672
55768
42098
54696
43768
12886
63044
59982
67326
18940
83138
16142
98494
32162
46732
79054
34654
6364
99278
73988
10806
99550
64092
55614
55292
17772
51386
46760
56780
8126
9948
17990
18282
92494
63628
15218
82730
70594
10774
23878
65526
42072
6106
50382
66490
60658
16828
70990
95228
26818
9060
13280
84154
90556
65762
11496
96534
30130
6818
25766
27794
65370
22828
86156
70500
20014
48258
32346
50462
19442
2294
22362
93902
48568
67610
77368
11078
12700
83468
27788
53574
57286
68628
85562
71306
6558
61860
70048
90330
79094
3948
87032
63490
5930
3298
5580
2644
98072
21454
44772
82094
50780
71366
57482
16158
35612
2440
91644
7118
34534
65734
760
76964
6546
77060
49982
42962
35790
95120
12584
12960
17184
8860
88998
7478
96070
7626
47090
99338
39402
3818
8868
17248
26792
1690
73210
96330
10616
93248
38778
57230
8316
6598
16842
90968
93342
92070
95094
11298
55864
14302
70142
48270
53966
28506
28122
93998
62442
37340
51798
38822
50208
93098
8034
76724
24670
94380
18986
89022
39772
31094
76088
42144
36984
48210
31946
15940
50824
24834
11998
2708
22724
25856
64464
50732
3762
22536
89834
644
10168
52690
29710
11544
82956
63928
69984
12158
39572
74434
83784
96274
21068
80878
37718
28742
14166
53094
66012
3608
40006
87980
23188
98958
57528
45760
32822
59764
96448
7590
7980
74864
49524
62186
35034
28354
61280
68366
68782
69126
93148
48124
81810
94886
13534
49736
7848
92258
92260
71244
23812
61446
27846
44206
90424
14700
69944
68068
84214
17902
66360
15382
68496
54270
3170
52788
99140
95166
96218
10242
50466
43076
83116
63322
58224
89412
34516
77396
19452
48342
39818
85464
33268
28938
10780
5712
44752
37744
20548
49528
85118
22546
16720
11686
15552
47642
56628
3630
4884
48152
22198
99476
74370
68920
22520
10102
1740
25494
64860
67750
884
92064
6082
79314
75726
27234
37914
78090
83438
25412
11302
52458
16472
7560
37290
61480
4284
9298
35488
80590
43900
68466
35666
41790
61996
8476
69858
20302
41524
29164
74118
47760
62168
354
1272
66230
67818
35070
15030
13348
39462
92000
18152
26430
35312
32170
65946
85694
79520
15164
29462
42862
59546
38492
56506
42226
58982
93992
23298
13786
22294
31834
13922
5298
58292
70016
64172
75756
57124
59248
73324
31404
25934
41770
64216
35636
76190
78840
75774
7444
11758
37772
24796
25630
37900
49938
49352
96174
14488
70630
56876
85878
53802
80408
79590
34268
11222
69696
89662
28334
42410
74052
69554
50760
32834
94814
24512
33498
76694
72832
19026
14316
6932
25344
14256
42174
35856
53052
99780
62746
44914
56360
66574
65202
72718
70480
33572
79020
49456
11608
52930
30942
34784
19068
86290
54674
16248
71958
83494
32776
59966
43214
74548
75686
22796
82756
26210
15710
1032
40598
43736
98142
94964
88864
77868
306
9434
5638
5478
574
33016
33554
7402
63750
17144
40112
79054
11864
36134
54044
26808
7108
91284
61560
54942
56172
94114
70354
41070
24342
31736
2248
30594
99790
94388
49298
2846
67842
55200
53486
52844
21928
58260
56028
21318
26852
84660
56072
77766
28830
70580
19868
48258
26060
7262
79072
4628
67702
7460
26214
37712
41522
31740
86596
31672
92900
5560
45604
95720
17658
51142
79938
85180
96970
4134
85684
84658
89880
82014
33542
47876
69744
2426
92780
91616
10780
9246
91276
67154
3058
57146
92578
13838
74448
28384
91682
91686
20878
61250
28896
46870
88432
45264
54348
26032
87504
60210
39772
76226
88024
47114
64710
21526
87776
71042
76772
21486
48912
45926
87868
21670
74164
98260
48382
32540
96202
79094
30222
61388
87508
93214
74190
47932
80100
14536
4886
70042
64016
82434
59616
20552
54908
56282
17662
26298
91404
12566
9374
83510
54914
89774
24440
53194
6822
74470
2254
64452
3440
85988
56342
66938
23196
92868
72606
91440
33988
43738
51366
57308
23710
9128
16332
66934
410
16084
2752
68784
26312
33786
3226
15426
29276
73452
95172
4168
52956
93428
34450
10702
25102
18352
33748
65440
12922
370
52260
77310
95404
50978
29458
65206
47770
50602
63464
85948
48960
33094
37348
28092
38794
81402
55318
25206
46414
28276
78244
33382
6794
4766
94718
14544
84202
95410
4182
21850
30498
63182
81644
57242
88282
538
76522
24688
40384
79302
21780
79642
40898
46976
82914
35672
14728
13972
54994
55194
82958
84686
33754
58248
94054
54170
22068
6114
53526
98010
57294
35864
84846
48250
91672
90022
54070
16906
5630
41522
20772
18102
36770
24120
64016
5186
5808
14416
20058
62458
89730
22396
53804
39202
8318
8202
32074
72872
31088
49198
60338
57050
84460
52014
97700
62712
60280
24700
56320
41018
95212
30150
58358
98724
83924
22904
64384
5398
14068
24546
67410
88604
91074
98768
34428
95088
83756
41904
56246
73306
14736
76016
60452
266
4542
54110
23118
87672
98726
25292
33562
30164
6526
22436
8772
23724
79382
93716
10808
64740
16246
97666
39488
57788
56574
44280
64922
24612
15220
10118
46872
65584
46538
30150
57990
2334
12242
73574
74992
17482
39574
4138
17824
56212
28192
33094
25130
24378
46778
66426
59120
27556
53890
75090
71842
66602
95072
70828
97188
26640
22562
4484
51098
80414
73356
68876
58206
70432
66908
55044
55856
1722
36552
5128
73486
32438
29620
32612
25482
73346
19068
42272
12130
28240
95122
228
36636
10710
15284
93246
75244
33558
12458
44898
6806
42444
13364
83940
45308
21230
86156
32986
5916
29348
18644
98622
66782
47784
37384
85790
52172
24068
62470
1172
66204
42582
48618
27530
14446
78086
21650
58170
98666
79922
54554
7598
87664
44190
89336
4210
50732
1400
32896
77486
75054
72226
84960
10598
40264
2050
40720
98334
37096
17578
72050
65586
51410
68092
47108
60062
52682
86906
31536
46950
53530
10236
52450
39802
16116
36096
51152
97650
97124
28136
92410
46178
41698
24180
66656
44774
31090
66110
47348
77240
81470
15890
90420
35178
47046
57652
55258
13214
71602
58
79300
74548
1942
11556
24006
66678
22788
51910
60640
29642
63434
54226
54326
51918
83062
27026
62280
59740
12924
51116
59390
12746
51442
90892
84544
63190
97462
85060
62720
31346
19122
40342
51438
72356
15348
56278
99072
37822
35070
83478
2874
38952
89484
97950
37746
88342
77608
74218
73358
62264
45946
53772
97006
51632
84344
16614
24236
25492
43836
2936
58678
97758
62436
96510
51282
12252
29270
8968
37702
61606
90758
28482
37570
81514
35116
95664
81808
61202
54524
27326
28130
3754
3102
16372
97848
12002
75428
85618
58840
18468
72926
79868
91576
87850
64812
85312
27600
33126
56378
48606
85982
55306
83072
31482
31110
18270
91804
28974
56278
34738
84422
22406
13988
58120
10668
15872
59716
15246
59810
39808
40660
95614
85272
64524
72916
21116
56144
67540
94650
21108
35418
29398
28892
18010
50062
68326
38614
99148
89248
92534
50786
94754
72170
98360
63334
11596
21336
74432
62912
6384
66852
41804
21328
67376
79752
58976
45224
28372
2348
7936
37988
76144
17200
39598
92848
80196
43578
9298
63394
29868
27034
10992
49594
72554
27532
35984
72008
62518
7442
80778
63470
20868
89884
17650
30772
19764
14254
8176
48374
57916
73870
62476
71862
18394
18148
83492
474
10316
44466
32710
48570
56846
88104
87930
69626
70346
84362
21702
3768
58730
85666
40542
60300
53530
64886
63854
3776
89388
83100
78586
808
27834
32690
74776
31544
88814
9966
81314
46312
16714
32886
16634
58226
1690
22756
15224
99264
19240
64274
61162
79652
84474
2288
31176
11204
39980
3796
67972
94170
75156
40628
40298
3062
2730
98440
59398
56872
26162
10390
94418
2810
59080
91890
20262
65590
95464
9038
63686
24390
87904
84726
48676
79380
95626
54572
9370
70580
99804
50940
45848
88680
37862
4802
84810
74368
69730
80848
32994
31072
17110
42304
94636
15150
85902
68450
34650
58384
48922
1532
54592
15278
31648
68928
39542
88026
10580
36220
89144
62762
56934
15506
40714
82658
69096
57490
67984
35978
18564
24926
17534
57726
61158
13340
38716
3192
37808
70926
16036
9706
95624
64188
78830
30552
43464
94690
80040
77212
26922
14112
63766
48276
68034
22126
84224
3742
33918
48370
62662
79530
14630
67536
93784
48330
31864
9624
88860
6042
55980
72430
32726
26236
64936
43018
100
5356
84000
81298
16420
33528
23750
18322
31754
5372
41214
33332
8252
62006
23374
2662
90224
77808
39878
71836
45460
17376
89222
77288
7150
40944
98694
18458
20000
98834
46684
35956
86934
33398
50642
46824
81808
26760
10896
24150
8044
8090
88118
42478
33806
76500
37398
13828
45850
76052
10360
43036
25476
58104
75196
56618
28442
35596
81348
49462
98948
80762
69800
97826
664
97180
36010
65974
40162
95768
19054
56788
29342
89796
87336
75714
75016
72388
21154
86150
50478
56678
91518
76550
29900
85478
55752
50136
28960
8344
53014
32818
80338
33168
17986
65244
2604
17962
65598
23654
21936
4022
17192
57706
84316
38628
10486
84038
72904
82678
83626
82862
6122
63518
20022
59180
50842
10438
81778
9122
75672
77662
47458
15302
21822
11038
41176
7584
61248
24718
64744
31512
72630
78042
59040
17394
5960
25174
22
5502
15156
33810
92698
7888
35766
4118
85718
91204
38426
8446
61030
48096
38176
96254
51202
43198
44360
79624
61812
6878
34732
8432
1400
1014
90644
67908
94836
4334
50816
376
30098
40944
30896
23060
59894
16034
66712
6482
86880
29384
5804
23500
2474
68170
24198
75132
18578
94142
74302
26448
58084
27012
50010
52170
85790
4920
35288
59194
7016
84372
5602
23828
68
51296
68796
87402
29774
63296
29326
28004
74532
44708
38746
4140
79354
84568
39630
81874
28910
74056
89596
41162
87336
18988
87440
20930
15370
55816
69230
13534
65118
33046
82314
67434
23954
79674
67738
48146
86544
32366
59266
21450
29106
80368
25902
97404
40570
25174
33970
62496
8012
84294
19414
1860
7116
94020
4704
38356
61246
29598
97464
31132
67912
45278
50002
85374
28312
37176
29514
87642
24782
34844
61840
49642
23170
95584
6662
73302
70922
67176
15410
74454
75616
27516
50670
76568
48428
67986
37094
72850
33174
65662
63242
40272
28022
61432
78586
81608
71478
81256
76418
85322
85820
98946
16556
77080
87328
40402
70410
14214
57122
68892
15644
91828
88848
51350
17370
10854
78288
30590
61174
30504
75740
84614
63872
72300
11108
16924
432
18046
93360
11308
62714
61498
69788
6778
35442
60288
53902
62648
55832
23628
85288
75216
46994
39686
10426
97104
68104
38484
5292
51700
94954
13104
32152
78178
21228
65796
60288
42814
17590
59282
94260
14686
35616
13290
60612
12166
54434
33984
14190
8910
396
39160
16666
39090
7524
54854
79696
25680
28410
27476
48068
83352
80992
79878
28058
40848
3656
76182
18808
39104
32398
42148
4898
23952
79250
78818
37302
2732
8168
56306
61700
78972
30336
82516
10410
86614
46804
85048
45920
31520
71580
52958
81120
56186
17384
23254
70752
54040
57148
87514
25132
45124
28002
85846
96650
61240
76150
90056
26102
5928
91344
77866
89990
38278
82872
67092
63248
64464
68424
6000
89092
65124
90490
14702
38796
29162
94050
80874
14316
74370
47966
92000
17808
40006
67970
25536
59610
22738
20838
60262
74780
67894
64788
77754
48186
37178
61572
51490
24306
74564
58258
96530
53578
96548
41072
46704
87044
63626
86244
40560
80332
59158
89736
13632
74742
79712
76320
30488
61636
1586
16702
75784
2264
78982
64824
8936
85844
48630
26894
13088
34166
36626
74154
91166
62998
92092
83044
41270
95036
22382
65716
99772
92620
65030
96740
17326
83564
90326
16232
23142
83238
77426
41278
3680
43214
96330
45622
86364
40030
7664
89052
28446
63734
52810
18302
11084
93046
33870
16592
13406
16270
2824
26556
92728
25262
4758
28056
39566
13096
32684
1344
63730
77430
67630
2862
66136
59238
78004
8190
62994
48228
72272
92328
66934
36954
58168
30516
95722
7210
24950
3170
40574
72440
48054
74032
35130
29714
60506
41420
42602
26592
60608
83746
29570
52706
98240
11886
86022
39734
2892
39974
16282
42672
14300
39888
84344
86684
74814
85758
12490
59194
62702
68516
85344
75016
26018
21992
11886
58972
62988
98584
42016
25096
52764
16992
24898
21820
82352
50182
92824
57618
7380
96708
71074
69860
45650
96718
85912
93308
64474
3560
56352
69680
70954
65730
56810
44604
38366
92032
56540
63792
19894
32546
97426
22678
9646
30702
42502
27384
73408
26244
99400
24612
23802
1600
60400
28298
92360
68102
2434
7632
71828
93512
75666
39194
48084
59096
53300
19524
76100
36040
16104
14058
17586
78306
23458
52440
53524
96246
96554
10764
13532
44458
20274
46118
45954
77030
90970
10524
80678
30996
97312
47946
81234
20582
6098
32838
59428
46790
82614
85686
37286
64862
27724
6214
27896
54404
62794
80278
37436
32714
52188
62644
47000
59628
38014
25992
50162
51616
60216
69920
2790
14964
96154
16440
42424
96704
31396
12766
95112
72160
69804
74648
34140
58640
23740
94870
53776
12076
8148
7490
33346
12362
91472
87916
28282
51492
39438
60860
43216
17252
18242
64026
48494
97462
30866
87896
78520
56780
35268
1600
96994
46172
56870
67280
46874
44686
79198
96722
64806
84544
38486
78682
25960
13974
45846
90270
5276
30606
38320
88878
38562
95970
43876
2636
91772
62180
63298
51998
26038
60964
68534
51020
4916
92466
9668
65826
36494
77874
75198
66784
65776
53134
14054
226
82376
35970
59184
16614
67744
50540
1300
854
79688
76370
73698
7000
5534
88788
68104
85126
56906
93844
28096
52238
29478
46214
53956
5814
25724
82770
91874
47888
45602
97768
6032
41586
17524
47822
9434
83856
20834
23942
27852
86922
54084
75028
59160
95592
39086
77718
21504
52742
74708
67672
58502
81858
42606
92324
24886
51854
5828
66138
8130
84130
38700
82376
67830
14246
89988
89220
42230
57070
67896
74450
23170
8328
52514
52372
67382
82340
71294
39974
75452
15906
32646
6886
36372
6108
41416
79324
44700
48348
57470
11468
30110
32122
45778
4434
93650
30138
79660
34396
35442
58712
22084
80874
56580
21362
18896
27434
75136
18636
92396
24104
98410
42132
61136
45900
34752
70064
84048
46080
13258
83252
77692
72034
63974
80126
59448
12018
41446
55942
25458
94750
82134
49576
80868
5482
91216
6408
15388
42328
25904
77186
57414
97838
36126
26056
58172
40378
80300
2540
87116
2498
26214
86364
46342
39052
45756
38202
58790
80550
79724
77048
16660
66974
92092
18194
81734
32004
49014
22146
60556
85634
32568
19110
50260
46566
47452
91416
23806
26046
26804
25504
54530
29474
59942
58340
44250
46244
76614
14912
90956
76124
69690
94052
86136
12672
47250
40394
24708
92592
89578
81000
93384
31340
30516
81284
93130
67382
51330
74088
91258
59216
55206
14110
5948
33176
81916
21300
83378
89606
95600
7976
39816
49700
26110
79622
48290
90942
33872
29618
79310
61946
56344
75062
2046
51028
82786
73502
82260
9872
53252
51228
28504
91192
73454
17102
93304
77036
62564
18824
72210
11048
28772
15224
47640
30410
93754
11112
76690
55482
19510
21980
13358
50124
31564
18502
39316
73344
86248
33354
78984
37352
38114
39162
17720
38864
77862
80120
82264
77846
85716
65734
66716
16348
26570
94816
48850
67110
65478
39466
28852
21392
46952
37030
22932
57762
73530
98264
57944
89728
56620
37948
19016
28026
45060
70142
98620
77744
40468
53540
56978
68298
86678
28272
3090
53990
80966
1876
82742
33932
66288
49736
73008
20858
80314
58526
72148
94338
45182
70614
36084
15494
61522
54520
92554
76376
15376
36008
91700
17346
56062
32622
53118
33616
60080
39702
82544
83366
81272
4336
3278
71878
23584
64312
71136
57608
99660
86326
6418
53088
7100
54834
3710
16996
79780
98292
86144
25884
31804
44334
46040
83610
38402
47002
74914
53486
36490
69910
6136
93470
51884
39218
27370
79050
66554
1876
56736
97784
15758
43224
71390
78214
22006
82134
46998
47920
25038
7678
55282
79422
70974
19562
76054
77436
30214
12610
95748
36734
49666
50632
83608
50478
12476
95254
76804
70078
84416
95876
25324
81126
19890
38362
17502
80874
47626
97644
90792
18116
96078
61100
67262
32388
28074
86942
57152
52012
84
46242
67506
60082
3848
23768
70604
57290
40418
55072
34274
56766
83856
72806
57406
51732
49094
95516
43020
30796
86926
53076
50986
40566
70294
30292
75054
81114
17212
87180
21790
73674
71146
34484
7378
27358
92876
34338
16960
88864
1970
66172
19178
24136
10332
61484
86190
872
64198
15976
68458
49942
16590
48188
82680
25148
10966
83464
83320
82190
20770
42422
98842
65828
332
68434
57950
93962
34270
98402
83270
45920
13916
90502
16560
6522
29494
26776
63812
31838
29934
19598
48104
48926
77670
26376
86000
17970
99922
55060
4326
81568
96616
8920
94100
81362
49778
66896
25526
4094
2298
686
9856
81724
69352
2972
46932
61180
40928
72118
35938
83434
50728
55230
18782
27114
35876
91598
25448
17136
31212
77614
57380
22690
80434
39226
12706
32614
73908
91272
46716
53032
88880
75402
87942
81464
54842
18720
91842
53950
7456
24034
7110
3980
55624
60230
63336
12728
24390
90158
28440
96266
6702
67542
62646
1820
34336
35594
86568
5550
96340
36202
5974
30750
78520
28362
59694
92766
5076
84294
70278
48032
57714
57708
85072
65376
15392
68608
38508
3760
27272
20198
21836
26656
12696
68388
57090
69496
91770
55802
34484
30162
31678
61744
11132
25916
10610
88240
48574
48330
15780
18582
63520
40732
6760
2786
78388
26410
34984
33960
86902
97554
83814
16036
10618
72362
93484
56816
53162
52120
4176
65508
66322
98412
5452
54758
39012
34740
86858
88444
53674
8170
28560
32626
97148
44586
69574
80178
13340
45900
34822
98662
53576
55188
61966
13524
6152
1132
66714
36980
92920
33578
90790
59512
76264
14850
12296
8218
29756
78728
57402
34248
23890
63404
61762
29114
60094
5750
72294
81042
84576
53092
7078
11694
77488
16532
32266
86288
18326
83666
1168
6338
33840
54624
24504
86256
23084
65316
79206
87430
68984
36302
68198
40602
65498
95048
80806
40838
59898
43150
2062
27786
87140
594
57500
17540
79336
86952
58596
38226
49938
8032
42760
89514
98928
70286
7772
92832
28158
47602
3568
26680
82980
23480
32118
28986
89710
38762
55896
92062
43422
82726
81798
37536
61798
1796
41622
9322
77550
97058
65882
30212
66824
59212
52290
9868
89240
67564
15214
2112
31296
46254
46690
14866
83118
38570
60624
77452
87306
78900
8986
14662
68874
89646
61614
79462
56050
72608
97176
98984
70344
84864
38436
21104
1512
63840
23618
96572
67552
85276
78788
12132
99548
45372
19702
35472
1396
5884
34744
5392
45948
16944
83770
32802
2726
11996
63124
31216
2636
58426
81954
43594
33780
68584
15578
93650
9810
62562
18292
27360
44522
85376
57882
77686
69850
66614
72418
86382
17456
31022
55958
81202
66304
18596
54216
7294
99708
8328
37382
70928
77402
51476
51510
21488
49804
5974
95696
17878
54960
65046
18126
46760
61602
88132
3060
23622
97540
54752
17492
97020
5582
57294
40312
88728
51476
6638
13518
57480
95322
61066
6512
37036
61912
72926
67878
8462
73550
42566
45454
88508
82400
39658
55272
63486
2912
76626
13918
24048
88008
93310
48524
65410
2628
81172
2738
45960
62020
48390
1180
27832
58060
55994
33966
33652
66666
29794
89168
62086
54112
12096
37522
20726
84302
91894
51476
97940
65888
58202
448
4736
63668
37432
27540
22712
48760
20
19138
77422
83516
562
40914
88012
37796
66282
68298
83370
27028
45370
26552
50048
5242
48168
37152
75616
90700
85438
16112
49890
80786
174
85384
49548
8710
85716
24104
81824
27974
786
23322
3140
80784
69510
37534
38344
95188
37496
15654
37980
2456
6194
19256
36130
83244
33428
75764
73974
86976
61214
73454
94072
59458
93232
41386
72344
88004
80568
51652
81170
32842
34522
63750
48552
14186
9772
74152
54770
59392
74844
29950
75666
66776
68118
97268
61612
95494
76388
21280
27396
28804
93410
47114
5660
65162
60610
52210
93348
51340
60380
49022
7130
8392
84310
65108
58082
69982
45038
22418
7244
4404
97466
20788
17958
81042
98246
68922
28312
24228
98044
29266
24986
95334
63386
95008
88660
34940
28594
66528
16858
35754
86972
38108
81844
63254
94004
40750
21506
83994
41460
38758
61432
5960
74808
22372
86452
17370
91758
81946
87440
79762
4850
78294
39746
34536
150
32774
73410
46530
64142
45578
37124
28994
23326
60566
57074
31586
14610
95144
46524
96638
26910
97228
400
60332
79244
87164
37926
27314
9790
90536
84754
75240
47656
8362
92888
30024
36114
68308
91100
18142
63076
22786
37664
73270
59190
82804
25114
59120
64978
43306
25616
88926
55990
66868
33652
26538
45298
86864
53490
5850
66848
53654
71748
65304
21074
8456
4198
43504
90196
41152
89728
32162
85676
67134
53650
4858
1844
90942
45302
68334
90066
47868
7814
9890
97526
33548
48936
59994
28172
95094
93036
98670
52242
32824
34984
48928
10620
60968
24298
89568
6680
76172
64582
2828
66368
77664
4186
71566
19542
43130
95548
12546
36886
80738
98118
14384
93644
5554
33016
2230
8206
32240
86536
59644
43634
60720
10874
1280
63414
27224
34330
86130
24168
66742
52376
99816
38574
56782
79712
39522
63664
4662
71072
45384
88210
38808
11392
30316
33146
77134
94210
73738
97886
84934
42694
6238
36956
54504
52550
22946
4156
29472
50744
89642
79542
6544
64434
64326
38404
55846
54166
49756
69860
29174
68668
74522
8142
51072
92478
38028
95512
54804
25886
63184
21310
63280
80192
46552
83814
35830
75232
30114
7996
12130
18706
69528
91762
58086
86128
48470
670
59298
52100
25302
31456
79874
51478
66530
99290
81194
23688
94834
38350
55302
65890
50858
26534
27720
21924
88738
9188
83806
28804
57166
67720
95738
26690
29802
34298
34522
27190
85496
98830
50230
25062
35998
46452
58730
74810
48220
30518
9962
28494
80444
44214
81184
34002
65894
60024
28598
6434
27614
84366
52982
14324
27668
11288
55594
78002
73922
19522
78262
87628
12110
88198
54904
78778
38952
53526
53558
22346
91440
66340
93224
10698
68046
87748
55400
99590
36208
83512
34480
66570
53548
98456
79296
74030
77384
32676
27676
49430
23454
53678
74008
80820
63998
18946
44182
49816
66820
61544
68666
51050
79306
24356
80918
89166
90588
74368
57584
90832
72428
85806
43900
28114
17960
53936
14658
81334
91498
42080
42016
15326
53394
71074
93958
44178
19224
99390
74010
54202
47406
26196
51670
43038
22632
20862
32960
25680
68874
87616
39278
46034
53614
65674
18590
46310
49590
91900
52806
95962
85542
43416
49086
56650
96840
71638
73016
76816
20568
11542
10384
54828
40922
9410
47102
32838
2124
75158
60888
68278
31952
63410
87778
7144
74764
74692
702
62410
1950
17604
69500
6694
26650
7664
46558
98382
15430
98868
23336
70274
43252
33404
49598
65936
24686
10534
59930
40446
44530
59966
13054
15532
79522
28712
58144
95922
54448
71476
74200
358
57222
1294
40772
46040
55956
37874
26314
27178
19590
3506
58288
42250
95178
60364
96766
99630
8150
16940
78268
70348
59282
2482
41618
52650
12458
91720
52168
4544
64220
42206
99864
57740
45594
68176
75212
78506
39576
92400
44796
79038
92772
23330
74176
94630
92048
12534
84836
8572
52606
18198
19902
88480
8828
10094
42586
2074
29714
83420
51258
7188
30998
23316
82150
51522
92088
84508
21200
2746
4392
93764
9650
68412
95348
43752
87254
15854
95400
19902
6140
66586
75812
70564
24434
60502
91600
72010
46942
39946
15118
11272
43570
98988
52350
81440
9530
60476
47744
32998
91504
78206
43376
45166
50466
6862
26278
16406
14646
65298
21024
67474
64994
41064
79620
34598
16656
33656
55282
45972
61294
90114
99566
96
88094
9282
4498
4148
89696
77712
7572
83420
65800
964
18300
6790
37496
24866
88916
75242
79436
25094
11908
12240
79332
31144
654
98662
59674
57192
53056
47964
88364
64906
13114
90960
82244
56484
12904
1614
62470
24860
15508
8686
16996
43802
50842
39040
84362
6244
35166
8146
80356
65070
72478
58990
61416
87056
83012
29094
71388
2378
54312
34380
64380
74930
62100
25900
30210
22800
59830
60856
90646
16452
86050
90466
84952
20290
70978
93000
93514
99112
13326
79772
36814
79398
52060
4680
23774
27186
82678
24718
97076
50264
82950
51440
82780
7824
94902
81146
87568
89486
36556
50818
59202
50226
25252
80518
20486
79218
59538
16210
12392
91160
82478
19028
62200
6
3304
30970
80510
88432
61294
36400
78918
86154
22288
26290
68120
70930
52412
43602
21162
90428
23306
42146
24948
70984
4236
63236
1962
13340
13650
45628
86898
4346
55148
45724
46534
84136
71458
66554
14780
31552
8736
59832
72190
70480
50470
80890
15580
58692
77848
90980
68296
86684
13528
14646
1806
52624
5998
72300
35082
90580
91526
43138
14182
51860
66100
26362
96246
80380
17826
16280
76906
92990
20428
51564
90932
60366
9580
40378
77920
55832
49950
1462
13320
67402
47176
72698
92162
29042
48396
68956
1898
8180
74818
75540
60628
83104
13716
49790
1166
93146
18832
76030
65346
54012
8598
7388
47250
57652
25884
39392
79760
57998
45732
43526
20348
2786
74894
29328
3680
91200
16680
49552
35932
13646
41544
51246
3122
82862
96282
65232
34102
80262
85326
3096
92218
68166
62664
99796
1394
67318
82132
61124
98150
81376
22406
77268
2278
80284
48582
23262
74704
4912
5362
52254
35814
296
36374
75150
94210
70390
20800
13600
89058
42456
33758
64226
21152
74634
56390
63510
72654
81620
32454
84352
28654
86560
19126
60476
55256
73818
87092
99350
96130
37302
3446
75946
28780
30066
6322
37226
91974
67800
79324
42470
99702
3628
43944
69756
50904
57808
6176
27588
44492
6278
18774
76868
67358
27350
26020
3192
92744
66726
24216
44936
92454
57140
13292
79848
86882
38948
24780
48128
87060
38814
47572
27978
71746
49336
3426
36340
21074
28648
68940
72244
78462
47404
24322
63960
81552
768
87392
7740
69752
15482
83616
85754
30
48078
82530
67998
93382
37552
5744
96822
89030
62032
41202
98160
70550
76930
61038
83244
77488
73566
83762
12832
3936
35710
69694
17166
47774
26446
38044
30980
18678
3036
79512
49214
44648
41818
21922
98912
84530
96776
94110
55504
70152
80212
10526
73348
18356
65190
23192
35630
81666
53510
92232
43322
28600
3058
53040
48872
28016
31634
66932
49702
56432
55066
4690
73714
95736
90968
26600
47962
45028
59124
69320
20544
8234
96902
5080
2764
79826
35108
53250
12244
25834
3636
41064
48642
24526
97660
46372
51854
46804
60730
53722
95202
14140
82466
59186
68612
99966
10592
21124
70078
40724
68098
63586
12338
32972
23184
57998
76324
91290
24918
49974
34472
67928
78024
92738
38398
60220
30882
84694
46610
20250
77066
56052
82098
19308
99960
26296
12796
20746
41088
78618
75996
69238
75310
91408
87416
76322
51084
55406
31772
76266
42076
26262
43246
45684
55408
51736
34060
18268
62156
9818
93338
35590
14236
20990
76780
20900
98480
70516
37308
49776
83200
60258
13054
27012
23170
75854
37912
34846
49468
94892
15440
8252
14396
72290
84520
47244
54692
20464
14088
23332
8196
11938
87530
74408
25570
53670
91260
82510
1260
92992
61742
32380
944
85592
78042
46176
97218
6344
52924
86358
86192
33096
93118
35934
63032
84532
11680
29636
23738
34382
35852
50250
73868
41580
89790
95732
41558
70886
34958
21212
61006
62456
30906
65352
45128
53680
42152
60746
74148
23544
28984
62190
804
96516
91832
30434
8670
42938
31098
43466
63094
37944
1036
12850
88948
46576
36204
81226
35836
1146
12320
53282
48576
35352
86214
77304
32892
288
62590
68830
22292
52142
6494
68026
33042
5794
7422
67312
33978
53334
99860
15582
30282
65870
44810
28006
29212
51156
23500
64104
920
19004
96176
89896
56400
27512
81706
8310
94776
74906
77724
22254
91014
40332
57628
3328
18648
7246
45162
85542
87220
24768
37720
87266
43128
21920
15420
3214
13094
51438
20906
73848
12762
29530
87552
36870
43722
61770
59666
40910
61290
63184
45600
3982
81636
7288
40454
69922
70334
91452
32334
88190
74182
39092
7296
36238
33276
47118
2158
45382
80044
11772
70320
38034
58682
52614
88632
59244
59564
31998
26752
42574
78890
92226
75592
21462
22614
46420
46508
8526
32150
32746
24766
32582
78960
42482
13172
65602
24002
8102
8244
62610
63750
38718
98812
3188
89532
61004
10288
17948
8912
97492
58200
91484
37866
58906
91306
91612
23110
36500
72394
38650
32130
94824
83622
12360
80040
79346
70302
40082
55410
66152
68040
62056
6364
14202
11224
79978
20242
13382
11492
54670
4430
45200
11332
12516
80238
178
92492
31168
86500
87442
57282
47080
24158
58812
84312
91272
52952
41412
26986
85104
38542
44902
22808
98732
11502
86580
98638
66402
13244
63182
77388
5822
32524
67296
23438
42060
42340
38970
6176
6494
28386
24006
19436
56148
56300
22350
40628
55166
80262
61332
68880
12518
43900
81556
53812
97048
73006
76394
79446
27660
55096
42866
78498
30864
2368
53210
72464
17074
11798
11640
37246
6500
48760
62298
14488
16964
7076
39712
69426
89096
98930
5118
47822
41822
89624
87438
87972
59344
45898
6556
84706
65782
40870
87330
88170
82464
67574
6522
72648
7644
13326
72198
64606
89580
96896
4488
56622
72456
17428
86232
10052
54516
64328
44728
82422
55060
60738
83684
11542
81538
21036
91134
43176
3888
16706
69332
63064
5144
81656
30400
20742
24406
50166
34422
19770
32184
23214
41500
37894
33416
45536
5370
974
53132
4084
69276
57386
73898
89856
82050
47630
16870
72076
26154
50042
50064
64254
42376
17244
29960
49218
93196
25014
13584
88648
94756
41462
83474
87436
53598
53100
24886
31260
98904
45080
13270
52396
65160
49338
85590
9518
80106
4016
28402
6438
74404
28970
89346
82320
23772
8206
56390
24892
47814
16166
43520
48002
39710
29934
91944
42426
62462
50404
69220
38852
52582
9538
22002
54128
20918
7490
92684
28428
34476
27956
84000
68924
29756
79802
5920
3356
78514
10048
26898
55344
2362
27244
36852
24754
31132
4100
93098
1282
38698
30310
36790
37394
72058
14744
13748
22320
58038
98274
45424
20674
93746
91406
46768
822
32038
74512
35962
20360
34788
92950
39596
44164
83754
91332
21284
33768
57404
22180
24154
20204
99562
59476
62062
9618
26154
37210
89298
60950
19438
83402
75226
34092
68732
12544
78406
26244
11690
14098
20982
42966
65016
25026
85276
71098
41788
94946
32738
54934
97046
1068
52594
15906
48610
33698
47838
89734
67536
23064
5764
73046
13456
544
67254
63042
75186
98022
57266
12300
46372
78868
94996
33902
78966
3996
59574
43472
17392
400
57760
52732
48796
16642
67150
54414
36168
79688
34142
80802
31334
11800
36632
7914
87622
89946
93360
14296
37968
68754
17132
98436
34366
45252
93780
39882
24618
83852
730
52466
35454
10074
43554
17136
14792
34574
53778
32542
68614
18262
96434
28234
7024
86034
59902
53450
20018
11064
75174
15670
18894
82892
59198
54604
37132
6878
65610
890
52798
37820
91094
32242
60692
71542
46480
39200
86420
24046
51936
95878
31546
19130
86398
504
81568
81340
62706
24476
46968
22740
17286
9990
46788
79802
21854
74258
86556
71856
9680
51890
44096
58120
23830
93112
74534
88194
78398
70156
72602
95028
54750
42172
51768
54928
20588
79054
95002
66104
95900
78540
3280
8046
17272
68786
37326
33134
5150
22034
27250
42146
27410
36420
53672
15526
57176
54050
52364
46314
31728
17986
32924
30028
55344
42794
99866
314
7244
46922
21882
80924
60536
72092
75816
25528
22226
18308
33872
14712
9578
63772
79174
98116
36430
56980
32604
17748
11236
61902
33204
14878
76278
99452
73698
76792
77062
39150
59650
4050
86936
64456
81680
72458
57436
50216
34934
81948
64456
19142
5720
80408
71984
47364
39850
32824
4214
19666
21420
78458
63358
52204
38254
49840
37260
83230
46802
70388
34362
80060
24536
27602
11492
30882
6168
23454
90030
73790
71226
64892
68842
28210
3980
53358
75526
36892
70620
99660
8594
93348
46684
68574
15478
72502
47488
33644
84206
39588
98192
36904
48006
3020
78696
64110
49426
49294
12160
55226
49870
20282
89562
83494
41524
12128
94974
84690
76002
13110
88656
80104
46720
74704
71512
63994
13016
26578
76898
86050
41626
64900
89094
96598
43728
83222
9036
6842
21894
67648
92544
29420
86692
28012
56574
74254
58698
15596
89148
43678
88330
22088
95196
31884
76908
12166
77628
35642
84126
54990
478
76828
81360
51512
35244
39170
23996
2122
46452
84588
7334
72364
28910
29426
92912
11366
88686
12204
720
12396
48568
72158
3328
95594
46206
26682
65196
30016
77342
72652
39618
58116
20926
27532
69470
53330
55340
21274
66252
33528
16908
67280
90192
71222
62662
16142
52454
81372
83100
70618
28300
71920
61436
15082
6340
35200
15706
61776
93812
73036
13594
18314
93948
87496
9680
59432
3024
71934
4682
20854
4152
71956
10540
49662
34244
77238
32996
68354
1034
65688
80570
36488
20772
33704
5698
19146
24024
17964
10238
72212
38656
12090
84824
20378
80918
35364
57752
54820
13358
40764
38204
1278
91056
91044
49322
46332
36948
3250
82092
68610
23038
72790
16152
29674
3054
2122
31630
53804
35474
72566
50586
95304
7860
8374
36496
43312
17726
1980
3774
29800
76554
9008
62238
94572
87524
7016
59164
31696
32714
65142
89224
56978
918
62064
17330
45474
94688
18126
83216
57496
34140
27166
99898
34690
45360
4236
41682
31084
74624
89798
55098
57484
51604
5012
36786
57734
69392
54784
49850
76268
85218
30816
21472
88164
89326
61954
85382
61444
18726
79744
74848
20506
74930
35936
47738
79392
80714
17708
73780
89016
94908
89296
82120
87732
31892
41262
76122
65902
31238
17636
15496
67558
21120
29180
13126
68136
5558
33226
16912
27044
3340
90378
5428
89094
54918
50554
21940
26004
95316
76114
50984
28534
24538
23032
25194
95604
81110
36278
92010
61986
25132
57494
72072
81522
57128
23034
31888
94618
31256
68860
61326
77812
80670
6142
55102
87894
67200
87292
10992
95398
93360
45334
53054
21778
15882
78096
46248
28672
39476
51150
43444
30672
19498
86404
99802
51646
20102
21502
92840
48828
98270
20944
14876
76374
97282
26238
61194
53816
71592
47582
23256
27950
96206
94296
20676
45110
89538
88912
7066
32236
27602
72834
33370
81528
17622
30026
85794
15588
73348
91568
36392
90974
71802
46336
92824
74640
37092
20288
4166
42232
78456
48668
6828
7818
45370
25218
49196
84110
47078
98524
38388
36084
93968
93234
69710
61690
43868
57684
39656
77510
10784
78906
16340
6708
3686
43896
87990
38756
85330
44636
31126
93214
86664
62180
60104
62318
5244
1622
10426
92910
20084
68468
17888
54974
44110
91320
1846
92816
83854
88846
56808
89814
67156
23606
97030
83904
54420
78512
62162
97094
97040
10514
28962
89182
27520
74340
88662
63800
15010
67900
10424
38262
70516
20556
77098
79388
17696
59888
41784
20070
8208
59648
7468
16066
48716
45360
12518
39310
90330
65940
33980
32056
75416
54336
58410
59828
49442
18426
18844
46302
87246
45768
43924
38712
25030
3402
57870
73864
53492
6994
63508
42172
1866
25164
46984
94244
95886
57960
75980
40014
90696
18216
66150
34568
60956
87028
10088
75746
72054
56552
60038
77552
78464
8550
68760
75850
30058
89844
17910
72364
39032
69944
79258
57402
87678
82594
31412
3282
47316
14692
46730
23258
71492
67504
528
92406
34392
75076
14982
20894
15828
84028
46318
60698
72332
10152
32314
6298
65198
24722
30268
52402
17558
13810
78684
41578
12986
42934
73422
95714
36848
23534
70292
59630
27878
44658
46024
59686
48084
95326
88506
48438
33412
13626
59554
1652
65414
68160
6232
85826
25142
72318
50894
14202
59142
11318
92854
21836
6794
63268
54740
66246
14058
29582
60970
40466
4756
60968
24610
7966
92818
41458
47332
74796
26142
49530
40728
67496
31120
86606
3410
49320
42824
25058
85662
26864
26512
63754
4804
6112
92468
25194
27676
60912
19004
52054
52420
85938
52690
65376
49876
25510
25724
24554
15056
91274
45094
51634
21480
72168
56150
81348
49578
19264
84760
33212
79256
58028
45798
32244
48918
18732
16808
12002
88310
28592
81072
38282
50794
29310
13076
50962
60644
55416
16156
22394
60706
7876
23126
94766
78886
53778
42614
36576
13822
1624
64924
61622
98252
27590
96278
7474
6306
49398
19832
88822
96520
55662
36776
7468
20456
20714
86602
34424
5570
48300
65668
31124
43964
20776
66746
94424
36830
27580
94090
12408
11896
80734
2548
59600
58298
80170
85190
23482
51650
46776
98684
61282
94878
81000
61038
72892
40596
650
54422
86408
1422
83916
76090
87666
10470
35930
90126
33640
75508
72128
42658
86790
45870
80974
73940
58466
79652
44196
74946
49894
43358
49372
83130
34250
38894
63612
43530
74678
43080
32550
99284
21516
28366
35840
76426
84872
54208
34214
95346
56506
65726
63586
69998
18212
51042
32606
84820
34082
37798
58752
82328
27180
43970
13840
61982
77808
67578
35382
46626
64954
92838
11484
90652
90398
81220
17984
18434
60556
64584
18754
60304
81056
35404
60166
45810
15216
99844
14444
4566
29192
1748
96128
22306
92054
7472
92610
6406
94676
63438
61908
6458
56194
5776
34016
42946
66190
37916
45948
78300
84444
17338
91836
28226
20144
34070
84502
74750
87886
42500
3368
21940
7856
99170
35252
84760
15132
28902
7002
43124
47398
57892
64966
49004
28276
68298
17798
35254
86434
69730
67388
10114
36486
71848
67502
68412
59028
45844
22668
25694
41934
19218
31282
72338
69812
9836
8000
22552
19408
89144
34140
70670
80256
51220
50798
7432
82288
71470
67682
20718
20258
21544
69248
70558
85542
18564
60162
28766
83474
88
13492
35076
91972
57060
72550
24720
57736
76494
20904
88056
45958
76268
99056
34914
74412
62674
56878
73490
62358
92788
26124
3004
80088
4868
78574
24734
84372
56424
27180
37404
16200
59166
66144
6512
60242
22590
60602
72354
95582
2764
90882
70088
806
82192
57282
18102
89916
80590
1282
80358
47058
45076
12322
85176
41596
64142
11770
94128
29284
93068
26776
25598
29606
40758
79746
82806
98576
79298
63526
88832
18050
88796
61736
39758
93378
14952
74162
43820
21744
26636
83338
64056
10816
71286
17804
28406
25328
7924
35710
93678
17910
51934
5372
76390
25002
23338
19588
9656
21106
89952
71272
58658
13766
38938
8206
15702
86436
15696
30362
15586
67878
56392
70508
19852
63120
36876
72910
64074
44246
56468
89040
40146
79262
2886
60350
47044
22520
18056
72422
85076
55852
10774
79562
80522
88620
70442
43518
82158
97366
75888
74308
57560
69902
14578
49048
8914
33656
4676
63852
83112
58318
33036
6562
50672
68484
65374
37626
86626
12540
57438
10176
4822
69720
27430
47902
60778
33192
90278
332
19266
52460
15178
58068
29030
98700
35084
32994
92272
5806
29640
11178
92694
10596
17326
10694
45584
32026
43378
80492
45160
72578
61204
33616
97014
9098
66840
22130
80738
91458
69916
44154
54228
52454
19204
80358
9428
46554
6178
75800
23126
92552
51508
61822
9106
3774
37248
40798
72194
45072
75532
88012
85766
86758
95468
38372
20564
24442
22210
45004
61096
16714
28142
17018
96418
76562
204
56558
70554
10682
83602
3318
68440
39364
34800
26238
99458
82464
81360
67806
32228
51428
21854
31906
62764
93342
30940
29482
95784
84774
15932
64564
45700
36728
65832
81264
89560
46786
9840
78118
49284
32974
13372
14092
88534
43300
18456
16584
49176
28188
52086
61290
13234
29050
71602
44686
2288
44498
96438
87204
60234
38078
95638
18490
65822
46724
32600
79606
69012
44458
54358
57486
48822
61364
99686
15494
22336
37178
96556
97404
1020
56114
27070
48226
64330
31518
3568
39836
14450
392
75970
33078
40442
57354
62576
28598
71066
21182
26530
78088
91704
84686
83886
68822
96576
68452
51492
1170
11588
80612
31370
41514
21300
45070
24652
78210
91768
74118
44626
54186
28832
26936
77442
95724
51656
7510
80496
15668
97412
87920
34906
19960
30918
32496
86414
23622
29736
57286
85298
22432
9998
45376
73858
13110
50860
53612
77904
54928
21190
90860
1168
68996
83856
9868
16262
93108
32076
43170
54126
15668
2130
28700
64070
3390
87806
13184
18332
24834
69816
57260
72040
80680
15074
92080
55982
58486
21218
31270
10564
5238
30718
73270
43320
35778
27276
23660
42382
82398
92000
4000
93646
28964
15606
1068
44554
60180
73018
27708
80108
46384
56960
2722
85486
83150
59162
88870
16278
41074
20646
30770
40110
5894
98762
71308
87224
49932
28386
68150
83664
83824
89754
15138
21096
92240
50474
45418
3534
68888
4016
60392
25822
41176
37724
44022
63534
13276
66676
11046
2768
85270
36574
3096
16862
61898
40586
55224
80600
54530
69338
32174
88286
20926
10474
21726
16816
97338
69070
31448
18190
58800
49028
21362
2224
83086
730
32298
29570
79412
7606
78888
4870
65986
19920
60866
31540
38694
64292
70498
17660
21044
282
7854
40522
30816
71712
7952
80870
95698
99100
82422
14402
97004
57188
43126
71264
66048
68020
94286
75376
54176
80542
13318
11416
17572
68146
13448
38092
11294
64908
13752
85406
6912
25382
82224
73102
93744
23348
5416
76126
52172
25306
8320
34144
61482
42582
65412
75626
83926
6972
68594
83610
76006
97850
17752
94436
40174
12428
77970
22724
89898
99414
88998
1666
53180
58094
96288
8610
95880
64620
8790
31236
50090
16706
8912
44846
81870
22412
40182
88732
47920
69202
87892
59030
83626
56936
58064
53112
91598
80684
44834
84054
68668
25118
42534
106
3610
36310
50520
93962
95434
79510
55026
95278
88376
42902
64262
10766
85124
63066
7234
15338
40258
46108
62112
62456
30946
98782
35484
40250
48426
57068
88558
652
66448
34930
68480
84720
95778
73940
66628
52390
8922
41258
60184
17032
79738
34164
58492
99070
95032
4152
98382
76256
75660
35266
21030
96260
40574
73354
42816
39640
71692
81180
74956
19072
77162
30246
62816
78044
33314
55318
27962
90970
99652
41970
72272
89562
63056
80722
77162
49798
57512
88722
81816
45782
89372
65530
52358
13948
74336
11544
86634
80158
38268
8366
13398
89518
65076
52818
14670
98092
53464
60032
16738
58244
29524
89674
8578
14094
7724
32398
56038
17028
15868
63416
28678
27294
37890
64280
12532
11344
40030
15524
64518
41428
31648
14938
11404
7858
11986
84212
66220
38116
24732
63268
49900
332
58366
31356
7754
28074
3174
76862
73014
84556
36994
23262
61538
83312
39938
42442
49198
82622
53672
5636
68648
51692
39058
45968
66618
87766
70472
31550
44034
70682
96358
67590
65558
22206
69792
57898
85372
59392
6234
4272
27554
48004
73556
7326
17716
34720
80940
79354
18690
99310
54778
80146
17330
39654
16532
4104
67344
6514
53744
71098
14530
2656
24942
14334
18144
90302
44646
39540
24142
24946
81592
97520
35998
51960
62346
10548
94556
27030
19890
66086
92914
15934
25644
92068
56306
73662
20240
27234
28878
222
30976
16756
83700
18646
71890
23560
69686
63132
6776
96560
12608
47714
61430
49938
27950
24430
85340
83394
47690
74780
57574
34348
5416
42724
23892
26478
56280
10934
77750
56754
44082
89122
30882
71592
18500
69934
78460
28146
79734
85960
27362
71912
53802
25752
5256
62772
99766
85802
94716
16654
50992
8624
53972
90216
75882
83984
2208
55584
12254
33500
76238
77788
92724
22286
19136
30272
28404
77828
69496
44210
37348
4398
76824
76554
7628
49828
59042
95478
73042
88086
56964
35784
75338
25582
8060
55958
45774
18858
15986
66626
63606
93562
93514
42284
87124
33116
75196
55706
92680
25090
52228
98828
10448
83498
45878
74932
33714
97198
71240
3614
72336
63924
75100
90732
16924
19080
45532
69610
74248
66060
93956
34064
41854
2396
41070
20246
63394
81176
52326
13676
73118
13296
96958
76162
98976
24470
45214
82816
78952
45024
28564
82434
31714
43356
44354
44770
66604
64148
47106
86380
73512
28488
85186
85474
93916
76664
24508
76510
44978
89084
95444
92056
61458
6830
80978
7628
42378
69598
46686
34348
52530
48366
87754
73186
48288
39118
9514
48670
30128
20644
96910
20576
80118
35816
15454
65602
65194
71460
46630
94122
73352
40474
73198
69046
40556
72738
73324
77446
66462
33512
63780
58628
74330
75036
31420
82734
2566
8248
1392
67338
80900
20620
39874
95028
48166
60510
48364
52880
1604
13186
26272
11968
42270
51646
99342
32248
78582
17274
25540
75278
74432
47572
16352
35294
8966
49862
89516
88026
52890
13248
37112
27718
92032
24794
53262
31394
57880
71018
32870
94736
90712
66616
88120
58030
3696
71686
59472
28888
54094
76172
80038
43360
77716
87124
45450
26550
37072
9902
53884
42094
67076
95542
11324
51774
29756
34678
56300
98958
15592
17768
27400
99254
34768
93096
34328
55588
22600
28794
29512
89300
83532
2588
63798
1608
62938
32356
62448
99894
20352
75862
5712
79636
79040
82240
77894
3496
21442
4346
51046
78670
71828
58380
47988
64290
21678
10912
9266
68624
39090
35298
95476
19298
16600
18596
96476
52546
4822
37682
1634
55860
90634
41312
97176
82132
86138
64182
52464
19600
55450
94164
11216
4504
78486
23058
21852
61716
46760
8148
17222
64148
11722
77220
28376
73776
74594
39218
96554
85128
15398
40402
80218
71782
91252
96950
33018
95802
91154
17394
61484
25558
87672
97796
19220
42854
87548
17684
39598
60430
12934
66214
82022
39964
79286
33982
82086
32922
65664
85752
56716
4572
71980
73164
64596
12390
72144
69696
11638
29006
24872
34030
77496
84364
78410
33834
93502
36842
60290
90122
87704
29844
81688
9124
88848
71388
70364
9204
97928
43060
24914
5752
2798
48058
31036
55760
35144
88668
18702
35292
93072
1002
46130
32974
14878
18470
46110
72096
26554
54168
39608
84370
13056
79796
31302
86424
36908
73466
93500
23828
80802
18804
52798
54812
20944
99048
77688
84654
87628
68804
87492
86218
84656
22366
36214
18864
27778
18312
26088
16306
31134
46860
30942
97580
94658
56538
69204
86740
16264
81480
60350
21180
99546
84106
37654
98144
77054
90226
11538
7734
23160
89474
15718
14948
66364
55984
26458
64288
30520
47936
66696
22098
94770
27350
4050
51148
56614
15212
38098
41716
99484
4352
99922
41024
69924
42130
42640
65900
8858
63648
81520
83140
61794
61124
75184
52326
80788
46738
49362
76884
81934
39250
12890
40556
18788
32810
41618
20498
72118
49072
958
79240
20814
13576
38888
61010
26646
3718
7664
75768
50036
33306
76388
51400
28876
48754
83196
87556
74720
18018
20112
47202
44888
86416
68752
79938
29008
95858
71918
82932
62548
38974
18896
83278
2790
49218
19988
95114
76766
25082
90354
15474
41858
67624
65234
9306
39798
33624
2560
48722
38288
78782
87406
82136
87724
79746
62518
12308
65908
99672
5740
56556
84520
11716
22616
72930
21718
17948
85150
61934
62624
52784
76940
89288
12328
50718
1378
82960
50932
73634
9632
55538
48616
23994
91490
24686
66216
23994
38494
33352
55116
39568
77078
91774
63178
37278
22904
66222
64710
83740
30036
7662
496
5258
99226
99862
94874
23142
46946
99504
8422
53122
60796
81984
21780
93678
78014
40136
6688
73806
5068
4872
37330
22170
1046
31956
52532
62168
74760
64514
52996
11766
50472
12776
54964
43680
64660
74586
41158
66634
93852
69034
24018
33968
14600
83732
27974
84040
47874
63952
25800
8916
93526
56376
16346
96698
91852
84014
68374
87968
56988
24840
94948
61124
27308
38096
86912
19750
45340
59182
33194
9706
70980
57106
14790
83238
20590
99544
61356
46986
95052
12970
14984
77038
74596
2466
2902
90610
53270
18060
40742
30044
54388
23984
57182
10720
11382
70498
10866
5814
35510
50874
85740
9730
56020
26422
87038
88738
30716
74432
53062
98512
50810
45032
84918
89472
94780
11040
32332
84372
44862
74376
9362
81720
20338
14832
37568
77542
70068
93404
33760
78960
76490
74692
6096
75102
2620
40590
36614
76440
19008
14254
28998
21260
420
11704
42332
70392
7340
39448
662
56548
12618
29852
89248
70472
2576
78586
62458
90380
89332
22028
49336
52298
27574
822
67700
78372
52514
70462
54724
2618
45236
22196
8964
31206
78306
46688
28674
95904
67462
15098
284
72886
81318
56362
73082
99270
21420
21502
92604
90812
31548
94374
47934
57180
45190
43290
67610
26024
75372
92810
48688
12346
51272
49116
65458
50340
37876
232
56662
1594
78358
41470
40190
71670
93944
48952
56040
20712
17284
47548
98496
29886
15824
97876
76716
6878
29370
63508
69076
29738
16968
11638
71752
94982
74924
21170
74012
99612
92940
5416
63490
22514
6540
95484
9718
69154
4146
11266
19170
87720
26998
110
31978
20526
76584
25912
4118
67514
81092
38952
37910
50966
84966
37984
98950
2120
3666
99832
24792
60256
69418
98326
37022
71854
16218
51328
68302
80754
82362
30712
6658
22512
86660
39682
11624
33764
11948
87760
75924
9128
63508
3778
65172
11560
66226
46412
86972
3120
50966
40560
62496
43118
49520
68622
52736
31816
90480
62036
43948
70724
44750
68936
89504
63726
30792
61632
4988
37992
90062
57934
33028
63950
32658
81572
80522
4700
42886
4706
70854
73898
56202
36824
3914
72102
92348
23326
16176
55796
15878
89970
45100
20056
75082
91944
11294
85608
29132
16556
63750
11834
32320
57526
80442
59602
75664
21448
12262
55362
72742
56816
70966
7812
48504
79394
12036
98174
76388
25080
93962
39406
64554
1122
38114
89744
48528
2456
65626
92792
77874
64956
36516
51848
73264
3400
23404
22626
89336
27308
50250
73124
36420
38418
66268
43114
18888
27554
20868
39116
15828
46524
91562
26836
91240
82768
84862
28340
41884
44728
69596
65754
62746
61296
94176
68248
37206
10062
97930
78294
5292
97210
17262
18276
42720
74464
68694
75494
72192
22978
57132
14396
44144
55932
24034
29412
70002
70720
59810
2856
15192
15602
90212
16180
59882
40286
13170
11214
94466
69364
15266
17716
95600
9584
36596
43984
41784
58014
16332
54402
99854
2942
84222
64012
18544
96470
94954
47454
7442
65680
65314
36790
32552
18104
9542
9512
80958
51424
92602
31516
32888
73342
62884
1522
31990
75282
14752
77938
51954
37960
27068
48144
25154
60146
88746
60364
54086
25018
66810
10892
81250
48840
26076
67954
17858
39908
13150
48770
70634
78584
80488
17744
92126
15214
67530
50768
57254
65286
56482
9654
54436
42646
24830
96372
88470
28196
76562
17500
76826
43524
51400
35486
8768
51672
47254
12204
12814
22910
86284
12986
71034
55118
89262
52316
23470
87894
1594
58198
76090
49482
41692
26700
74362
62506
38064
20332
74204
15558
66672
33840
66224
44820
62796
50436
9864
34912
88274
64684
54898
79382
11448
60396
33908
10450
50062
94932
77430
426
99330
78358
57444
30322
20170
98252
73330
88706
45754
10314
54168
61402
41808
23400
91166
40760
39708
89898
84794
74578
92422
2628
60690
79438
57742
41184
6062
28990
32176
63050
44302
45542
86828
66704
92786
54870
9012
9884
75786
53476
41426
89162
90028
41734
65680
87356
21366
70252
70560
65342
78450
96278
68378
47378
90590
5712
21390
43472
85744
95474
3330
39460
51004
57460
82856
63468
95910
10500
5222
55494
74002
77328
84222
39350
3294
28854
71598
81636
75304
60398
71692
55080
11740
72060
5018
31408
6728
92300
16654
15842
44240
1472
4200
94288
46538
71656
94056
62056
72998
14896
14872
22784
94862
59228
31998
49708
13382
23776
21266
43356
13230
76234
55842
80308
80572
68728
46724
11100
90768
81650
71154
40882
92082
79166
30590
87490
57526
96076
8944
68022
81826
55412
12518
78598
26644
92820
4620
23200
38040
79914
52800
89706
13890
77018
99738
4572
58328
51864
48490
60382
93952
68958
69400
40848
22712
88206
30930
2766
59202
93072
37026
16758
84932
37018
75242
43168
94388
53800
77912
6794
85432
76904
15400
93332
30386
96556
77962
21826
4576
96094
7892
85344
248
57392
52324
31492
95102
70138
37680
42498
82846
85908
96782
61876
93656
140
88806
56558
26806
5758
84854
67962
10706
86828
99922
29478
4984
72014
86416
37362
88258
77620
69844
29746
83562
25594
7218
23736
19040
37006
8880
8392
48156
74672
9888
76902
45030
9388
86270
63986
95462
84316
54450
23424
13188
55124
64866
41864
22790
35690
98046
49770
91826
50258
13384
54884
47608
47796
86782
23658
23086
48370
17084
78946
20004
68876
14214
8746
98580
41268
78366
98240
98062
7758
56892
55740
62016
36126
67680
94364
39622
4646
44830
38714
98544
39150
40140
26464
9844
38216
22192
92386
8450
27558
53144
90974
85444
22460
68254
52278
78986
10290
16100
89056
9396
97526
75872
75754
78146
60922
70424
43788
96864
44028
35838
1138
2862
11318
38210
63966
69542
58832
80976
96384
74616
76144
33762
75042
86990
61722
64300
28146
33760
14786
22188
92486
50646
4670
54918
14046
250
92612
38018
4996
27312
7536
40366
80592
76406
52012
21898
26796
97562
94764
9742
29006
80274
19920
30586
7010
91424
70940
62620
48842
21186
14136
94618
13630
70536
63162
28646
91568
79870
10788
6390
47522
96160
6582
1560
97954
33930
18832
89442
35170
2308
65984
74790
79896
41328
87572
3064
42960
51934
55416
70944
44304
36342
11794
71576
83442
73284
87142
18820
78616
22514
90416
13594
76900
43730
77564
88880
3878
44910
30768
38756
4170
3478
47128
35782
11310
53986
99818
84546
27898
78210
93992
91570
61432
50136
90370
32668
66004
82942
51258
47376
80638
85942
83240
59784
47740
57204
346
52292
13598
5126
66014
96278
56558
60660
48768
86590
17108
1090
99024
30766
54880
51596
36344
79084
64616
2560
37624
27732
33322
13486
62444
6856
43558
24690
17952
76242
10132
33694
61108
45510
23202
33214
11676
92312
29882
77438
90310
66726
71078
49630
84140
58580
70680
32478
51984
64056
36812
57020
43192
81808
99726
65780
67558
72422
93110
82334
78462
56302
6832
39286
42540
28886
9068
83018
96868
57582
37114
10390
15466
90902
93860
61566
31512
12442
61712
83144
55236
2204
62572
7588
59316
65428
22926
71094
89314
49070
55020
15758
47552
65912
21114
72636
23104
66994
5918
15536
39452
74232
92796
90670
42284
91274
47046
72854
72800
82202
24528
72852
48650
48402
9540
24344
89920
98192
55402
58966
6244
92262
84694
36592
98808
15152
42944
98054
36450
18160
24360
96656
17306
79660
14214
41156
43776
46892
29890
14394
29634
11940
60088
96120
24152
88944
16318
86042
98500
97964
87770
74746
71310
33554
22672
83532
35182
89560
52928
78996
15808
19478
14176
42802
6722
89338
93616
98772
50402
91436
45356
706
472
76218
8024
3792
12596
47782
98722
58886
84056
94742
11906
99518
23364
14664
26754
59846
38938
66178
97074
36434
61192
22884
70650
26294
97184
83034
5438
10990
53324
77188
9072
52628
51310
35534
33648
16658
72612
66240
92354
94060
2838
714
41140
41044
36548
19462
80162
39848
4976
20782
82248
1444
24142
45106
28090
65938
26584
30338
26396
18286
34550
11644
7382
50328
42242
74378
69972
14824
19714
84664
67830
18346
48426
9432
58606
96930
7492
67560
25650
26658
53692
35460
76080
29090
63120
51076
74022
91310
37996
65682
63662
66266
62018
97282
33732
45326
74828
55390
47220
42784
34928
74424
65654
30204
61246
22504
66494
46764
88136
54910
4814
73948
23944
60688
19942
58122
50906
28362
95396
58566
42770
15168
49160
40722
80840
85688
42522
83704
35964
82984
530
69086
86320
82184
1320
24944
84372
20590
41786
97694
94548
16796
84986
83832
32830
66198
32416
43442
19904
94578
15108
56672
6148
96476
80238
57542
72242
48734
18628
6172
25240
32680
65026
36610
11884
92790
27532
36848
17936
20582
81356
57782
21296
39830
62416
98278
48646
31906
19166
94882
8012
32206
87358
22052
2948
78040
10324
27222
48196
98330
23380
26788
37558
89444
76376
13522
40058
78946
8758
77656
75504
34612
93388
24256
80632
25288
53290
30296
45426
46224
70830
83050
19370
41570
76390
32484
80644
94234
90172
3098
55840
16414
95802
2928
88156
56800
80824
5512
64036
43876
52896
77806
43498
42084
84988
87438
72708
53360
56704
82058
66820
20570
18080
19086
10576
50396
49146
22364
50090
74056
45430
78084
99108
27412
93108
70906
81548
83610
28918
24778
97764
6828
34582
64618
69576
30552
43486
48676
3392
99604
44744
32030
6792
76012
48692
82740
86520
60074
52674
33192
45314
52788
70724
87686
13200
4848
77106
97024
78578
28320
43760
67422
79030
48526
84678
34170
31380
84724
65548
46456
42878
43676
42092
56308
59178
30404
9782
10602
33900
33492
31342
40604
55178
6836
98158
21584
92520
5386
63346
65388
97284
41716
32516
64156
28668
42438
89618
85694
26674
88054
83992
26368
14650
38300
43122
22462
43048
18186
73120
48694
64978
59448
60698
45046
96346
37310
35306
42474
99562
35304
10388
30564
14670
10482
80578
2474
72292
7098
29690
70818
9774
2898
29120
41146
19508
93472
84004
28716
75278
33272
61458
90408
2294
75376
75402
63366
15756
23282
42062
13088
96826
45702
15152
18594
26578
5698
57144
95410
36532
14552
15054
34640
15880
68340
17878
57488
10812
8050
51518
33072
8960
45536
18662
50644
42092
3808
79316
82806
26312
22974
27090
39952
29642
45712
67948
83908
86898
63246
69202
88514
39852
10446
83830
47432
17272
15168
54082
57162
38492
7704
90526
53328
97680
45278
77466
59184
67860
71490
84754
6616
49856
72562
76978
11910
26792
31006
53954
86932
43344
39246
30832
51600
13316
54464
31524
81610
2764
48570
80064
68736
6192
38142
20188
3072
14064
80646
20904
61156
78870
14830
54872
64374
72678
68694
6290
59910
62796
20530
78660
5722
27496
16528
42200
98840
97580
41730
99064
2574
85750
70516
7172
68506
31614
84202
47186
79716
68756
42230
15914
98120
76300
27000
12390
86610
69800
94304
92932
86026
66976
83670
18268
47440
43824
50520
31356
20672
97394
93904
58414
25026
28648
30156
8160
16530
920
80660
70658
44126
57190
81936
46402
18104
79178
97724
92566
79022
18044
12446
89626
27122
47222
6138
98848
63536
74208
87658
70738
90894
44838
81236
41918
37996
11010
91006
3130
27720
76834
7234
59110
82406
92118
37368
95304
81402
32016
35498
42382
50258
96828
13318
27842
54792
23898
11368
9200
1802
47344
40546
85412
52246
63130
80234
6624
25876
50180
22350
13626
7566
33216
45146
1130
85554
86662
97938
55954
80888
56364
41050
90036
95160
84696
14088
77722
67670
48254
7034
47644
67724
25294
4470
8418
40522
9344
1096
57208
45702
15152
87134
69200
74220
57300
5158
8948
72576
82992
40026
48004
42918
53576
51360
96120
84922
82758
34250
17808
76988
39650
6694
17868
51122
44208
63360
55778
33314
83534
53294
13854
79458
85198
77120
18060
34996
97088
63946
58794
82544
95790
47056
94204
1184
76472
38652
90620
59522
46706
26488
27668
42598
65586
9488
98230
14704
21390
30052
63288
93740
1054
96680
10436
95668
60064
87564
22522
720
60830
10504
82716
46368
52250
45544
72052
87086
68980
72562
29554
80168
28166
40890
18820
94948
28916
61002
61412
3690
68500
95132
16430
13958
34912
40522
85550
97834
92012
6482
77586
30626
96252
61174
85464
36604
87162
93674
95010
47746
92020
47022
99166
81578
77606
88670
32112
66136
96468
7148
16262
42678
14922
47980
88662
95506
58808
92346
62224
26804
96368
47244
72224
13264
30658
81348
68046
58978
27690
72068
22600
72110
2544
306
71048
47744
61398
27206
34864
93838
83596
51932
50922
5948
32720
1686
86208
204
10500
10364
93806
3318
62858
85390
32680
67562
13506
21802
47372
76320
40318
48460
13298
11956
97046
42010
36142
89204
76390
22332
77464
86044
70964
56910
80838
46868
22986
666
25432
88688
25344
12496
26116
96664
33106
85530
52608
17914
54214
70340
67490
51276
73328
3032
34452
86806
27270
13578
60076
60460
38128
16164
60862
21812
48446
22582
25358
65292
25382
14388
80508
33828
1950
49866
42248
33722
92388
10698
21106
9700
21014
304
87568
3416
17768
7348
73502
12906
79474
97114
85196
61606
35468
45992
47602
99750
15078
52842
51438
14742
6740
43594
64916
43734
58614
1578
76284
21938
27406
6480
52288
16504
52156
56860
67498
10504
86800
12168
13936
64090
4936
2740
92256
97654
13320
44092
68852
57686
84528
16998
35254
66846
72576
64470
37420
38358
48532
51124
97334
19730
1168
53210
16998
53436
86966
81090
37782
27486
97370
626
40292
55772
13796
76556
43000
3352
40282
37020
62692
67694
21196
8848
64176
52330
27740
33942
91802
46504
14716
93084
83192
83444
37272
6282
90858
304
90984
8644
74176
2380
52690
97032
11452
91730
74028
97300
64690
13166
62072
21240
8234
35778
84098
44468
33176
95564
23992
1552
8694
35908
64698
96492
44340
85052
57882
41600
95778
54770
14232
24076
51682
33840
24876
16270
908
28648
87160
91778
23078
77736
47820
95182
36680
96934
8706
34702
41082
26586
69822
54864
47862
77098
14644
56792
24444
18112
22770
84568
71956
96486
39962
15092
22644
68484
3440
85692
15006
28604
68504
840
53012
92602
18834
67602
54936
34650
19252
25436
68376
49646
8754
1846
60184
69050
75390
19432
9508
25780
8220
11820
2944
35624
19592
45248
30144
56078
79408
93278
65308
93824
29950
17518
24298
68130
22142
89510
21042
77054
54750
89916
6200
13208
47842
68512
40278
74944
52324
70924
42592
11184
11928
91162
3516
16934
24432
30760
1202
33362
14190
61050
80728
59058
31958
21856
75372
27494
14652
92110
79848
41000
33312
46570
75176
66604
13990
24086
86574
67428
40688
64106
87944
88234
97858
17822
48154
6742
98058
22814
2520
64754
89560
32982
74824
97196
98532
78990
96920
96914
85672
57588
57376
38176
63066
17232
70592
44102
14494
31772
88776
35766
45256
9318
76062
83112
33682
10248
8272
53224
8388
89752
86440
5104
11440
22380
69340
43828
80952
57210
84272
51016
65686
418
6280
95948
47138
4310
70056
66012
26500
77648
34098
906
40292
20752
59628
83684
78272
66038
84412
31062
31162
66604
77814
56538
62404
65710
92606
62672
8656
74922
49066
8856
40468
276
74370
44292
70474
62120
45166
55954
1516
1182
91146
13854
85204
12430
16816
17252
79768
10122
60566
37556
93548
84858
34720
72184
12258
3902
97880
69656
21296
75294
27206
9302
54766
5142
71642
6822
50470
48368
72332
37536
80550
16408
38328
93360
84502
56908
9364
53286
11582
95350
56918
83464
62762
66494
67956
78102
90940
12534
98756
15916
18912
28378
10500
94334
75856
79974
89814
39868
13808
79820
76244
3052
27986
1386
46008
27498
34240
53150
8638
24856
78406
55198
97022
16698
71454
88494
39882
83456
96234
88388
89994
76710
90734
13874
57932
53872
9784
35192
70274
83250
49624
32948
18834
6058
42838
67900
15730
52194
59190
75062
13912
94778
31680
7188
32242
17952
4046
23292
28040
62942
98366
19944
99432
48936
22188
87754
83716
31904
4486
89752
3860
82444
15590
44962
54622
83862
42200
7654
81242
46756
17020
48462
27714
64474
39088
19894
94164
17034
90708
95104
362
9508
99898
74818
11452
3730
15228
42542
80530
54958
48902
22680
86802
56030
52482
4122
7838
24300
97960
25858
42512
1334
51016
25018
93072
58756
57762
90510
4296
91210
15760
12252
44054
60338
33884
92474
94046
46686
53298
41398
24872
73520
66522
14422
10310
36830
20314
93790
8424
87722
62028
2958
56156
17630
15256
37154
61426
86668
98234
44646
93820
88198
83060
89972
73374
70168
10678
90000
21540
70902
91204
19846
72332
74148
82670
80278
41788
78584
46616
9044
2812
56058
95016
94054
39090
448
81206
77662
57936
42950
76128
54844
50464
36484
46316
60948
76098
95232
95912
73886
27408
64720
4438
26410
14796
6418
17938
26008
38524
74116
54722
80348
96066
50080
64914
62946
74774
88978
47806
7166
50692
56578
53128
14656
39740
12240
54226
43984
29948
86086
20712
12684
57846
1160
40700
65718
46068
76726
51800
4354
36978
69662
63234
56300
15410
96742
70728
84794
54116
21228
23490
87188
31754
91834
93440
75616
91314
78814
10290
78272
97886
86140
58464
7688
87552
27700
24270
88202
7536
65306
70754
28010
20078
81918
31578
81368
89850
17870
62488
55774
98240
25594
31706
29616
6746
3392
31400
22530
42708
33726
4222
72820
93392
32900
51418
17242
97350
89280
84070
75324
28462
62698
52020
87124
59240
32466
72454
50996
51586
88230
27072
47252
93254
40964
6524
95286
44296
85324
54098
92324
90510
95622
45490
88086
43932
86024
7568
19290
13322
65756
88424
55778
38506
25540
79176
2256
21000
48064
93566
9834
37250
27316
44994
9530
50280
23844
91814
71364
92864
69994
1162
21396
56522
65918
70734
33798
54686
22768
32476
21314
83120
6130
18808
93538
56978
52676
74864
63700
28380
13148
92398
48728
63426
10746
50494
60000
5018
82548
74838
67778
35186
60392
67170
99858
96642
39162
50748
4960
43338
76572
8762
92042
53364
77612
20040
22680
70688
26232
78660
28434
67288
22502
83184
65388
64772
64204
63648
46646
48650
40548
85040
99478
69722
57164
17696
8474
67264
3272
42216
66142
62454
9140
10532
38108
51886
86806
41712
54656
70592
75436
65698
26784
75140
71476
11178
18216
92038
64416
92002
85034
92050
64520
44588
2308
59280
47442
89840
33966
65848
81432
42810
1556
22214
55246
12200
51258
47406
13766
36628
54606
93206
96442
61110
65908
78724
82060
4894
15146
52910
38026
88920
53568
97856
86444
81712
53284
84616
75100
74442
64176
72094
4538
15842
69924
59464
94772
43368
62380
85716
84804
27168
52412
71814
3580
85268
20770
95578
7364
90244
72358
53172
74222
74708
70184
84186
68260
648
40572
44260
44328
31020
60492
61800
22202
51652
39370
95278
7910
56164
13934
50516
25588
54798
52130
28462
10174
80058
87514
6098
37294
86088
37812
50298
64980
50554
50870
15946
74362
35346
65114
16364
13440
1440
87506
90442
19560
26850
53842
45286
38922
8372
30762
37034
35440
20156
9486
28136
90900
9554
67556
75670
5192
86718
11716
98160
18096
2862
70406
93750
22562
7270
25570
48454
4468
61802
34264
29038
200
25762
25848
3518
52704
11740
71638
85866
13162
9594
49032
89276
33646
47438
11760
93778
15254
27692
82910
75496
58680
11926
59572
33070
20728
67834
53398
55824
38664
39776
63020
76016
72700
93966
54072
2678
27324
46948
89394
51890
88428
95518
72782
75854
62392
7156
46860
71936
91998
25088
83254
87980
11836
99000
34472
94888
25696
3058
14384
52694
86038
81066
72026
39276
7066
96474
64610
50352
39042
2532
65998
84678
58622
41046
10202
39384
82458
1316
66408
37282
1058
298
89818
93858
42048
94956
5054
58642
10804
19288
12986
97072
99316
34320
49114
69866
24284
55042
16404
24196
98980
24434
77280
50042
35286
65934
272
21800
84918
64738
68618
33420
98956
54720
53722
80686
29704
70782
73774
19328
17748
88408
69850
54832
32492
55428
30552
66806
79518
11182
77686
60802
34096
22374
760
35932
48216
73886
50282
17074
95978
16274
5820
42150
79390
64584
26868
20550
70886
72412
83030
27028
46244
4768
76288
69244
85892
76916
22578
77538
67168
69408
15614
98480
92808
6948
1254
1966
5236
81268
23332
1268
95524
91128
67010
74072
91904
86620
75038
28036
10702
91814
22942
540
7854
10012
45792
29310
32356
38838
22894
97210
17446
45664
96342
36812
79480
99424
22352
19692
21208
73062
89106
79364
45588
56976
72866
82226
23004
6086
62972
60596
44896
45046
82492
67210
62266
31500
35262
18070
18202
75608
85340
98054
34000
95804
49502
66630
9248
61420
64546
12368
88370
58360
47622
61992
16864
75894
20650
2044
11284
43664
39406
73812
48380
60812
17702
15042
9766
72956
99806
14232
35792
29822
85740
26
37106
57076
25590
11626
60172
69108
66752
28328
51960
53308
59338
34376
54514
60850
47224
79034
66728
82364
83364
57186
30386
53262
23228
11298
35546
59028
61280
24142
8140
58456
99516
10206
65146
86972
30288
16154
94962
79680
66442
85594
51842
42012
69484
68970
31506
2580
60664
61662
35548
15304
54464
63594
45150
70016
10140
57370
76152
75834
65228
18858
22940
41122
89638
91480
16934
85912
27648
11490
99942
91816
47420
32602
19808
4314
10228
73986
36122
50924
26902
65606
57164
81656
70434
47050
71626
65338
76526
81412
43992
34116
36892
29938
10710
73634
28462
4044
94548
28564
46128
12506
34196
87978
20384
93774
93794
58362
12576
54836
70154
42932
78680
71140
37802
23926
900
79328
63866
23660
39326
21686
76968
13974
52816
81918
88122
30798
61498
74798
47602
51484
55566
80534
20752
4184
62844
15026
18830
65022
33494
62142
89976
33950
16248
40118
88928
77524
66752
1242
78606
90012
98946
51002
30482
66734
27066
57900
38442
81954
66194
43984
22362
334
37668
25174
98680
96746
64384
83254
80650
14862
96976
80158
52636
99856
6238
10948
88492
51490
86094
48330
69326
45570
99048
79094
57072
490
86322
22548
33926
19274
19110
190
29648
33870
1146
94646
23966
640
25854
41410
26018
27578
63588
87372
36368
60918
8360
46598
9328
7526
48440
56702
9634
18580
74052
80348
45588
98150
93508
88492
24242
95214
7306
3788
36350
91970
2792
22360
66326
57314
14388
22524
5324
95450
68380
7624
25474
42556
76250
59166
4542
48186
99806
78146
37626
41214
92216
53766
51358
51304
66092
38538
82058
6244
63894
32546
53014
94496
57880
87382
72654
5206
97426
69652
76306
2222
88282
73066
76242
97966
86246
30498
73454
41394
65428
31030
22942
33054
51912
30614
47964
18464
31316
52700
95510
56016
79266
43746
98070
18502
51188
6814
11310
22504
31826
75216
69404
26288
67180
46864
44164
75986
176
306
86228
62788
74222
91602
19302
88060
79846
1070
92540
72018
17068
66966
42428
85192
98662
71630
74188
80130
66466
84912
40520
4424
50062
72222
98754
91110
86864
83680
52570
35724
66076
51260
26100
53396
98954
4466
96908
97562
73678
11066
68766
10578
14898
66702
13590
66498
54028
18302
62600
8504
22512
84378
81482
59580
30250
32536
64806
51196
48066
65810
7454
30622
4632
81276
99060
98278
19040
93186
88026
18110
6880
13568
51216
14268
43212
76902
17752
17644
64334
26808
91166
33204
25944
17414
96304
91500
34208
82390
19018
74324
27524
93778
22628
59326
86078
67582
51162
29490
76100
70928
22398
25224
71684
84044
33422
92640
14008
73738
66852
94314
12116
69544
68348
75414
97684
18996
93994
53760
36286
85148
91578
85534
35736
27288
31818
6358
76838
49146
33966
60732
21620
41856
94178
93588
41226
12866
11282
57818
7650
24572
2492
63026
85768
29604
62932
60750
32060
18556
37186
2800
35154
5102
61210
46532
36186
81786
23610
47358
61678
83898
96884
78226
3800
68018
3598
64318
94890
65568
41088
47044
31444
80430
20076
92044
18276
80388
22990
58736
86250
75108
50178
64570
43570
92324
90856
92240
23564
53526
93158
68256
5016
47772
46730
30242
43560
40324
15042
8820
94446
31986
14478
96560
30336
3684
18876
56554
94112
330
83060
19770
85408
56396
89208
30336
116
66640
62742
55962
83602
27466
24320
62726
8610
5696
86428
468
51268
41752
79188
11300
63354
26504
92146
73204
67792
51138
74134
86560
39620
52192
9024
34100
23366
62654
58464
54006
98204
66682
43598
63126
27004
64826
63022
46154
88724
39246
41340
40366
17370
16736
1364
25662
58992
6888
11912
75988
3022
82176
26350
41894
26404
49798
71304
38912
19754
11110
21846
46942
22584
57006
45304
65726
3374
65086
82568
49428
27180
41960
87124
22254
75340
47640
75444
12978
50712
40872
9284
29778
79416
29606
89990
68116
13950
96854
93620
46752
20106
47974
89064
40726
19054
78936
7824
64696
51342
21552
16856
68738
85542
18210
53474
7246
31544
27694
154
95274
69462
8938
70850
47598
47542
76632
88592
9324
41924
92188
65012
21966
55760
67188
11588
43716
80672
50158
20118
53866
11136
46150
74252
69290
13628
88800
87154
56122
36016
58692
69352
29802
61442
94046
22250
31778
38000
75866
61024
40602
45630
40294
87464
8154
32452
26400
93332
38668
62340
59456
22500
30
55942
67478
10778
53924
38724
97898
91766
57024
14308
51250
53796
95744
98176
39268
54572
92532
10866
95614
65772
22850
92304
89774
28006
95938
52266
54236
39906
41708
58974
47400
63804
81722
89114
45248
43056
26024
43040
97928
92618
1820
30322
83528
82118
28556
22630
64828
49382
57114
29464
31158
36260
17230
95468
71478
25570
282
93876
92372
32286
27688
80804
42292
59854
91762
58462
95466
50854
62420
40718
65150
94270
99150
96610
84314
89392
94520
46318
69988
36568
61900
27616
78004
91152
9578
24460
29888
18740
74670
63580
74616
58772
82610
65382
24032
98648
88574
19922
15624
96372
81702
85260
26782
55688
87792
87764
70840
37572
99264
67980
56368
39784
48412
3342
42818
90046
72840
43804
35636
33544
65782
81880
74702
39696
95824
59860
50948
30960
87876
55428
98996
15488
45124
77846
68460
20806
97840
99892
33042
21462
75468
71326
37950
34392
2602
41574
92160
10214
18988
13548
77430
89578
20546
92926
21604
98904
43750
3588
84452
57854
68154
22666
63960
6650
60600
46202
38492
91714
33912
89942
2136
61262
16974
47018
46428
3672
46106
11432
97688
83904
73394
94722
34426
21690
52888
80790
20610
61896
55570
78664
82732
22506
49004
70280
60642
81690
31084
67756
18610
51768
76662
70016
91098
82984
57040
84598
34592
90314
2916
5892
44086
30590
99566
572
18870
57532
38882
2620
20576
10750
21656
84910
20962
30434
60082
66368
76248
39390
48474
16174
33564
82272
38026
27906
66178
39542
49186
77066
76312
97698
46748
44136
54786
14310
56054
55472
46604
9214
66538
32420
36702
87456
80126
62520
57010
60550
90484
58186
46780
95750
86178
89530
78520
16256
80956
76508
44870
91480
4484
52096
850
33190
50888
24870
54394
28004
80774
36164
40256
7710
2760
55264
71284
76998
4978
17142
64480
69994
65982
8826
5246
47304
44628
29390
82218
58140
45682
44856
21934
13554
39042
84466
67760
62684
22342
26636
91152
67864
49948
72314
57528
93216
78898
8826
40122
68338
74736
50368
5178
35778
10512
95352
34534
87884
57210
75228
33696
2000
85498
74512
22280
77172
98158
21002
78730
12632
20838
8814
73568
13630
45028
42080
60890
2280
55234
21058
83416
60842
14860
35158
61494
25168
58724
28088
56556
61106
4330
83792
37118
71168
60344
99658
2452
96776
51062
82892
87256
70762
26028
15454
82220
65154
22756
87888
80094
28604
5650
516
4350
83072
15024
96864
55386
52134
48680
72240
79998
72110
15122
39404
2908
57940
87482
31398
24384
20500
32568
6548
87690
16748
53788
12792
84416
61546
34376
91830
6874
23030
62494
14278
35476
84414
20042
71012
25350
80016
16700
89726
45612
36734
63340
73020
79226
16456
61140
39306
64014
52496
13292
65952
98018
54640
36646
18428
434
130
47874
12876
43026
25456
35476
1448
2678
82602
98134
33954
90834
57028
52948
97844
66428
27876
1270
25574
62132
5816
33450
1664
83582
72526
17878
46838
9112
48240
23430
55856
72722
55862
30012
78344
41598
43884
18780
91326
66590
1182
41486
92572
76046
43322
30222
50968
45728
4114
81050
45312
52496
53638
52280
28236
50638
85134
91566
96256
36486
18798
82680
49558
62122
5366
36334
78536
60246
88442
93870
31524
40230
14116
85378
1030
10258
71870
24072
36272
53026
83708
23882
50118
30316
78148
10324
17260
25400
22944
72532
25878
99412
43640
77608
71046
56348
49114
86322
48806
21542
28092
94244
74126
9760
60582
66584
98928
47102
64484
2166
44876
53742
30774
8744
7236
60350
56348
78126
56972
40716
84134
70536
17310
83922
40476
70352
92626
60566
50522
71744
72612
45382
69706
46666
1342
940
80616
77308
6920
46890
350
93478
11694
82154
16636
1076
43034
96474
26646
62872
41206
82008
97196
8528
12614
77888
99586
79160
52730
7792
86784
81544
30098
57326
79624
17154
19742
57390
47522
9136
27016
63116
45512
14154
41944
67656
59684
81664
23784
17630
37416
19534
53606
38584
89618
92730
95716
40820
81444
62716
60394
78202
76048
87610
52228
92436
51784
43872
12756
71054
98348
38914
28038
22572
51412
46864
86078
5416
20406
60568
80842
20632
1604
25688
63636
33262
64420
52150
58202
83158
92682
71842
99136
53272
1546
9410
99484
68388
30168
41324
48072
128
64286
46794
14946
54254
94528
24348
52916
13346
11572
53652
50002
34998
66688
99242
37028
27394
8176
67178
106
5784
32952
52684
8396
19358
86356
95688
29618
4454
97072
39480
83844
49206
21694
23398
54974
76806
5366
71852
57274
72462
22388
60698
8540
24926
2490
35516
79186
11006
4596
60906
31532
17202
14214
19248
75996
16964
93138
43488
35302
10314
46514
29878
95834
90992
40238
5688
3292
81904
49928
80616
96084
21280
43812
51116
99008
31588
78718
3166
94298
34816
41676
28144
80716
28034
55536
37506
65714
98774
57600
83328
26404
65484
69076
48086
94946
9180
72272
72246
57880
44096
45284
29868
62374
25710
26452
84168
58586
33306
96586
55646
80220
5608
1470
3706
85208
80716
22494
96820
62788
81312
82950
22388
84182
54962
48036
40884
32646
35822
12808
73124
32770
95756
59086
17868
52874
85244
68540
74966
73132
8368
34972
88246
70548
61728
54916
50798
92354
43780
58820
4008
68182
53864
38152
93504
37952
79484
63870
57136
81376
61398
36898
45542
62678
73782
48746
4232
74656
8606
61014
15910
3750
59962
80534
44998
85868
55900
35888
59016
66626
77898
75322
65214
31470
87540
9162
94692
47422
19618
44818
296
34490
64004
75194
91524
8998
5116
71748
60734
12478
20050
79584
54492
71290
98056
62432
75296
62218
34834
92752
66928
9548
32940
27778
95694
19556
57604
38610
18624
988
4790
66524
68640
34374
52276
97750
31248
98748
13776
32414
74172
49388
28262
83434
50838
7728
97210
49104
59014
37220
10978
87438
8764
78158
49740
15846
99176
9084
74206
78594
5540
46978
65572
33978
33514
76486
32368
4236
45206
13046
64260
32290
73374
5808
23552
67910
91778
11630
75330
8950
63396
33904
78088
45222
51040
48218
65178
52554
77540
51072
9718
81882
79132
19006
710
82462
11722
36802
4174
89254
86236
8018
85344
30978
97384
63476
45788
62738
81310
3568
59580
61660
43186
48412
40568
49766
98494
59950
24872
26242
96766
2
74816
90412
79352
37890
93960
99226
7942
27048
66206
97422
40438
9018
17870
41416
99142
19384
56032
84640
32198
15750
42390
69834
93306
41150
97522
84836
41758
81640
38318
51832
36928
20644
38006
86592
75348
39284
57518
32890
59914
85794
63190
97890
19674
88540
17408
95074
41394
78250
24994
57066
64428
73926
40736
18740
87396
56314
57124
36962
81900
74372
97886
69522
93320
57644
85252
48220
33110
45858
72862
9260
74940
75252
5408
2046
10894
75046
39538
10424
55970
57540
46780
84210
87438
45126
65070
8154
27948
12338
92826
1168
82078
19574
24052
89944
41660
18132
10148
61232
66884
21398
7418
72966
21000
80404
39962
5752
88696
64098
58236
89844
66354
28230
82566
64970
42440
5744
16986
53910
61406
61306
80942
76924
43444
75372
35508
4266
28596
33984
30858
61146
58670
40768
82568
85344
45490
22020
88726
32364
45798
32858
33610
68052
71456
82338
92314
78904
41128
96844
638
30126
89206
16936
81450
38322
99692
12912
79280
76712
93962
91910
77738
53868
1182
16090
74420
15720
5918
53408
68448
64544
14286
71126
23656
37664
76948
5658
69988
96480
25830
23526
47960
91706
31388
83122
24096
21396
40136
40666
64846
1592
784
91632
12262
78476
52194
75700
77834
6658
57378
81694
24256
94788
11320
36378
18978
58598
5554
86242
87658
60570
83002
98716
33082
19510
31924
43516
94442
87100
7588
77412
16460
94628
91184
70468
87518
19918
7256
97066
89576
65110
28450
78576
33566
15502
4830
27696
83078
71910
75894
93210
91222
11812
96636
56944
71820
35692
78596
2722
542
8978
14884
88140
55184
41978
10612
38518
56012
41926
7922
88156
13088
31802
79220
57094
46900
8962
62284
14312
18840
39862
86272
7620
66588
37344
65240
40282
22160
74528
85096
68098
39694
22272
39750
44956
16600
17542
39884
3034
90204
66330
5822
26446
90202
72582
6072
50358
87784
83436
40562
75190
23150
38382
88754
60576
90722
86652
28692
51364
49818
99082
81116
65272
56292
44806
15446
66874
50568
23784
57210
25114
30724
81010
86594
34310
89206
32890
46310
48674
23580
46306
99442
29914
74806
94860
97622
13040
73094
74784
86712
77820
2464
99658
18592
85546
42624
4356
9514
74740
4636
11188
66100
16224
40972
72180
85236
3642
40352
64002
23048
83168
54044
64794
67394
38400
86102
22090
4044
28182
78042
12922
30754
89864
87778
51598
68144
60280
26040
28312
51012
88486
32930
14662
86528
60292
41002
92870
17628
36104
86640
95590
8780
15988
75282
83868
50576
58830
48654
74288
40986
67394
38544
12246
51008
6426
48754
95534
53842
4122
37034
720
16876
66440
870
77094
78284
78690
63680
20054
43444
56348
11918
87644
44536
15926
71462
50464
55362
37722
4572
97800
27466
62252
70732
49174
33804
70586
38940
23460
22214
16862
39824
56458
50190
95668
79896
9206
59458
70256
81150
47678
85130
68970
75268
72072
10088
48492
20408
21394
4254
54870
95486
34560
6286
90042
4498
5260
72708
98708
4950
46398
29296
80020
78756
19358
65408
80070
33040
73966
8098
56366
41300
92290
4670
53360
83208
69760
83034
92728
316
52260
22948
21736
76048
49832
17600
51538
38992
84412
94790
3956
87868
36856
854
32914
25840
69748
90074
60436
51654
23220
50310
16938
43744
79394
50006
60714
22116
64562
82994
62062
54926
60458
84442
76056
10168
99478
96038
47548
83116
93388
83054
15402
37698
58614
93314
25260
20314
80314
42370
64662
47496
48518
4642
70200
87644
43148
87376
9990
53460
38892
61832
23170
75296
43590
59716
38862
51904
24996
8566
65646
4154
14406
12810
14702
23200
82412
42602
56300
7892
84098
97736
19796
98048
35478
23858
50240
62604
88838
13066
2034
68434
95446
78784
10028
7576
58218
81946
14978
45454
60710
35410
40848
67734
88772
48110
89126
43690
23396
98434
91840
45778
57714
12572
63912
34722
29608
25908
93402
58452
39914
90544
57128
8778
43918
39058
96936
79334
6608
26942
86490
19724
10490
32024
11366
25946
8784
74298
136
83800
95330
81380
3090
48288
48866
95146
8334
79188
98484
93560
29488
59894
20558
82892
89120
26246
62890
56110
95972
86018
68786
60008
94654
80046
93218
85206
79282
87914
79808
32472
81974
96692
2582
72852
93560
64812
51814
52206
48606
81742
67452
62046
70012
73098
40036
81116
21774
92414
27042
44076
84990
53396
50306
37646
47198
28036
52194
47356
44948
56350
22454
68930
38224
11408
43642
61234
48968
78474
46534
62480
89968
65826
96214
64682
59662
80588
16536
63866
62636
35456
29530
28716
22492
67554
99910
43858
3200
57232
67830
75340
98654
58690
63710
47348
7354
32164
46144
17286
74508
2702
16732
18908
86868
51622
12448
20210
94104
35204
3368
81932
45680
34400
42038
99580
94434
99914
77572
72180
31576
57426
84480
35138
41208
62246
7438
72194
91302
71492
41572
45750
74186
21822
60340
90260
62624
38626
8512
83242
87880
80106
38166
37514
91450
69862
63982
47918
58466
62416
17756
31724
30834
37758
33420
43992
62556
21324
38650
30214
16616
48710
89578
58950
19470
52798
43408
29466
38858
35096
63100
99158
24184
96450
38700
31710
25322
67648
35348
58924
36276
59634
22594
51100
17760
66770
53576
8230
6600
94816
89064
73468
58724
50644
57892
18916
84072
75446
50192
61056
21154
95760
21686
32388
69046
44026
1212
45428
30014
7822
47342
91976
83666
47442
71544
30716
87338
64456
63838
67016
58796
98302
92624
43190
52740
96266
38938
99160
87454
54350
70282
90374
72288
69042
70982
56780
34258
28818
40528
26378
76042
73896
18404
28994
12604
86146
28844
40150
34910
55068
5912
66162
54010
37172
80136
77898
6920
80150
43762
71796
22806
57942
40146
60830
55584
38242
55630
63304
18170
7554
2564
70596
19674
90208
27008
30752
56856
62186
98844
20748
75870
43554
66848
9360
42606
26848
25132
23972
67692
14402
37512
2084
21134
74568
81404
92028
72634
53658
55464
16682
75816
22826
71962
9928
39786
4974
47598
46214
88664
39124
97436
61038
30976
19118
65112
47324
13768
13402
50832
95886
7596
28614
89524
65054
9528
72920
58896
14304
94394
94408
77658
83118
2204
79504
88902
94504
76688
17798
76242
14934
46998
45026
46738
59830
90568
43868
22634
36374
91450
81278
73906
8932
9336
97030
27882
81296
38156
22364
80808
46374
72374
76852
17726
79672
94110
60116
56080
1150
88064
83964
38450
40552
97388
45466
3648
53302
97874
17468
80282
81986
85144
41764
23628
99030
48678
97580
95600
38912
58564
21062
45782
8466
73512
26882
23448
31912
35120
51080
43386
82566
81112
26906
78094
85482
76098
45400
84330
71574
15982
92940
81546
26314
80012
57972
15960
94334
83346
14968
89180
47906
51836
554
67652
38708
10134
76294
77624
23624
38772
77446
27132
12354
84418
80158
61408
31890
85184
13684
56028
78322
30434
1970
37324
32112
29036
46220
1302
72814
43118
52796
19520
37680
10310
22222
72016
56118
10520
94636
44568
9948
74702
31928
38086
74712
85400
90840
2938
30038
17558
99702
50400
44830
61704
54276
79572
52954
38298
18394
3122
49970
27680
34776
64054
84000
63054
91990
48794
96480
46594
46214
2490
36786
54576
16936
62074
41560
87662
19124
67150
57666
14900
13300
77686
86858
89496
90534
49704
44262
93976
17254
97808
8752
93024
52414
12670
48358
34508
95608
75058
80278
22540
27158
18712
64278
56932
93600
77896
82210
80764
19972
41718
15438
58594
13986
72306
72828
61868
48218
9000
60612
23350
52334
98284
79072
5244
32812
65964
28742
44024
65978
79424
95442
33520
62342
1126
9042
61336
98558
72030
9874
38362
97000
7434
92806
51458
8206
71928
68794
37790
31440
22474
43180
47068
58088
3842
58256
23048
24808
42790
40684
55464
39762
54662
91082
60052
2196
75866
37208
88070
95694
54758
43658
49282
78552
85406
5128
75328
56062
33008
43976
19648
34030
74298
13840
8864
95566
64690
27782
63392
18878
47872
10536
34938
1192
56552
3960
56462
47694
54472
99588
32154
46436
96744
37854
15142
79762
67084
62668
18986
96224
21036
27946
28874
41908
18564
44514
79988
72928
78770
5620
44812
88940
84208
10156
72280
57694
53236
16128
36628
13984
95872
88878
89804
33120
97170
37784
37764
96292
34950
64768
69372
41122
74880
68090
49480
42510
93146
55344
12644
47108
50576
90360
28774
34548
63800
4184
97236
63856
51050
5862
22328
62842
75512
10416
24614
73462
96636
90730
97728
99848
28724
1114
63726
33000
80072
97084
45440
45228
9446
51840
98408
53308
79078
92066
59508
10866
36128
60776
61788
76576
61058
24074
33348
9942
25318
3000
92380
77982
62460
43612
38388
8228
99012
69418
85224
42130
78116
59280
91610
81534
16310
96266
20190
76626
81206
96536
82854
26984
16830
53242
74464
75900
17280
95764
13658
4306
8678
8468
94578
84888
89428
19160
65250
34044
94516
41960
70858
66300
90898
93682
74378
41754
45736
58944
75612
94370
36988
62752
30724
9354
49892
27724
27568
14852
49210
15104
50934
79582
20648
53312
83034
17236
26248
78780
9364
73986
72532
88490
54166
17780
59084
54674
1240
41458
80958
12356
96908
58884
96476
13476
38352
39600
90132
42476
14160
91934
85618
7028
9188
71552
18878
82932
14144
55354
57774
9880
13044
38598
88670
93250
52056
79082
37330
65364
45434
23952
78386
44294
81964
29562
25736
22382
90156
51314
74426
43784
71350
79544
91598
40938
4480
47224
20592
96690
58676
14674
58350
61294
25348
83914
70618
98620
20554
92812
15722
54492
13926
90068
86972
79046
36706
53504
62114
75488
14624
36810
32062
92784
71012
31198
4470
55496
16614
49610
46890
65470
68784
88952
70502
11612
37752
60504
40196
5410
50448
53216
4814
53754
82640
72546
55708
5326
73296
82758
26048
25834
8142
210
48106
92630
22420
25448
95076
90284
7358
90786
83782
82976
56448
62468
64328
32954
80408
39904
79830
36976
53790
93822
35292
62796
65980
77720
30218
39394
76734
14636
16794
89808
28248
34042
47136
86834
15222
72586
12354
5018
58324
69686
59674
67382
62726
13128
69964
56780
74042
10832
46788
85562
77726
48080
23798
94674
13602
1122
39438
11244
1246
51592
77368
23384
69134
48186
88426
57808
64774
69468
11486
35718
35292
4578
89380
25702
50322
98828
30432
66682
15320
1320
47742
21788
8170
19070
36126
79890
76742
34438
24
69834
47248
56200
80248
92452
63506
15180
20514
95440
25002
65068
9126
66086
13416
1904
62642
89668
96190
44054
47198
2316
75424
84108
47324
22178
53768
86384
51678
47766
5600
78044
7136
13278
37986
6094
99186
18150
22806
27332
66444
67472
73328
27472
71216
94882
72142
67982
94894
42034
17792
82602
25076
42608
62210
9446
97180
17128
33088
14568
95036
45594
80704
41084
17168
70124
90040
50406
60832
6494
38256
12170
13258
55444
59542
91928
40820
52312
64500
19956
6840
29498
1982
36694
35334
17380
33174
40876
99196
5212
77826
97904
95758
30974
34710
67624
3618
67576
58050
57314
36164
79866
43958
40970
70696
66732
85786
13086
40308
90394
55366
62488
70116
40334
26714
54574
77564
31586
66930
35162
73710
40124
63072
74766
75656
45926
71550
8228
85028
11082
7234
63010
47308
16554
1682
51520
29942
57202
17558
89084
71324
6898
69324
53846
95852
62176
26648
30760
35360
52552
58898
63670
67898
84788
25224
2506
58270
67938
18576
56442
48030
91558
67784
58726
39082
34106
8278
81396
20614
75978
92808
83560
22242
94600
80842
59854
54444
73082
13274
14536
78516
82138
71238
75630
11172
8786
33422
83552
79476
2752
21836
63946
34042
23894
46144
96428
22374
97454
66850
16524
86932
77270
64842
66498
98448
23692
82034
57316
28450
5094
92048
94022
98124
88226
5826
29638
45952
11718
71824
46958
81960
16078
63894
88070
42490
5098
39520
88702
76084
66830
27194
96154
3972
58188
98046
89446
73294
59680
87390
85106
34810
91486
14266
8206
89968
65864
30222
74890
56006
48360
64536
87484
33620
29088
74786
93422
72884
74442
24628
65444
40036
90952
47648
49694
50018
17160
28700
40036
53532
40796
46002
16022
61204
25294
13152
51982
40498
31388
83934
98824
15872
75048
52840
128
22322
18542
82366
91134
55392
91684
62062
23832
57976
52610
52586
85290
13794
9594
36908
56548
7648
53652
2058
13398
92490
6418
22298
83308
32284
46812
76318
20798
68930
38902
48706
94542
26930
18356
60934
26452
31242
83692
95406
76366
95802
73024
58288
92424
57034
14122
9768
50420
14994
40712
4286
19990
83182
50492
54676
24956
87714
80994
91256
59644
86780
94938
51680
65008
8788
53308
81510
59780
90162
76090
61624
75924
3334
76308
56582
38002
51794
16724
87844
33408
10840
94906
13786
52322
59258
91700
78788
20198
766
25634
42276
63736
20096
63914
9434
24986
84662
99494
66562
36020
21658
44798
81172
46366
38138
40422
71266
2590
24320
82686
8816
64872
42996
62192
18696
80856
67574
5900
81646
12332
26798
93380
94800
17228
88558
48896
47346
58914
26764
79292
76310
26176
28870
91392
54920
17720
85524
31392
73540
13102
42426
30690
68180
27278
20366
6136
61470
73230
80296
21792
64772
54922
30348
90542
48578
32162
84204
28126
1230
14924
70138
75554
80210
71546
18456
52816
91536
51432
17394
85450
15260
82902
57182
74046
25692
56120
88188
43490
75728
4596
55014
80488
87994
89812
99532
94248
40378
58428
95976
86376
10042
72220
69674
50184
15394
30352
18362
32930
81360
70294
18994
84560
43214
85056
52432
75172
23544
15676
87916
60886
35556
37940
1848
97390
90768
43986
33002
35632
12194
59900
63126
65466
17218
13766
53282
79768
68450
13324
454
97932
43678
14688
29938
72930
89054
57268
39090
37240
9852
7770
84494
64872
23410
62292
42246
3386
68292
19238
55998
16642
83698
65568
13910
45876
9120
85214
84104
91080
21918
94742
83944
54226
65146
64720
3646
76294
31880
73826
82048
79458
46256
68724
87252
40186
61548
71374
93632
55084
14886
21758
35656
78478
30114
44570
22292
6132
5018
66188
78628
26942
52798
59964
93352
24804
91072
35070
52348
13590
20266
22306
40364
9228
72674
64280
28338
44940
39678
97026
63832
5036
51454
15332
55070
77532
72264
31406
12208
63810
39898
22458
76454
75696
16342
25664
56268
51454
18220
59154
56818
63938
65464
82108
12402
95304
25454
93290
89140
18206
20108
47074
9066
45148
62072
41518
41442
43854
82302
37094
50646
42574
65232
43068
60946
62918
5196
6898
37168
67934
45974
22842
40866
49588
96106
1822
80670
53070
41478
46860
9792
88784
53426
83490
52750
44284
84936
3788
62412
2076
34218
72930
77370
8642
37142
75706
81128
30420
83140
21272
40754
32902
70806
82728
69832
35246
69368
656
438
1316
396
62106
87096
75266
56648
19090
40806
42512
6376
1840
80498
33674
94538
50646
34780
75542
40800
47846
31534
34086
35346
7994
14566
37896
70848
63180
78002
69898
61888
5750
52622
56940
45644
43064
87406
21960
71958
88246
42252
22658
60764
21292
62372
73356
28690
19906
43538
61818
99072
9502
45874
26482
9914
41768
580
79932
34510
86052
89732
71234
8736
57834
29068
76266
26452
11694
16990
15926
556
76218
7350
26422
2980
33412
92854
93806
79708
41988
19164
83836
378
73194
52598
10438
83160
41830
19812
41520
58630
69180
40578
52764
45148
9820
14938
86686
460
45056
22292
51320
49688
69114
81640
18552
51006
27478
59718
25742
57416
5074
34078
35108
91130
4180
79626
22288
90292
51156
50936
23826
7980
10008
25570
43472
86928
81836
4910
63292
32974
47462
72060
43382
39658
42602
33134
44604
87028
85932
35534
70838
89940
84190
67226
15402
72906
96280
41876
86890
18002
34852
95758
91778
21438
21344
56086
60302
14440
19110
56866
98682
3818
29676
54720
78474
86684
19520
86942
11994
58434
31642
12464
94042
77258
17650
24140
88740
89546
91308
11218
44342
29476
71478
30838
6266
67546
90258
40350
30048
11366
99898
68716
3598
8656
56
44642
17064
92318
70178
13944
61702
33008
95088
86914
5304
18570
46130
12084
47904
41580
32798
93430
55386
11594
45428
16000
76092
2982
18676
39442
86770
27680
27096
25078
62206
44214
4434
60990
6502
57408
8178
77698
55230
49336
9056
97188
19060
83096
88304
18500
31382
60530
5282
34984
24404
26758
18952
69984
66134
83162
21600
62592
93810
32482
94736
33634
5472
4774
88248
42868
68256
40928
30750
6868
19284
24344
38388
8722
54388
70652
63874
73038
50862
17102
94696
89264
38604
78410
82986
9720
25680
55256
41174
21826
52930
7742
87618
43166
20246
91558
83016
72488
34870
27750
43876
63308
76840
78262
64414
60938
8912
49212
86880
11414
66470
47328
18276
62820
21366
11028
93422
22580
51466
16058
79762
11568
26980
22918
88834
22848
92156
52124
52038
94560
74516
71546
34602
18030
25866
49070
41018
92928
36200
57620
85524
61566
14324
84276
88936
38222
81550
72002
80084
50648
11436
10350
63710
33572
63042
34716
52108
52796
45858
86672
59166
12956
43184
74782
50350
61024
60554
31178
31526
53082
82946
88728
20772
78244
98514
43766
85166
88900
69542
57802
12988
19372
29520
4856
62674
70336
72064
84144
79572
97734
4786
71448
3712
70296
1760
55000
54942
12162
72446
72092
30526
56218
46004
14060
55010
83818
84076
2806
88894
67036
38920
21098
38994
89770
16954
73584
78522
27324
50556
53634
28752
59128
92672
56840
74156
22236
88384
53270
86194
97582
60460
95820
97192
29052
57826
65836
40092
10350
79018
42382
17460
10922
60354
5404
24860
47182
84206
95596
35052
84796
32652
45782
10142
60786
27624
14368
66658
14244
90568
10714
62190
48274
87316
5050
87038
39530
65174
98164
34302
75038
52862
60566
42468
18212
65516
38950
19320
14248
88822
38676
53336
99734
20664
51316
32408
27922
28698
57894
7560
85946
48874
91912
39448
82256
13454
49722
42856
2320
70120
46752
53252
78090
23054
72988
18494
9850
78612
78604
30376
25816
42820
97754
37376
69120
71364
75172
9232
39432
61550
13998
36450
78862
31890
88228
50574
15200
16774
87362
19736
46870
46394
4282
15250
72986
15010
27788
72292
3746
73912
35030
62236
69146
85520
60652
5558
72676
80056
40930
71474
94180
40986
43516
61032
32896
5150
41744
42992
2828
85672
84786
79624
19568
36002
97714
33274
6280
64914
9706
83582
95134
87726
48532
36962
50874
52484
84850
61918
31588
60828
59520
38438
89792
46594
94810
76994
98490
96942
59580
42874
33312
14446
36040
79742
20330
89940
15288
22310
4246
53596
60996
89438
1584
51432
74762
45730
8372
41142
55248
76784
44504
92566
73062
38770
88352
48902
79204
48750
34154
46640
15936
44426
11678
45142
56646
64088
42970
77806
70570
75234
17800
16440
27502
71126
83964
71390
79474
33118
12924
7574
49562
82372
33678
15902
820
6718
91852
81106
772
26052
94062
67522
13068
81242
76242
7272
74054
43334
66088
48052
65608
31512
57662
83454
656
82282
31986
37474
39144
68866
53672
52084
31946
11094
27110
93154
62280
58320
83164
88258
81682
24862
36838
88426
73156
54484
55404
56394
96950
25770
52298
98874
53226
62814
26948
79290
39918
85562
17018
85586
40222
79610
68988
48398
8992
66364
63988
64624
70670
61486
49356
12536
33692
71494
99906
89432
85006
9102
58296
39236
98410
11788
18546
82242
2666
80466
22868
20244
35206
4126
84922
44052
94168
71458
6580
64228
46034
39460
12778
82522
58424
15470
20194
38980
70866
85964
43828
27522
16906
75124
94584
95724
35762
29012
60484
41600
9928
45056
62380
39370
3830
44100
39814
15448
70338
19070
77104
93986
14096
69302
41224
86742
74682
40964
99488
86698
57938
74240
38020
66734
87224
19586
86218
88780
9530
38072
25452
70460
87352
54676
46726
97992
66666
92694
6566
87566
75960
98526
1384
84428
90530
30090
51086
37580
21078
29652
10992
74724
81496
19450
26686
362
34032
56584
13932
61502
8134
71032
33072
8886
73410
45092
86264
73068
86354
61638
84800
31842
87474
54328
21238
67896
27228
17818
36756
66948
3122
83262
14096
48960
68386
66934
50206
28836
19262
3198
50516
4206
1478
16254
90456
75936
80210
45548
32664
86344
97906
77638
23348
66968
29870
54628
37402
80694
73942
90374
98706
96676
14174
73780
24766
8322
55216
3272
20602
94652
38992
80530
96550
69892
91236
64532
59910
70344
42804
75388
21276
14402
23040
76968
29352
94686
91188
85688
69446
4878
8214
25292
55902
63864
40640
80820
7696
63832
88456
83512
12102
56132
52550
87424
95764
41174
4060
47870
35048
28422
37786
67156
74850
42782
62158
99532
37724
95392
8022
77308
99336
21482
41510
51520
54714
40686
73466
83706
21796
48490
67236
55856
18962
47802
40654
34828
93276
80652
51116
26230
5564
98936
44112
788
81566
1682
16320
68308
87488
64548
95836
97508
45962
30748
76984
6962
74206
71374
36862
30234
83062
24516
9832
31534
47968
95368
39782
23884
4156
21230
94276
10350
70468
56360
66212
55290
88826
60762
15156
71664
13586
85892
47898
20870
56030
70416
73084
43370
18618
20744
41372
70240
99756
89344
63076
95558
81788
58500
26940
94430
70980
80990
79774
8456
780
34998
90060
59922
14318
18170
53242
12250
14172
52838
43278
36772
25370
5618
10946
6538
30922
72456
42498
16918
33292
11894
50764
94312
46212
68598
32906
85304
85164
9570
69024
60020
4430
97766
76830
71412
14672
29410
94516
75852
77074
28316
68714
58772
63854
14078
4898
85816
37214
58266
19898
55316
95946
94396
91076
63386
65388
35430
70312
76488
35730
18480
70136
72924
46170
74504
65702
86836
75098
65288
43552
95480
75882
54116
5198
54492
88938
11588
11158
30428
66904
25270
45864
66428
73952
62898
83524
53260
63546
86072
37392
77366
78826
61160
26346
26434
91362
28016
7410
40168
96348
38944
37536
39010
3656
4152
48612
47342
96154
24432
2526
51800
88892
7870
32504
78490
86586
72030
69812
58890
15790
53080
32330
63100
54864
17986
41628
90612
86988
84812
43312
38654
2934
49556
45642
24302
30912
30916
73064
92100
90170
13586
30830
85920
44694
77422
74602
5246
16204
9700
75508
79056
10854
95978
49122
20958
67734
55654
97852
61240
96100
61734
16456
79612
80988
6048
51178
28360
99272
73378
48466
26068
33872
88190
15942
69602
86156
8342
71180
40276
64788
15778
9504
37488
3052
6790
47004
87996
24282
53280
42724
44342
83458
26480
85536
75720
91736
97982
796
58442
87404
40534
92390
35502
93236
50092
30602
42862
25458
38834
66920
33590
75108
44350
26160
73068
16070
72132
25670
43468
22554
82918
30234
63206
33154
22572
40076
75832
97026
74872
77774
4070
76674
42608
98222
11538
12854
12982
59048
62552
86566
16622
43550
66480
96430
61792
66140
43350
87452
20440
34216
90020
37760
38178
7378
43840
85162
26690
78312
99132
95938
21844
17692
20450
57500
79318
53638
4420
14896
36430
83368
21034
93152
2500
10216
99148
39912
66380
87556
2588
81746
57418
80472
66082
94818
15750
75494
15944
54900
31338
88610
5736
31442
13790
94144
72240
59812
45158
27276
10530
24304
23332
38332
22152
75876
47856
28994
61890
82264
27846
89828
75212
29674
51030
33474
72736
64492
56978
61012
36740
52190
14568
56730
27182
98330
58312
11994
18388
67582
16222
40402
97464
89076
57146
61828
10372
23022
71922
24918
84244
26448
3934
67150
11474
1002
94482
6446
56450
60828
39600
95766
11416
2744
38900
86320
80922
94432
29668
32542
3834
26216
14040
4270
77490
46200
94654
30286
88520
87436
65264
31264
93040
41624
71592
1814
21024
88702
89976
4564
32574
62922
34006
41694
13496
59072
3236
69846
69728
50992
71360
10194
12740
19278
5322
41652
42460
35908
9326
44600
59430
20732
66840
72792
18926
55232
21276
8978
78984
94854
99886
72178
36724
23986
41942
17062
24172
46194
49288
76786
31004
48550
12292
57566
20540
77404
20074
83174
18698
83430
38378
19480
80028
54278
79444
76598
75716
98376
13296
31648
56016
25462
318
8786
61342
49182
5270
68624
72650
88006
59126
88178
56352
66646
72684
18712
19926
37372
3656
96270
21936
65138
68732
48262
99404
96032
31706
26174
15310
13250
48144
62660
18284
95368
35470
4828
87208
1178
66540
22598
51916
85256
65996
43132
70902
5860
48364
96438
21328
52260
47494
43192
95054
25532
38418
3206
62098
65698
11844
58544
69072
25258
82118
70506
59158
35968
84716
48448
12846
66170
6172
55786
76192
6278
32114
44150
64158
2072
64586
24126
8248
61102
89338
88292
96374
97646
64446
11168
34274
87552
13786
620
95422
60370
2456
69418
27166
4866
52310
33992
54692
51302
78040
15132
65986
25936
92488
81040
50186
62192
43958
29042
8584
12762
71682
50586
50412
49374
40552
84816
2546
17582
76812
21624
5946
40918
35472
25174
48184
38274
81212
18440
20896
28352
63224
6970
40954
35164
77642
59526
61514
71776
18992
70998
17988
18816
49934
32890
3568
44136
92638
43592
52050
26248
76754
63924
21738
44614
8702
37880
36400
566
97468
80476
59032
45478
61924
94730
53700
93980
62856
22194
54046
95448
41168
34080
5632
9146
38984
33330
65268
72570
14368
37238
26144
21974
28076
12598
56004
86648
12620
78468
77188
90894
67616
61036
88596
62148
29132
17712
69138
90524
50226
57778
98044
76056
37010
45084
84776
17466
11846
68326
14706
43792
83832
92260
52926
95514
88836
14386
27260
48540
1526
39256
27994
10194
69140
27468
85278
73658
24842
22954
39252
79320
90010
1708
9864
7540
44860
25824
8442
38032
13296
43126
19740
57864
44236
10906
81872
84292
37802
35890
18914
96042
1484
26688
91886
64292
68876
86350
54814
2418
92410
45314
92708
50750
48624
23662
97988
47888
89530
8276
72690
69866
11304
92686
72298
65826
34320
87502
36098
33842
52758
87800
31712
888
72982
2126
55810
12352
26776
13182
43546
33866
32576
72672
72444
45250
32246
53892
78096
51180
39096
84288
98590
98216
84764
89424
7900
2558
80840
12810
63670
78712
78576
32484
18692
71850
23506
30322
28780
61728
84836
11454
54458
58052
91722
5216
80600
53708
87940
98360
12438
13682
5900
92620
92170
71178
47308
87618
86880
21282
35934
28720
25600
74022
35000
53012
57570
51380
61578
93384
65864
18984
95196
62968
75414
70938
60946
21788
29202
33802
4524
23706
11078
35458
76158
33352
37302
33304
30630
64886
51366
63694
72840
61842
27302
81240
6986
58442
86318
82838
93752
87294
34656
82352
20912
48156
68070
89080
15118
15710
48484
56916
72640
32968
22190
71184
5116
61098
93944
76812
22080
66702
50718
69328
43132
89356
97486
94992
39394
96868
43082
87576
28254
68514
26466
40796
88954
5714
89322
63806
43334
14226
25940
65740
91592
18032
15136
65114
89468
73798
54150
52452
87432
27914
76916
64566
22918
71704
52078
3550
33898
82516
22578
48168
33462
51256
64820
6604
73974
87500
76400
17574
1334
20876
79398
78892
4564
15018
96442
60056
53844
36100
66506
47222
13484
74098
86992
78676
59108
49768
82432
29014
92524
47664
34316
73180
38164
58218
22486
66480
40114
49174
6460
7778
69936
97772
40872
57006
48406
38106
4600
63496
4034
70004
44758
1884
99856
62894
19712
95428
1944
78412
80504
96806
8244
3546
78258
15948
94740
4338
60690
35766
1602
26190
67874
30506
89158
41514
8296
40798
14138
91066
21554
98478
74086
66920
32586
22030
13758
74564
69714
83122
35578
77374
18220
14912
31608
34394
8284
18000
43368
97258
17760
10416
75758
38358
15872
74760
66362
74728
23792
83714
11508
76586
11634
57884
26496
47240
19856
42488
20032
59610
36130
67212
4578
65348
64986
30518
83732
88708
28124
79532
89284
49340
34030
64664
98626
51348
24452
47016
24542
96038
81576
70236
30532
46822
73636
33160
87352
56806
81996
78334
95212
31792
84016
53340
7802
98456
48754
17480
46838
36482
52822
92524
71060
26450
31120
35854
76442
71012
86378
91704
46336
69816
62060
32342
4182
15168
34342
67928
5888
4616
22388
19682
58012
49772
38636
47914
23642
37934
16840
26032
57026
8938
16928
75958
83072
91518
21562
23340
88410
56816
61354
55930
81890
95878
45496
64114
64734
86348
75200
72894
11076
76450
83944
49068
44180
32000
58652
65070
43642
31218
80692
68550
23134
38018
42284
44128
78370
41976
65880
86284
10970
10580
63464
76668
83560
7096
17726
21620
42930
88
29744
86662
31986
60860
54612
38994
57648
96824
31152
84026
94896
28364
26680
89086
82174
36290
21614
66166
86714
21524
35950
6110
4778
96314
56714
16302
24486
64610
19380
83962
36420
97232
79772
87292
9052
38982
48474
38134
93000
23798
33808
72028
77464
15014
21602
64024
98556
42504
8542
23648
35380
41106
64428
89030
78234
30728
71358
14056
75470
94230
4408
54336
28004
86820
30372
13620
29830
43282
51270
97776
68618
53124
35666
5068
66766
58740
35402
58844
77962
11840
70384
50108
41798
3980
58114
52600
33876
65030
88794
87616
53516
782
69660
74650
20988
50398
13660
34664
35768
34922
17502
70008
33410
60772
68654
4620
60676
31606
59968
89552
77060
64610
30332
58924
69682
58962
55280
81806
78014
44018
74786
61336
32162
2668
50332
66104
66648
70782
43516
23948
31134
4882
53660
12612
21160
31738
51424
79080
89008
38330
31844
52534
80784
1196
41162
88870
79634
46200
58692
57750
24454
98470
91684
90334
75394
8888
40988
55010
64970
40204
23856
38992
93500
74506
63672
99418
90490
8054
42976
62096
83270
77928
69428
8784
38258
35396
22794
4272
92656
91906
59748
79540
57970
14138
99492
32088
44192
76674
41870
11664
97254
44872
71896
50112
14744
90774
90496
95716
95618
4486
31016
88330
93766
59676
16694
56206
74894
41094
47854
62180
68170
37180
45988
62740
51566
28512
53104
95362
66254
11282
6486
11498
57638
20438
91866
89834
69998
41782
52604
58
90572
53750
35948
79012
50964
4684
50150
97292
74632
27180
65016
82134
18186
23138
39680
89054
86836
89282
48602
87288
10070
63796
74758
11638
13488
27618
28462
16224
4582
15866
93320
33652
73910
48276
12044
29466
13826
3172
45850
91374
49884
88996
28994
60556
69474
866
10446
89514
82992
48582
63754
9768
6128
40192
16096
23612
67158
37336
27466
66556
97300
64424
2662
21560
54280
52310
40052
74512
79198
64272
70690
70666
62800
11782
94162
38820
65034
40366
75612
36566
28328
28294
83804
49964
45078
95854
66688
26850
35448
62646
96508
51558
46946
99440
77564
61884
83630
39742
68678
29916
36714
24126
938
85620
70078
28408
31384
62932
92636
27800
96732
78796
39816
33288
22108
10810
29528
13686
69130
86926
31108
33916
27260
39062
13062
70518
61100
12164
51528
46980
39238
12918
98306
27206
38430
57926
32034
2820
62382
97240
44410
14468
63588
94674
77544
87298
91736
22680
5050
96880
46946
92792
3352
19350
79418
73650
85694
88436
73960
80870
9754
12466
92216
81232
11514
52100
91898
81188
12220
20932
6018
82176
96910
67966
54078
35436
44116
58886
86570
45428
32750
2398
86282
22726
70258
90074
35062
41970
82614
79820
43640
70380
34016
24542
62548
76188
56012
9812
1712
55504
36378
80630
91400
50478
63278
2576
38964
82786
28060
42448
53974
79304
26744
51490
43428
83224
25070
29854
55672
47066
63104
70500
71122
35554
14824
42240
49852
8310
79232
72510
2140
3966
66078
43018
42944
8472
90530
14972
71420
38686
77616
27570
66314
22266
65290
19880
1406
3184
39762
75544
1794
66396
88996
24386
16198
3688
11922
18026
18888
36982
46336
52080
18446
57940
28196
72418
70342
64100
37928
11326
42248
84302
24282
76540
19602
48738
78940
15910
3356
98230
31512
502
4752
27416
11936
18258
83904
30772
33510
30482
68406
94454
40488
85268
4896
25076
48346
22686
51244
36520
7894
74302
80830
14410
58218
53044
38800
51846
55132
61840
44916
1334
79316
76034
56814
28476
58410
49020
72328
73136
62776
19392
81632
92036
96806
64948
62506
16796
79084
27070
10894
74994
16840
76112
9302
67162
17088
44454
99064
9732
60302
32072
39220
40888
27548
63698
59602
67184
6322
62294
13918
60838
38908
45616
77580
42712
55750
65012
92840
41104
58770
42786
89878
11350
94984
51200
24918
68922
81534
72180
28698
72610
99876
44554
73726
13498
9472
7104
10362
13360
66750
83506
28648
15498
24984
12062
80422
20864
12254
13618
68278
7946
25878
69692
76426
15408
43864
58474
19652
17058
20684
15570
1012
88142
84252
95298
35812
29598
33116
55794
76936
42102
76726
86352
8342
87218
93656
69044
90630
17436
25848
37542
14938
43976
57916
93538
53420
40592
88914
69292
79082
28892
16152
99552
88036
38400
92460
366
69302
63388
40298
70878
47722
71090
46638
77942
72440
43008
27898
16150
65316
3588
21268
32620
33910
50266
38244
82478
19254
92054
17250
76680
49622
13960
61626
57856
4674
27754
632
81430
12262
1930
33194
60632
99462
54230
14504
67316
95176
89294
64812
64318
9346
9440
13422
68134
56238
61892
95350
18864
99398
67958
40560
2408
45240
7432
33022
34474
77122
11098
77624
99102
73982
57562
56822
23368
44562
18464
7852
96178
7544
7016
52836
83154
79012
82250
34202
67122
78672
30194
39060
98880
62538
59850
94442
77350
49596
99472
9738
52538
80270
22132
3516
73236
63464
76838
50776
47758
63474
16606
24352
48416
32814
45306
96750
75698
51586
59398
2750
84656
63408
18594
71870
77234
76634
50870
52448
49010
14236
15910
56898
36730
61636
22770
31734
5796
41734
92182
90090
13050
58204
38600
19682
85088
72322
23174
20702
15546
81800
63860
82464
64414
16050
71050
84990
82444
72182
93566
66348
65202
70224
9664
65484
81260
53788
57320
98170
72756
70268
23346
92196
4552
44050
63702
17140
64306
14786
38482
6448
7158
350
61020
14904
24854
31176
36358
4514
6348
20086
12094
67886
6088
99844
91102
19596
32890
30868
48066
3656
1308
7892
44508
65804
69258
85444
15116
46770
55796
67254
82912
78700
19846
30114
12204
85074
92168
59446
52656
13776
70402
40754
7972
45988
23336
23282
97496
15122
56624
3428
44866
54682
5658
5486
39116
53684
25012
92886
26406
15446
62768
39482
38246
97274
45186
77978
96726
81612
40132
35988
3418
15912
57996
14974
58032
2402
49892
51516
42464
40046
18616
93546
23038
77920
25580
11446
65076
67630
21558
62312
26160
96556
81266
42266
66144
53568
79590
96520
29554
97522
39232
69130
46278
80996
51332
19818
88350
82686
38288
37236
30086
66236
53898
29930
28792
86658
22696
40814
95932
21368
47128
9932
86372
64008
1622
1924
52824
51804
29246
99450
74868
79564
40216
70706
17836
21550
93596
36398
31324
11220
68742
23600
39786
45202
45614
53766
93316
84712
25358
19876
6514
71884
57164
25090
40588
47672
61608
5868
95104
37300
66864
39140
5658
81188
77180
66944
9336
37790
71910
37504
98024
77284
81630
10404
69940
3504
3478
22280
59990
12144
24748
64242
24328
3302
66630
85044
92078
11486
23474
68200
87232
47142
65854
1408
14662
58706
85604
22930
38724
39170
73442
11122
1144
94200
43244
21640
32576
81000
98616
31358
27128
94582
64772
79358
23236
4222
89678
70758
88290
46354
11436
54732
21212
89074
3050
79712
33496
73028
78530
11056
11802
69490
18534
16430
25096
23778
26326
80306
65616
25754
80360
81812
29598
58318
5668
61426
34782
23132
76302
53362
87654
55404
54066
29464
91654
76886
6442
96504
59228
65932
46274
16374
73276
13992
98566
41804
48368
62580
77780
67694
29206
88462
37586
38240
62424
80388
77040
66354
75254
30502
26282
80186
80806
55588
62470
85666
71626
75000
64828
40112
12422
17346
55410
18522
88802
70574
24644
67072
42830
61480
78164
40174
32114
92154
40630
78744
3538
11762
32228
36744
87210
73816
69684
9678
30270
39252
87706
96056
9380
6968
45144
30266
56474
67270
22150
35932
27350
45552
3854
78502
36410
90290
96642
58114
33258
54560
3768
62386
25454
3844
29288
94798
24794
71764
73852
40046
37324
97696
48198
94188
42704
35678
35316
52822
57758
57216
5552
29558
11204
51858
77846
17730
19054
18392
70482
53530
24542
53906
18524
58934
50080
98908
37342
34448
33556
78146
96236
88142
3804
51654
76174
83856
46092
61434
55740
27864
42216
53552
86068
48428
33654
3598
55970
29042
75862
89546
30628
50988
15214
1498
82276
70856
46686
86246
94248
97102
67988
74010
64036
63258
83760
39520
15422
50444
42724
62692
96480
89920
51398
74310
77178
47280
2288
59654
37722
35510
23214
60308
21304
24240
81380
63624
79106
62486
62972
29904
10572
7352
89092
6278
662
36656
13600
41584
23074
52098
96636
2198
41054
31912
732
9850
13988
43636
67480
22474
22292
76586
84314
57328
94810
14678
28220
37428
23176
57062
71426
22340
29384
45790
24512
98422
54904
6866
43548
14820
23574
40800
7310
4074
99550
48850
56294
49000
51252
64110
95386
54554
97998
56556
99988
14130
7188
85394
80972
24936
73034
49274
54996
59290
50928
84536
77056
96284
25632
99286
57366
30002
54354
33032
73606
36412
82426
51168
29058
75522
16340
88140
62804
85988
76688
45914
62220
82216
67514
51644
76994
76412
38446
79482
95144
79842
5936
38238
85482
36090
92382
23530
58440
16792
30462
61270
26642
28014
71692
82124
45690
37216
18026
19288
73254
49010
94946
61414
25440
78524
91804
56932
77554
1304
47868
7310
59110
50560
98738
95000
74198
30926
39904
85580
68038
4112
36684
95514
60974
87314
88012
17694
20630
32458
20688
76292
74550
77384
21444
33478
97320
74088
84942
64206
26694
90174
23040
37162
38928
95834
50064
88750
35310
21656
12094
72728
53644
76916
88216
68644
5628
82994
67576
75864
48590
75800
35276
71804
50864
11142
20634
99066
90792
20378
45716
39278
40430
97464
25454
69484
98270
42748
73034
97258
15004
5738
76994
39138
20568
85242
87052
92782
5194
75498
21754
38450
86848
8864
40894
19008
36618
22928
35250
47512
77172
27008
64712
29478
25990
4332
88830
834
84484
48358
49288
73018
29258
57572
98378
9764
91002
48964
48098
5424
56170
46010
26640
70640
37492
8634
30000
71472
56322
28972
84666
32266
50436
82406
4224
2366
21452
11066
32002
19464
37708
79528
48220
55538
63962
72312
93322
89160
56758
58594
72954
68156
8944
22708
21402
7476
19708
20646
60782
14808
29970
51812
93046
78256
11058
70986
11426
6732
96662
27160
35372
28760
83170
92366
52500
60360
89434
22034
98438
60616
57054
65226
50580
94126
62580
64402
56802
76046
84792
20024
98106
17530
69094
5740
3206
66836
41702
75578
43462
87306
14496
35198
62116
18766
20680
10578
90038
8554
43894
99288
97086
23128
26660
20688
40508
93898
84004
54766
95534
23362
28290
81018
91196
49096
76484
64870
72608
32442
11694
29734
76652
64128
11216
45538
39882
69026
46826
89818
23922
68638
98306
6398
38794
32890
7580
17164
66084
90990
52144
68986
15718
56622
43438
48334
30918
29746
33038
276
42344
66454
55818
46758
38732
7146
10884
67736
70076
49414
15448
3742
46064
37866
97520
83836
81282
83030
46728
13334
66116
12072
60896
20958
87702
65876
57010
41042
91302
21198
29514
89886
19088
98242
57582
27850
13056
74392
76066
73630
36512
14728
31622
65598
97612
29046
26816
56840
47658
63412
60446
7178
94314
16538
81912
53754
71454
40090
38206
14496
83688
12506
35006
36004
18514
48166
51530
43058
30444
68830
83778
55146
82844
60196
34154
29770
62214
67758
84416
34512
49276
60746
21134
4094
75974
41484
4572
52812
99450
37890
73970
46096
64198
37808
76224
46598
75506
20888
5784
61116
65108
5680
27450
49136
64906
21670
4056
50870
58960
45680
56458
9002
53052
52594
88986
15836
56614
91374
42374
53982
96200
32030
43414
12868
30296
82892
38726
474
70308
28602
78986
49180
73888
70954
75404
38856
48652
63734
75322
72294
11096
56912
98180
63334
12810
9364
36236
53150
86538
88140
14652
63608
21594
8508
4048
52224
23210
6744
99394
71198
68868
31892
7002
81524
65052
15796
73598
64308
5646
32334
58470
84936
65128
63720
66158
85122
1164
7970
48822
48008
32174
92656
82186
46484
60758
94254
36182
4888
50084
44390
97342
76756
16512
83834
89422
59126
59950
94624
54962
5498
95980
49402
13612
17274
37334
19764
38360
27048
23104
36460
64634
77350
8936
58292
89584
71326
50640
11894
15000
23268
77484
56154
50094
19182
54998
40100
55456
55996
41332
2758
64948
53936
76032
848
82000
92618
49510
49380
37792
82300
31760
27192
41902
90734
43918
43084
2868
68624
25960
3342
67520
3396
77572
66968
14060
92340
24624
58540
22316
66284
43240
75364
85446
45808
20708
15562
74526
62380
89012
66586
85308
95236
37330
68464
16360
69818
2932
18794
81860
32584
10902
86492
74798
63338
65668
92228
50360
58182
54266
23564
38352
71728
44770
30340
98448
66100
36982
46682
47254
72856
75670
48296
13346
79082
21026
12304
49510
47704
90034
84880
57212
27514
49582
85980
4268
69584
37852
18682
92748
75308
97174
3454
62052
53130
42296
43994
54322
12960
7888
12534
12604
27788
80678
13578
83444
79152
41584
30780
47796
1608
96170
82822
80530
16040
33988
35416
23976
19060
49974
49504
32364
47534
74424
36922
91476
20060
42854
19842
17424
52676
21810
2442
74564
70656
64036
56116
35734
95352
60432
28396
45954
85784
6308
80922
58472
758
93070
28808
3850
39560
61716
78246
57806
79414
49256
33634
34626
9458
67130
35858
59588
3468
24796
56932
60482
69244
28098
94750
69466
71608
49710
70466
560
80758
70922
60202
87932
28288
82732
85006
5786
46008
86866
49624
15336
9356
9782
20672
48080
19102
84562
84590
41102
65356
87380
73656
73964
57754
24710
43508
54766
28002
66764
65012
26830
56178
71516
15874
94548
74720
58928
21676
35142
44544
68732
22700
30908
49892
33732
22296
46602
13132
79334
86940
66274
94972
75858
62630
99620
11038
74640
14042
61950
35292
46876
84336
37682
26338
18338
74316
96846
40356
1128
93348
81244
74316
91210
48656
60848
47872
65464
34660
42378
6858
36038
78796
22192
26900
83396
73162
62588
56702
66458
32232
37464
67128
84650
47014
39138
67330
63312
1298
95376
56414
24246
62854
67360
45022
98042
32612
91416
95302
55644
50084
30542
92800
83490
51090
27154
51706
76392
26128
71992
96386
18192
28714
83830
99218
46208
75430
18178
36294
79482
57446
25862
84068
89702
3278
65242
41420
2344
80482
47404
7486
14272
50964
40790
60422
97578
37410
59338
22322
62398
47762
89518
23116
40904
42830
28692
71592
31616
74576
68908
44574
63184
44918
59572
6154
19338
33512
12556
6476
44962
59096
28940
20548
704
85948
86268
51896
87292
99186
22994
44730
26348
80444
2928
97776
97384
79134
12300
42288
98466
70410
17360
65132
43536
65738
39046
68586
20950
61910
26778
99404
68708
27560
48806
20622
38342
65928
39778
25462
1204
68140
90064
20146
4574
70256
48514
56586
6056
81942
74598
22680
58094
71540
47594
7250
79250
22712
16762
47314
89934
6760
4278
87372
58852
38802
76088
12652
22216
76882
59982
65774
33472
35226
54482
24678
48166
53380
39948
77654
38368
69914
63854
22856
79670
24766
88382
85112
68632
18616
11030
94430
89212
73094
92588
51428
62678
43992
362
91588
74908
25712
70024
26478
94814
27986
63842
58342
42240
97112
45666
79414
54926
4498
93582
17866
41958
83160
30026
40454
91824
80684
16752
10424
34786
30968
81496
87678
18784
15168
20170
26410
79230
81214
99678
52346
73126
19718
90992
85096
69330
4260
45600
1776
22426
83650
14792
6614
33786
17820
36778
36768
5496
51742
32804
28256
19250
73022
2568
43538
81604
80056
96864
54076
32080
89372
9860
990
79384
66762
85266
5394
320
15604
86170
73360
49406
57548
9760
18110
76204
84376
89486
57738
11478
33418
35998
96546
42128
7604
95486
94374
89436
42238
98010
5556
30404
90310
12818
82670
1828
74168
85264
62854
63332
7152
93380
26614
11804
86536
36694
72014
40982
73032
12666
16138
76050
36726
17786
91340
21066
19918
88682
4098
44036
82562
98848
81004
66736
64630
97172
21182
56640
47296
55312
96688
29116
65142
77240
96188
28184
42696
31966
57020
90772
48862
49968
47936
43604
59614
62648
5682
58924
85392
4150
38012
73324
99306
19898
37394
61254
18430
88032
95442
94640
94434
88892
39898
6962
1280
68798
50918
28624
63654
86760
8640
30504
74214
65410
1100
58976
4098
77176
73588
21988
40966
39758
5658
19346
74654
17126
52374
39654
37082
72512
92472
67790
5190
83218
73904
22570
8206
37660
72586
69740
85138
95366
58370
30070
72704
52690
35904
75512
62646
3534
87658
81164
30
45440
93890
35126
2480
62042
11498
71008
31378
68942
17684
27658
19552
49798
82718
52612
53892
69748
34512
29708
61748
35784
16446
72034
22662
8412
38034
89880
11682
40198
96574
87640
35484
82706
32658
96804
48176
57390
64198
37050
7844
71440
34058
59790
15494
81078
16992
78562
88092
51058
23902
3142
48510
77218
14432
84576
43162
32998
15162
3594
99666
70052
11934
70452
16072
8830
71936
7228
92362
78962
71840
64196
42328
18164
48026
27780
79826
40632
66988
3344
56764
54908
33610
51368
98272
27036
33372
36776
24222
83440
6474
67990
20132
60512
41926
35960
17028
13464
14990
79614
44572
39002
77702
30972
12934
98332
54910
65454
27372
1842
18760
33874
90830
91344
31538
36372
96568
39072
65956
22582
67834
59596
29474
43132
1552
56920
79690
752
20316
59188
35544
93710
78518
15120
47034
67542
83628
53988
91694
42574
74778
6464
79756
6426
63370
37538
22878
44938
52442
63994
93888
26160
26220
17108
69142
94456
25562
96812
74164
47386
43674
20124
98154
56982
10542
50536
23634
47580
43520
10520
39100
40318
1950
55486
98582
94028
1332
81118
93808
28356
19002
9446
45706
34206
13010
74264
63218
66748
31110
77758
92232
94526
89302
45654
78582
66192
23832
89716
93146
1698
6656
93170
73610
74422
7122
43060
61632
43664
43990
43652
40552
86882
66028
62140
81000
87916
12490
62994
4914
24132
8118
27858
16064
63078
90252
40898
83886
68534
18614
94490
4030
18720
46860
33406
59366
46640
25452
54476
63578
83072
6582
12512
72820
98992
6158
77792
41272
18058
26948
2470
32542
5748
13738
8220
40716
36102
95250
80268
29818
55886
86588
1106
42716
43802
54290
94918
15898
23828
94920
62206
9652
77424
40352
63038
20072
49478
41390
41030
71298
18744
54452
70798
9008
76516
49382
50642
61394
5990
15944
55358
49950
40892
29848
518
95838
68074
30788
83370
99192
26238
66478
4438
88390
50476
12958
95054
77380
83514
69706
59958
85932
69886
73310
47108
99062
53320
53816
20454
4030
30398
12562
90510
79458
44136
30824
80558
80814
9528
58280
638
43974
63474
96734
80580
19634
45158
79800
8378
3404
53776
80250
80850
56970
79894
24734
37038
81624
8130
98148
94214
45046
64842
82562
14966
16138
78254
22456
18494
42412
44108
40740
10396
27390
64526
29820
6492
52430
68058
30048
58978
34726
25930
74232
15636
70568
44622
56230
63366
51062
90154
94110
7804
89294
68910
81876
87472
16212
98986
6078
32334
36144
88546
45902
77574
78168
53966
93044
22272
40136
67752
71086
71984
24944
88560
45608
41774
88266
11886
92930
81280
74334
11842
86488
82976
73048
10784
29658
81778
17816
16022
67414
51326
92902
90772
13372
84672
67778
16062
51470
1404
14002
96510
45596
99860
12954
85714
13430
45560
16866
7230
88096
23248
88608
22854
71008
36468
87074
87928
50584
12544
54980
78870
86524
63162
91674
1234
42850
22666
24262
20938
92492
6926
58910
25050
19116
92558
80270
36960
76978
14356
49576
77646
64600
94116
86046
4664
98108
5652
19882
62804
64554
44508
76214
46336
15362
19914
8826
52484
78466
76334
84354
94530
15718
63292
55214
3034
90380
5612
38030
79460
12240
28380
15358
22196
48604
40688
44200
88432
85672
22562
74718
14722
29122
60178
16866
18772
52392
1564
32528
65396
16784
29986
91724
9710
52842
81908
80752
38876
13156
44130
57266
49644
12892
75692
72318
41878
54580
21746
57124
85090
92466
91368
33704
58422
62248
45208
77650
33474
23186
5680
32702
93878
48784
2924
61820
28830
9288
22884
3590
4818
61058
25482
51454
95332
87594
45660
39436
42362
1462
52026
71310
44894
53608
25098
94764
13872
8128
22584
92172
73666
32124
53848
69880
31598
12468
57496
98572
68842
10608
58898
64826
13142
82704
46258
24790
70944
88216
25140
22366
56968
4132
97890
40518
61732
54784
29414
42986
70716
7282
93190
76010
86534
4790
35396
38084
78294
56118
21744
21076
9124
19182
7816
92620
97738
29202
22030
76322
82624
40602
48864
16318
66564
51520
61504
84892
30454
53572
96294
82976
70024
27312
78688
94508
30506
15456
89812
32698
29862
91162
47482
88016
61452
62678
38152
55974
64882
99694
22944
34670
4334
55202
1286
97930
71358
81766
16840
98656
94870
56536
49958
25834
95612
13110
70760
34660
5436
92034
22704
80776
10542
85810
54310
93520
1124
97222
27502
83862
40126
98936
84758
1244
28598
38512
51170
23226
63342
52188
57134
35048
79290
65510
59416
86164
79140
85534
76104
98842
78514
80320
80778
3866
97962
14560
68536
93824
30878
53816
50052
20768
96558
39120
18912
62958
30018
94420
65562
30748
94176
82158
51484
23926
85460
33720
1946
84104
23712
12572
56116
84532
46924
59848
63638
68222
60264
74454
40870
31924
42650
38640
55284
78154
83944
90738
51082
67162
71372
46852
94478
744
67356
95398
51816
96674
2910
87202
75304
32830
40026
29450
35004
32310
29578
37436
24894
12410
1740
77426
81580
76166
37686
87726
48580
93154
4446
10154
23096
61246
97542
49986
13126
72008
2522
36906
20416
55374
15092
31614
53526
26110
38770
95956
72078
90872
73426
17038
41886
37328
57878
87964
72590
52716
61250
8962
47820
50862
796
24252
36766
93168
86400
94558
40578
25120
50176
5232
55180
8504
324
14520
29932
72506
50210
67996
2132
65958
5698
32112
38282
80148
86592
93156
12708
74182
4694
70248
45376
25196
54570
66092
38958
33634
84488
69244
25326
74832
2292
70814
70556
28786
2476
17014
67172
60942
12882
74110
14552
68830
93312
88
81252
29110
98924
57012
38004
89556
6580
45844
65938
32488
47972
42486
23974
81470
36862
89432
92030
41604
11398
28458
74576
46894
26522
19558
96452
96026
33042
18710
90604
25754
1310
7548
148
21152
58440
2528
51284
6512
38020
13738
48938
5250
59540
1672
90168
4974
37698
92480
92324
868
67978
32962
98150
69604
27402
56436
71446
28944
14298
96580
48924
71526
33084
99686
37134
33206
3792
79906
62872
22736
30210
47390
10392
29862
16782
43372
52288
93062
87512
81188
21150
3800
62344
56126
2944
98960
63504
40338
11754
95924
79172
72660
16892
75486
84520
16312
16516
68068
75886
29710
95854
32870
83514
10726
27076
65844
29374
24554
30566
21710
38846
81646
69538
70906
61632
48210
20066
62392
94906
46212
29738
12852
84352
88638
32330
36090
74646
75026
56972
97684
49658
59926
99906
34654
26724
93764
52548
94378
61234
2380
99112
58696
31154
35688
82622
98918
63862
62980
64900
72344
22808
51306
92334
56948
2460
67048
43658
45432
51766
28606
31080
84276
75756
21016
30108
51400
91384
82066
35306
89270
79094
86996
5182
33318
11588
98702
81982
89256
35892
80696
91392
77326
36136
95310
1786
69976
38312
34242
73144
56392
93482
34356
35030
38822
83710
84750
18560
99038
29622
31984
98062
54560
28820
23670
34074
33996
13242
1920
87864
7646
35852
98392
20202
39988
27390
38600
90642
6128
92242
98732
27744
21046
87494
28126
86696
87850
13860
55774
65844
68084
44566
6926
91998
48480
51934
28156
55142
66966
2944
1774
22920
2770
20698
60562
71646
63296
79590
14816
65332
33708
2678
84008
73688
11858
88110
33266
83298
54908
48826
91906
15864
95960
63756
16496
82438
48632
53196
79630
88900
63268
69192
81866
1846
29704
70372
294
53786
94916
56156
34870
95656
62314
85696
67714
60162
64516
65326
36624
21556
77774
76466
79078
48062
42370
11054
54442
3332
3686
74228
1892
50990
31982
58144
97510
87870
46746
97106
88788
88246
2216
10800
59282
31198
47138
95196
2214
84438
17656
18632
52404
57950
75606
50014
91788
12986
55302
1234
15956
55336
36188
42532
31936
36798
90584
29096
37990
7098
28562
96892
29282
96864
49830
37582
59304
35390
85170
64784
47752
42012
22538
6470
49652
22552
9626
51836
91870
28418
64904
94588
64036
68736
36872
25060
41752
10268
10372
88272
46390
78632
65934
95264
48418
46378
76398
17012
32568
81930
40804
80648
53904
84374
66990
98714
13468
67140
61492
49314
77240
36312
20596
31082
31116
21100
27860
1942
76026
30802
86974
88702
77060
91256
30460
65922
80616
94696
95860
76166
56988
70840
44118
62666
77872
68116
49768
40818
99888
87778
70766
46868
47096
13818
92872
41328
45506
35384
80206
60812
74044
988
29482
51298
21408
34352
63332
23912
27972
88546
86570
52188
15688
19768
58538
75278
29350
60124
11012
90708
28416
53518
34588
58744
44872
92182
87794
97370
72576
35256
17860
38182
88940
93366
37922
33592
31512
78226
9574
50532
93368
41492
6348
45398
92166
9826
61680
74362
88276
72762
66450
99458
75886
77752
29866
74000
84068
73474
53940
31250
23258
25296
51022
76054
23060
87476
46996
58318
2778
59972
42260
68350
99916
89240
81268
616
65126
28378
1326
58390
3754
89656
15288
92582
93306
97188
25008
7010
62340
69370
52036
33820
46168
68688
71478
8746
41090
9622
63120
37724
55938
43816
46574
14358
28966
42138
73844
16988
71806
55714
78850
48892
22338
96082
34914
62738
36170
44046
514
33794
68686
54868
8900
56510
95946
38306
41448
39528
96540
56200
16404
69790
60590
39924
8172
14226
98822
64726
61006
20430
7482
11664
39680
44570
56600
66588
9984
34810
2738
50880
65744
57464
27686
17092
69910
44280
78382
84398
68568
87922
64016
35856
55560
71304
46364
10644
90816
50790
45586
45112
23186
37620
69810
20026
19606
77896
42656
70570
2834
79286
20974
99552
90914
91758
75184
41528
23690
12576
23924
1424
64530
6234
23302
42910
678
65854
77832
92858
82390
34872
5462
88352
28674
19774
35404
23666
17650
22262
89382
77662
88268
84128
93792
48852
81002
51148
64800
65390
18742
4836
15314
21594
8132
42812
63096
99986
73156
43340
35340
55424
27376
1278
88876
56164
17436
72156
37352
71370
55292
32478
74456
44122
2388
55430
20442
79734
61674
27326
22628
28480
7930
50790
10086
5462
35236
61998
34560
32542
72074
47052
32136
27192
90382
40350
5078
44330
32252
57224
7736
27736
8688
88646
48456
78748
68490
78554
63712
76818
70478
78222
57402
47418
10924
86700
85004
13890
83994
65184
4968
38394
12512
71506
12200
4400
44894
90548
7978
5124
90052
15862
62538
78794
90784
82796
89228
88572
87128
46672
35822
52640
73804
47906
51654
91118
17072
21974
30648
35014
71240
6352
26714
63946
77576
71062
15438
66830
87968
55870
22574
71334
77516
38722
8416
11348
57162
52516
56952
98868
20958
32694
59118
40246
53286
61074
83712
9032
51898
29548
13034
13782
87112
30334
2994
30874
94746
7242
31886
22858
84484
57776
14072
82804
80082
44038
78866
9588
59628
95246
68824
55638
34216
98000
29544
13774
26488
43934
66676
35122
10000
77920
6612
6682
87204
68184
61626
95044
77532
65308
72280
84054
73702
98268
92564
23408
28728
94012
16636
49466
12398
98088
62008
640
57180
61898
42432
56346
48018
37084
11868
28062
35032
70972
16630
97850
88358
24062
89700
66648
30844
86094
65280
24344
12146
14280
62982
50136
69836
1174
76474
24536
22372
66544
50304
93654
22660
18040
15454
73484
65430
66458
36616
20014
91386
95476
10948
21364
67424
71332
78862
29948
25314
98218
3886
87048
16332
64990
60314
46580
1688
10610
76672
52552
19862
60114
35626
3290
51254
47190
7472
10674
48412
73384
10772
89144
47454
58488
55764
8378
22044
66706
20058
97708
82
15350
78544
79886
46186
1000
74168
87218
24766
82462
88782
40670
51172
81080
35960
63922
73406
14816
88918
55602
37372
98956
71446
20542
14560
21964
54242
91240
48958
33598
25042
34620
1014
89246
23208
45900
62950
58730
30954
47654
14626
85134
55814
41672
84376
50072
99522
49736
51814
87528
50380
63572
87014
69514
39484
45158
20928
32012
98594
18344
29690
56942
72198
13042
27902
81336
19418
69244
85114
34840
7366
42438
85878
87966
83444
62386
11194
58900
7364
13394
42786
2362
52372
56364
72272
84526
94114
23736
35242
68874
7530
4330
69942
95240
81358
85632
41892
1984
84932
51324
37448
92154
36470
5892
13608
80736
96494
77854
99966
26254
60820
84894
8292
78180
20534
23862
1116
12506
89298
6068
75710
7352
52748
90260
18544
7264
10730
91394
23350
41516
86078
24200
54710
88322
65572
31398
13456
43794
35218
7100
47430
33384
67592
67430
67242
19538
11734
27044
86772
94294
49070
76758
42872
93220
33622
57228
59662
16884
25202
13196
10266
7806
32236
68992
23842
19412
27462
65780
57822
60598
87070
63190
27666
10450
46318
49198
60200
22020
7530
85598
81494
81624
94646
83062
83726
90540
57084
68208
21084
66896
57992
4472
2694
34792
52846
87434
7926
32628
47126
14880
83602
32230
22668
25786
21320
67854
30550
29070
43692
49958
74260
43774
47668
79032
42126
84132
97430
42504
72086
21916
92046
8422
95734
51784
62184
40066
46870
30844
26720
13550
97870
1888
28240
75146
6572
58924
79090
50582
43510
34498
73492
94528
71178
1038
54460
73918
7462
68270
64364
90154
82266
83376
83946
83028
71046
91820
33856
94080
79274
73412
54006
19124
91214
73164
2572
18534
38150
4394
54136
8576
67908
67976
5744
85426
18692
59262
9094
73488
34194
70714
97916
60196
84136
38534
71284
69938
63744
40478
16876
96530
66904
9402
48436
2330
31702
88398
17912
4240
40262
83802
37046
21194
14094
75544
57304
35740
65444
81478
31026
17798
16656
38684
81032
34468
30504
56788
51084
43306
98890
29102
76076
29308
53374
86960
50618
65556
63090
41672
3346
33988
94190
12556
97506
66012
86314
5350
70030
38054
31664
36718
9714
96660
11400
83634
14120
45030
75474
28592
17358
69810
89510
29726
84440
47846
42578
58930
58382
77754
31794
62196
98242
70360
64236
19694
16184
39698
87428
45438
42284
19084
60824
16262
11130
66206
11154
31190
8660
97694
19084
51024
17462
14448
97626
25554
48640
72924
20846
49768
39924
23520
36124
732
5390
7282
19768
22370
24618
74844
99236
97906
13768
76402
64762
36558
670
69420
58128
72700
84002
73622
20690
51644
62266
57514
48966
38716
15290
2392
32806
86350
64838
63948
28678
79974
55122
35870
86796
32458
7270
95140
38852
71006
17460
89436
63926
30404
6786
77412
40824
37548
76912
10780
72698
98564
89254
1998
5724
43744
25740
60004
46802
27956
40836
19104
71126
33380
7528
5680
26174
61324
79116
71622
5048
47100
59606
61938
84680
11950
41206
25044
86750
73008
31394
4896
43128
87076
49044
11810
37870
41062
2896
47772
68066
71354
44034
37650
11062
86422
69626
70502
5452
32494
13484
21966
90410
11254
63360
13722
48192
82020
25606
40096
67998
31508
90288
10928
83528
94068
30138
96864
25422
51638
50590
88440
2776
55800
64274
65440
32968
84246
38382
38220
85842
21376
99002
42048
35242
81642
52902
92084
60586
4632
36798
79806
55624
46276
18464
15898
40944
54226
91958
32410
79476
9948
3656
17592
87458
80978
78500
71628
30306
34592
4252
39488
52668
4850
68268
76750
34534
4248
75220
69224
9580
99508
67116
83814
21812
55406
10452
31302
21766
96586
97068
93314
72630
41284
78606
8298
65506
9086
80912
20830
29030
72112
52634
26218
130
37070
55208
31600
64188
67884
89530
54332
13572
35486
28592
52948
40328
27876
18418
90134
76868
788
40522
42196
53882
16142
1738
18318
73164
9066
80878
12950
42958
9612
56442
81416
37112
89784
58672
86846
57080
2554
17562
43324
42564
29310
27442
92724
81930
6576
95826
18384
48948
57882
30196
44662
26950
70426
48390
24032
93768
11536
37888
65602
98254
66382
512
42006
67228
23208
24416
89378
18996
49926
28014
1934
12414
48342
96756
27586
65266
39530
58118
42944
12488
81630
6022
33858
42788
3756
29552
23462
40400
14022
26666
75280
31572
87166
96368
29986
88424
90114
8432
38316
98300
2190
86264
42354
7996
27346
56130
58218
46114
17690
52144
96952
46144
16882
20662
18550
96386
13184
68706
58422
99740
99256
31536
50742
26892
62638
98388
8070
27008
36018
20732
45050
18544
32126
66310
80728
76272
64824
58492
174
11326
26428
78142
25140
52234
52944
58404
64366
59078
28012
81804
98194
42532
34282
41302
18778
72824
4578
43116
81246
16452
95580
32772
29400
6050
51904
77364
58426
27942
15242
30238
78172
54298
15174
51436
80542
75854
69756
75912
48230
30178
13732
61924
39520
55548
32124
28178
28978
54680
1292
62570
84150
8316
78976
78826
29292
71086
33734
59244
33320
65840
90846
5578
57844
76728
45510
89008
66410
59284
48256
53006
70182
75128
18254
61224
6084
56394
86388
83906
57776
70932
47706
94956
85788
15754
67816
50164
1258
94598
99480
46938
52878
73066
20522
68810
23724
23410
14040
64794
29944
89434
30496
97680
56416
51044
16736
9774
33532
3846
47330
2788
96846
92794
82086
29838
47152
40824
19132
15566
57930
57634
93116
8688
80344
36598
13856
66804
24686
85494
48196
14876
54306
96534
38464
56908
24826
20760
83370
1922
11378
32916
79808
74232
84122
90074
32254
85106
7072
44236
36114
24750
40874
30758
62020
46398
22848
39822
63142
50122
59028
65328
2410
83638
41682
5910
23664
58248
69222
45332
60342
82284
17546
49542
98118
72292
52844
31866
22178
5986
97092
61582
84
65942
73506
68654
93190
300
77020
98676
34882
39182
4508
85662
65598
95742
76076
88180
93234
75336
40184
63334
93594
89496
53966
10874
31376
66148
74262
66740
3516
3680
20452
88750
93606
19622
69126
50588
8672
91438
46282
17796
45450
36856
34114
34796
28554
86524
89060
27618
91970
49476
69252
49762
11282
42810
14884
67078
54930
41642
34950
64334
98830
43850
49754
3568
25378
17826
26100
60172
90376
33110
23120
98904
578
76354
68070
89688
4004
32884
33148
45962
6864
32082
32808
39062
87240
34928
2122
49934
67076
50122
21402
33096
48884
65390
31992
39346
17268
62468
17576
21698
15668
90270
2280
51338
91544
81116
65068
31518
9756
9806
15778
68772
8770
79946
89600
16782
28744
93794
48526
83994
16700
57262
47376
94298
63164
18030
87166
47258
33514
93682
38208
74548
81882
4544
89780
43000
21930
15810
75942
41838
1122
26490
96686
14662
49180
80344
40016
17518
89688
14390
36678
76810
85260
56124
37088
17556
5682
66156
4208
7090
48972
14742
24902
30662
2880
32978
87462
41814
15130
57152
55718
28990
97770
12174
12280
79430
60390
53224
40168
56492
8246
27376
94616
25210
87874
87678
5302
84976
29632
30710
76972
77180
66340
50572
56654
76448
87136
84250
29158
43720
60392
27088
44610
74806
906
35960
64396
10334
90914
89986
60134
23560
33388
48884
14604
16392
4134
37770
59770
13608
18136
38452
18660
25286
59158
68912
35848
46782
18880
88734
27420
25204
52504
8054
62096
30184
33066
48032
33114
39928
65340
27006
20290
14396
33416
51436
9450
69606
78358
86462
5350
30612
658
83860
34164
48536
5436
20170
98390
88108
66386
1988
39880
25844
23596
68618
70904
18098
77970
65462
35320
45020
58332
93920
96334
89288
94054
97262
45666
87004
24458
69130
42492
62178
2222
38058
41830
10054
48384
89970
30510
77846
61810
10750
29650
66074
16530
70420
808
14428
8732
26086
91624
73144
12928
62086
60420
25944
82670
83868
10578
47526
46382
15294
4224
97572
93520
7206
2222
91104
13522
69378
54040
47652
49952
47410
53108
51778
33934
20224
69230
49862
8112
81908
34418
55806
35700
4406
3768
68150
91438
15642
58220
55256
14056
16430
13476
38544
81488
4220
17578
40500
59802
12078
32976
61938
25358
38662
36240
42650
3454
78284
94084
26254
56308
78306
33172
62064
65804
80552
55954
50454
15464
8154
33166
13002
34770
8574
3904
35238
32732
87672
39022
53076
26416
85378
22222
72716
15862
42720
78184
56420
95976
16310
35394
20814
74186
20142
22862
6024
60482
68076
89424
54388
38752
20324
23614
4722
20846
70290
14672
28868
5866
54842
94518
16656
79504
98286
38888
56354
48750
85426
78074
4244
78070
23700
59622
55076
20032
34996
87386
92570
68348
52000
78822
10074
23152
53340
11042
36618
90554
62770
64182
90740
9016
91582
21248
9396
11022
99040
39684
44098
47640
85946
68330
22456
19392
73458
23114
87592
44996
7920
15576
56816
31746
81252
63774
57598
30270
85992
71998
29402
33008
78206
67870
96302
56678
70446
23932
22054
47922
32460
83760
6692
52642
12416
33422
52784
5656
9196
59348
18770
19978
76412
58026
90282
49314
56090
50058
40412
7840
85356
87028
78756
12132
50464
76478
31020
77126
59664
7298
6576
30826
30176
57512
15926
67520
31682
99754
68490
26400
69630
51800
24102
57980
5316
49906
45280
75006
19098
72132
41656
13528
36750
43070
81908
39482
89532
72014
9252
31082
78414
33516
91758
5550
88074
1584
3230
60902
97490
49002
53466
37654
98824
93206
72824
38586
79284
37042
41700
89846
37086
9368
25738
85262
65874
54150
53384
37586
16244
4322
20220
88296
38922
38582
96676
95098
80742
25094
7368
9116
21072
47322
1216
74120
14784
47902
82162
21458
81490
8032
60814
56604
52786
17664
74254
19280
81630
65908
41512
9070
46210
39242
43600
8166
94398
79396
63280
3874
87634
80786
16260
90138
91284
39544
13416
37316
17998
7192
48752
12658
350
9668
55778
94876
78710
68364
3334
10346
22056
23724
59736
3228
19016
56250
77538
51466
78650
63222
51122
85790
94266
27888
11464
90542
36802
96262
34858
4198
70120
40016
76224
78370
55322
26720
39914
70286
96272
65538
36854
79074
96990
8828
4944
30778
1226
26780
51474
15336
96854
49682
35724
82394
91298
3334
23186
4632
52236
13068
35086
83692
13044
40862
56922
64696
64010
11648
25038
40408
2222
77436
46808
11790
7444
38900
22788
82638
14378
47240
44582
23238
52454
75334
95706
64858
26870
30490
10220
59228
88070
92606
82042
95820
52048
30578
31382
42630
1364
25662
570
90998
52458
84794
89816
82412
11464
27782
68038
68472
12028
54246
26630
50880
42952
2662
31440
81340
76302
62756
460
98212
18358
52892
62794
48718
52874
79892
88680
13052
22784
77566
20162
89148
30686
92304
90190
68132
93160
34044
49470
84662
70474
76066
70304
45766
94952
84952
70228
3598
98570
32658
51266
23646
47262
93804
68366
96776
66474
2726
6064
12628
88690
93628
20396
52180
88366
94514
16006
45962
70008
90864
66100
65076
58738
25662
82010
95328
64864
93770
82638
99244
24228
15484
43758
98444
61754
77568
75732
99530
42280
51298
6992
58976
97556
63938
27708
338
65684
40646
56508
15730
53702
57930
20640
13936
17574
40810
79802
68700
94244
17266
40784
45368
55394
82654
94376
93884
69592
6072
32896
2746
22654
73738
98762
34166
7986
14812
14074
83342
52942
62910
7884
35866
91318
80166
20524
51774
86818
88910
18022
70666
42172
57892
72534
46678
30634
70486
28672
5608
78886
48546
76760
13178
92316
61518
77750
15330
93598
75128
41464
69222
72976
34372
23832
26382
88154
73824
57494
89304
93774
46150
19336
58268
63034
68504
42642
98852
6550
58222
63052
19514
30724
76300
52978
46068
19692
38902
97132
72110
68912
38062
15110
81404
17598
47250
10240
94716
75482
77754
94770
18968
83594
85286
92818
640
23376
2938
9028
32910
1274
23352
91660
63466
34118
44214
30424
73520
58734
98760
88500
55042
66504
34700
66116
92600
78246
49684
51650
89558
36770
50544
31232
69674
11002
43802
40558
37876
76392
33226
13060
97570
47726
58854
5078
28306
97878
89394
24906
75520
8794
36688
73040
80076
71878
39164
96256
2460
56314
37028
68342
14830
99504
40610
13748
27360
81390
97924
91866
94748
98156
22994
9434
94464
34814
76324
28504
7296
95926
3280
90508
60626
77380
93786
77114
13462
31118
39854
37280
25590
44974
76816
52174
68480
18462
17680
11078
52620
78150
71894
31170
54542
90872
6934
19804
31736
87498
43062
77158
30558
69272
40618
62650
9676
55872
9384
46368
95050
76812
68848
4148
12036
14758
21542
92196
83936
70656
8422
6726
3616
11362
59026
90176
63180
92124
30678
2658
34178
3128
74570
46678
14364
63488
14672
50900
98688
66546
37194
35968
55470
44038
41624
58660
28008
89968
442
58630
42374
35206
37304
8804
10468
55144
37162
24574
17474
45356
7258
2082
27704
84440
76332
76426
19250
63914
72826
13766
57628
37064
9464
18048
24670
69430
79034
84492
66464
19390
56920
44686
62232
69186
39836
27994
4560
66590
24942
24260
97320
288
58698
38308
89402
72056
99092
88584
24606
4116
76040
61342
20636
42690
68076
91706
62650
38844
4852
59550
36800
67466
4870
36164
52876
98716
57550
96868
8910
14686
66004
30010
15966
99782
26684
74384
31148
97650
80480
17268
71746
55316
27322
1178
88778
54910
68582
73324
77736
56056
7710
84044
96406
68956
38812
1140
47100
30610
28664
96978
31472
50386
21002
36726
38090
34334
35130
50692
45620
49642
6972
21388
85336
48392
6632
43468
84746
78356
86530
58790
13214
25084
74646
70044
56794
29276
64698
6652
10000
85336
7712
60148
60684
37776
45974
85190
71016
66474
85934
31414
48644
74804
69788
45086
72938
91820
82334
29442
91648
41966
7656
28548
21888
16076
31508
36186
86526
96412
93246
10154
27554
31100
29978
39166
81058
34924
73578
97554
17830
20378
5916
42130
62768
8004
80700
36822
73216
94496
16462
30520
98204
2632
29234
70950
90708
81234
38754
82020
22842
65956
6392
76916
74022
90720
31058
96770
42322
44888
57670
58366
57502
63876
10746
42248
28372
7270
24736
24304
67622
75284
5390
77062
52468
89942
11226
20730
49284
38928
21612
86766
11972
8444
22192
44996
94268
46876
68328
75676
13660
55628
6864
72950
71480
53884
45080
83702
6708
93980
70250
17224
48428
4996
91512
94038
32604
90092
83472
30608
24104
89768
33426
63496
93702
53690
42436
91412
24016
47156
62842
84014
8148
26022
24088
87798
65100
90998
49348
22412
61852
55242
23718
9920
47284
13912
25502
90706
86608
37878
33084
58668
81164
81796
90562
9026
4892
58426
47574
26758
97038
37086
43440
81664
36950
18054
85622
46434
63042
78878
15308
90246
39384
68084
60364
57988
84940
24600
37544
47162
47514
25156
84394
37674
20506
88796
8780
88026
11798
50516
65498
3986
66290
59000
72348
43394
2714
56026
87960
81204
30612
79322
19302
54962
89484
65490
52396
87806
22208
87916
9252
19102
52644
91218
21666
19192
98388
7722
21438
85402
90836
76166
18958
82384
99240
53990
34296
87130
32006
46300
91016
16424
40788
14338
63142
57624
55518
78770
40344
57134
73848
20868
81884
27326
96282
37760
69340
78388
82630
87340
96600
60008
2994
56418
47142
29504
69472
82316
15114
37470
46620
1500
69970
89658
98234
27800
64442
44080
30066
50708
39964
86426
74838
27158
77992
19186
52850
87960
66266
7422
66732
55138
384
22772
10904
69066
51708
57124
62606
96120
57714
20332
42862
98600
9866
4948
16456
44972
73138
43574
95578
76586
81568
23298
59060
75836
96822
12084
68988
40524
20526
26630
63766
43792
26466
3734
12114
2412
77688
50674
87628
43796
40676
54642
97634
60972
44488
49492
77294
28418
96804
25376
84260
68072
39948
99324
67474
30720
15134
79890
45776
2894
90800
10094
51860
52162
59770
66834
65376
47012
69396
98186
44128
15974
62938
66318
86548
17930
30186
53828
22192
35640
75424
414
53792
39304
61420
45788
732
69882
93136
69290
2662
30918
55252
48768
98740
56716
95338
96106
40992
14322
4150
67652
10772
17572
95318
79962
66686
52746
84164
91152
8218
29582
84092
76232
27134
98070
49646
76062
85276
32432
88782
5698
56282
9208
70818
58742
24096
16582
61218
39120
41554
18298
56200
99482
2012
13008
956
5326
53150
35074
77682
81030
35634
45610
62146
63274
99106
64138
8822
17700
6576
7062
52354
73458
24636
25010
81686
45054
32180
99470
48050
80328
67462
60958
68442
4710
99534
21136
94546
4766
76340
8116
12282
48068
42226
86606
88620
39636
26582
59008
90274
23974
57876
10884
28516
11880
87982
93094
89584
10718
74716
91272
54918
26154
17388
70328
25990
26392
39752
64796
58798
6206
62380
27670
45676
7968
50674
68088
95436
66618
14024
12258
65788
3722
10820
8792
42834
74906
19754
13054
15170
72686
9574
95380
29862
61706
91406
7728
44332
7120
41846
34250
68366
33990
43174
98836
2538
44486
5702
93076
4884
45590
80950
21080
73764
86052
23056
67162
9122
18530
57576
91720
570
31212
96868
33628
53330
99050
59514
12458
84406
47224
37634
61322
98304
11940
96624
11108
26646
41808
73450
73546
37448
47058
89430
45654
15568
47344
13502
31198
10530
91488
5896
38684
33162
83456
80158
44138
34552
92216
6012
37072
49198
61566
57990
73280
37646
58498
41680
10066
91152
87816
93730
95766
41550
14524
67920
11982
20284
79376
28578
38470
55210
94760
87862
48428
80918
38686
36872
53996
77320
14252
69438
10620
39154
4328
27586
8418
97512
13992
99394
60296
94090
2608
72718
39144
63084
77192
7668
28036
2822
63300
98282
80940
12628
91874
60014
58296
27710
7790
47222
10750
10432
29480
88592
70936
39314
38838
10340
86848
41392
33150
54326
39420
65186
3828
50536
31422
31090
16620
48440
96792
33406
38932
54908
93630
37262
32226
8164
82016
39288
77368
4940
97860
23552
47392
72140
25246
12762
48648
32624
1246
61574
55500
57686
18368
2616
992
40550
85938
11524
55412
20382
87698
28200
908
67602
26476
99708
8938
64932
53626
81284
26066
16
21462
24222
24006
57192
57684
46532
82030
60698
18438
77128
76628
15878
24274
4496
1722
25230
60722
95796
36360
78892
38086
22926
26800
25892
6600
8548
46664
60496
27668
82780
5744
89620
96806
82834
57790
7740
80634
82292
88626
42034
40368
58086
84496
41502
54848
35286
35852
60914
53910
37250
25282
51360
84758
61848
59156
48696
11192
39790
2368
15792
82488
42120
44034
98884
22390
5278
42438
52916
86164
26892
51650
10526
34276
28430
60982
32178
49392
40594
71014
20618
2930
72298
91222
15416
63020
94508
59752
84878
30108
95440
64936
39242
49950
72210
22002
83004
36734
66020
16024
93526
60226
50506
67206
58302
21340
86672
27790
20966
24740
75340
14046
96506
23868
36734
78832
88136
69034
44038
78036
57032
69808
85564
67416
20276
60494
94106
57812
26142
77128
31656
16752
16698
49164
39264
62770
64174
84668
84288
55416
76560
65232
65856
41234
79000
78114
61782
16434
13252
59882
28780
97276
65592
26438
88034
35900
80206
31140
77652
60118
2746
11456
72506
49854
15712
18194
93596
20496
73664
27704
51238
31756
61636
87692
78962
97716
98924
34684
17070
76582
86988
50998
64398
37938
8738
80208
18966
34124
15554
514
59044
51580
92218
50896
86342
12092
63634
82194
95164
20498
64292
3186
21366
28118
59690
9002
73750
39676
38200
88556
14218
27134
49912
24554
84202
79026
59956
62742
89154
12860
80902
35726
53270
97492
1748
56940
93138
54384
36490
17886
73826
42596
97566
61566
74272
16828
54798
68216
81038
42798
36516
46110
59060
7988
85036
99632
70028
560
20982
34228
77618
15962
43160
33620
60864
20566
5280
80602
79072
89268
30486
19252
84640
99932
78304
27480
41548
60016
33174
48050
80544
39690
2184
19956
16578
38716
48476
99234
81124
2288
67126
95112
19396
95004
16700
86912
49408
37256
63326
83756
58952
89056
11300
6414
4248
64928
41202
37346
10424
77276
43300
72942
51910
30374
12112
78502
19352
79974
23456
76526
40316
65586
86618
862
67306
21406
17632
57502
53948
51372
900
48424
56550
86996
28268
45976
46748
87416
44570
85996
86520
72504
56170
59600
69428
58910
27084
79856
11374
38830
68712
47670
87418
48088
22588
79172
88778
69358
2472
13912
55798
48474
19010
50092
35440
5296
28284
23988
57730
9460
13174
14984
98942
2566
74584
28618
50272
23958
24476
89606
22476
17912
97976
19540
40040
33614
8956
33032
81456
70584
87780
42860
20100
51278
62024
24828
37480
24280
56246
3018
51346
52192
40508
74040
77064
77194
71584
39344
87404
23662
12694
77240
24900
2006
59368
882
49752
29588
97438
96672
28238
69408
58762
68438
97936
42012
3058
56406
28156
45512
18584
35622
79840
16146
91690
65986
1004
49648
27354
82120
32374
28356
45630
99648
36744
7792
6132
83446
61186
10822
14568
79848
38930
8854
65632
56336
52458
81582
51474
87480
50218
33768
4054
91724
64486
18162
1346
76374
13136
77238
84038
23524
51322
5452
56630
90212
13970
79502
83280
99260
5372
41454
58528
59216
92544
54918
33062
66682
50318
11572
75252
70836
44338
31992
20752
6674
95514
70640
58156
52062
60836
3816
37532
99798
62010
14956
29226
97868
29174
50968
23172
23138
10732
64702
84856
60980
23346
12764
5306
12376
23534
80164
43944
15536
12578
55960
72724
6732
5960
53688
31724
84032
29906
69066
20128
89656
33990
90070
93002
6824
64536
55026
10898
34494
35196
9216
30980
51060
40974
86564
67850
44798
78938
20046
51026
86832
45488
71060
65236
40784
92050
95128
95206
37908
51350
40530
94506
87064
58994
82892
69218
67232
16864
70612
35966
2992
24570
32344
33396
800
34648
9522
972
38158
28998
15844
55772
15576
49056
78080
18274
70774
31250
6736
68388
66162
55598
57944
32852
82090
56690
89306
28900
36220
39276
4418
40968
5804
34326
17538
8190
63054
50424
34308
89514
61250
40424
1860
93122
97418
61790
72958
60572
17180
52046
97912
27662
85810
87598
20890
55712
18444
91374
74740
5306
64782
39200
4454
3628
34128
86064
85388
27566
886
44436
35432
33002
83394
49734
42342
74076
12318
40284
61046
76624
1396
61348
73748
52054
50364
24370
80302
10776
28402
36368
84484
97502
93840
45194
79446
74030
27662
89536
85910
38718
59940
43246
62314
81108
72804
35992
83346
10764
64940
8938
71746
96020
10976
64708
62364
81692
8516
4526
12804
34284
35614
37070
46316
55212
58654
21942
22226
87108
66740
78534
51038
23526
20308
98940
99528
63698
40196
78074
92630
62892
1120
14344
84376
55690
35696
1872
34512
89528
57612
59156
45264
51310
52498
47484
47174
37350
31616
26548
42250
43538
81440
86140
89442
22380
72042
72478
41556
43004
28694
68194
92326
31474
40090
42444
24598
50276
87672
63282
90212
87296
10832
33524
94722
9656
73778
44554
42500
88758
60416
97286
77718
99072
97630
78954
46930
43128
23972
1362
22790
43850
59312
84930
41664
37754
45774
17084
14450
23256
99728
76662
8938
76906
13780
86052
31428
65480
90054
2994
43580
58932
39388
22028
87176
21098
11348
77168
52876
33774
99000
9534
92128
60202
38764
63894
47746
60842
2046
64754
37908
93844
68170
21248
98894
15848
78904
18248
78288
77160
64158
64796
49206
58128
76520
81514
68284
20862
81132
28766
75302
96414
74590
99724
97930
42328
65854
47798
78846
8004
16830
99346
30772
67716
3986
87050
47308
37322
88268
64152
57190
69478
19772
33112
54576
85546
76628
51532
49270
13232
19886
38012
1020
52666
66882
82998
27630
7430
25670
14154
17856
98356
51280
17708
66536
40814
19058
20640
2352
92988
69620
50820
3944
80842
54972
27774
23060
29516
45804
9544
96630
32146
46142
89960
34914
20990
61598
78732
34964
24004
7690
89110
78928
17508
43444
28326
46042
31566
86194
26652
24660
6952
77704
13220
43422
97650
97978
86014
90764
36682
8264
57092
67504
34668
48576
95208
53666
92844
93588
46438
41010
58194
22288
3788
25686
90482
64318
45426
44608
70316
84922
10200
67518
23624
63552
75484
35932
65900
20736
2940
42404
25270
81994
43084
27276
11136
20338
13144
4540
12660
90656
59206
33064
82952
24032
17220
36394
15224
78708
39568
10590
34352
57776
3106
44838
67610
78500
71390
9596
5048
88620
66282
57012
22682
34698
28730
86626
76506
5502
80642
23806
54580
49926
20184
61280
29752
79068
28826
10260
70046
95190
12220
28754
98988
15202
34884
40740
53530
15096
41690
61126
67278
18904
71792
62264
24410
92398
29448
22308
67662
24508
69952
11382
33888
32778
7190
28370
71126
22470
50282
76358
41076
35026
82088
37490
3874
73228
53878
89670
31872
92450
46022
90346
88510
63924
69648
74646
79724
67290
46916
18486
77534
43428
91532
77306
14374
58670
51950
64482
54920
66058
94840
23922
27568
77490
80634
40300
46244
80876
77730
22190
27100
91532
22708
22878
32930
60724
96588
72218
95256
72932
54100
34218
24914
12132
44398
45610
98450
10892
17186
21892
39022
66736
77866
48524
54010
82688
47150
62176
17144
95510
80678
24940
40350
39132
40790
37550
38654
38836
63656
74410
39776
18628
98972
85210
34352
62786
61644
15496
74884
55148
16506
26662
3106
7736
91704
22348
63718
41908
26554
39792
78990
8936
13950
74488
61354
5940
66456
56654
74018
36574
80584
94692
75216
66036
12268
29540
39928
76908
12038
452
69164
69890
68312
82610
69382
8912
4684
67128
96610
10100
42110
42094
33088
45180
35302
13944
80828
17000
62892
45114
12070
99838
48652
5664
98034
89080
41004
83770
11914
78178
40564
4436
3734
51078
57752
7586
89812
69286
44474
4300
84330
85612
6066
73734
11318
79512
58400
58052
93190
25692
56212
3042
53798
45068
51178
54794
19828
40528
34230
58146
62584
87790
89154
39032
11906
46076
72100
67328
41448
12882
90166
2630
58288
59194
2258
31206
34804
70050
92538
47512
98050
54134
65798
42862
78658
10638
51836
99522
52474
36972
80972
32746
61850
78604
89706
6612
77108
55434
4956
62680
78066
56308
71942
26904
40688
92934
68070
32516
4600
54170
45702
97114
21418
82464
6556
54304
45248
23542
62402
33790
50492
9536
47306
64654
56402
664
59112
13444
74462
82902
24064
3840
69946
10030
48856
5630
6370
57130
79888
92868
74456
14894
68896
28064
71150
65986
57250
53444
43168
6812
47390
30940
53584
20016
32838
17374
66272
5272
46254
41456
7242
19326
20600
4764
91432
39772
57254
89812
51028
38722
29032
49052
5076
69456
86548
89464
236
10674
32142
46280
69944
54568
88504
46178
96870
82516
86770
37942
59412
63522
61692
56266
35608
17476
86982
75736
95492
37206
20242
73042
39764
58374
88962
25864
78450
64786
85040
52334
90718
29162
10666
49756
46616
3910
60398
14572
33440
99188
25168
95698
90446
44532
34846
16768
92752
76498
46496
51608
2044
48654
3786
69920
67302
90272
11750
80538
46406
11850
96630
60436
97190
61174
35084
85718
90810
43658
52614
15262
10676
31230
1210
78590
24062
67052
68124
98838
53078
66712
89290
18344
13754
54748
32048
54102
44112
32528
39664
86662
52494
23056
69854
81792
13000
15146
19080
56080
4436
12458
33276
82206
5844
20898
61532
832
5822
53666
57478
18910
278
49976
37512
88970
50172
16994
69112
20476
34044
22244
77510
4758
56894
38686
17968
29796
34390
99886
22318
86218
76762
33624
64164
9544
20050
19536
96396
73418
79736
86836
44146
89754
89322
87826
16320
54698
31136
86850
32642
92162
88044
5184
60406
92312
25914
43264
39050
10350
72322
24648
96516
31270
56984
93132
54532
93018
1434
54796
87988
22174
74260
90678
50398
47402
49464
65926
70380
40534
4064
3956
79852
90668
93196
16962
55516
90672
10220
46180
55150
53312
17722
47132
87558
74148
9842
87062
55390
29554
17788
74354
51422
62838
5374
4088
1076
22220
29172
54144
12706
84536
91308
9150
35172
79998
69226
46202
39472
16020
7170
35150
62748
72330
18850
86212
51872
20230
64006
41852
66164
84620
3676
39346
39802
60738
16582
30888
52112
57638
52402
74614
24444
55018
81392
24720
28204
2702
23184
48272
69782
75858
11790
78498
99294
13396
2988
96912
45354
80106
37838
61124
95774
79006
82828
39454
59530
41904
36016
33552
88108
77892
81316
5002
51514
67274
866
32846
1420
9210
33554
91128
1504
89326
39498
24878
58212
37066
93572
98456
74648
56396
95056
33642
95064
45680
32106
61938
56968
74412
36060
46656
29406
25416
6066
63274
63698
30348
88490
84238
1872
51356
91030
56812
40346
91936
48834
2024
9428
31664
71702
61220
78758
1690
18726
8946
74630
68302
48402
68202
90306
53750
91572
11212
41870
70546
15058
39448
24320
99556
67750
2472
23402
93828
66464
98384
34938
33398
30344
11204
75362
23250
78430
20902
27756
5504
93430
91204
64374
52384
48724
47828
58502
86656
50540
47938
80804
13318
71148
8328
83414
61220
76078
18656
59462
73570
78240
39650
83992
10600
44734
1660
16332
50440
92820
30162
96070
51442
44564
96340
17456
94438
18698
85408
20606
27126
7700
75694
13652
12526
16130
45980
13480
960
48412
60948
22580
83332
20908
30744
23598
90196
77292
7382
90930
83894
29446
5366
17588
78236
47688
20576
25578
90678
33394
25972
35184
99368
66872
4380
12260
90252
25392
88070
59364
9010
32616
28878
67264
66322
7086
25314
15180
12484
49788
7604
40722
41588
21644
54978
37036
27358
54434
18912
4852
64082
90294
12500
27098
61778
23002
95834
61814
81958
25978
63046
68130
48148
49534
7970
15770
26930
25796
7446
36196
53046
98168
75054
42374
21502
49972
22948
85978
80692
61222
61554
17558
234
97622
65660
13200
36240
55830
5834
23858
97054
98886
19696
68714
56998
23728
14046
88416
55418
74260
63610
78674
4396
88148
89566
42690
31564
81746
86148
49196
33170
33306
23932
52310
72454
56394
53510
34132
17608
89528
41020
69632
81136
41156
44074
27116
90250
96186
66500
98112
56328
7858
45578
12420
38404
11308
48532
50254
69334
55148
91768
60060
95434
96160
96824
87532
47510
59724
19336
35334
25478
71822
52300
69506
87452
45518
84700
42578
33102
9944
50014
35216
64506
21550
69182
56284
96848
62760
18352
73142
8764
55286
61276
49674
57136
86504
6968
34234
71116
60424
23166
13240
11706
52290
90488
67420
62528
50562
95184
27222
31978
90428
33042
96870
64438
60836
14694
78062
23996
79728
77876
52780
70482
85710
35358
39500
94596
61828
43200
38628
77182
98414
5804
25588
67738
18092
11782
46318
80188
44858
72006
35102
578
80536
67422
24424
20458
73232
56536
29798
55650
25566
90422
59648
36164
49726
5468
77186
15880
78154
48734
7640
41124
67772
36612
11340
82468
73598
75846
11198
53808
20430
76286
3076
26858
83670
68780
86748
37898
41454
44786
7460
79386
90198
93940
48210
26368
10094
9740
70534
21798
72528
25384
91444
39516
39696
97596
53444
15760
52616
67106
93604
11154
39454
24860
75146
76242
68650
10686
87264
17178
44914
75294
78348
68670
58974
19080
11910
82632
35266
53516
40042
6
34642
97212
20592
98022
32124
66812
25172
60796
45190
70968
34514
39276
52188
8476
65740
21006
50848
8648
71192
61568
77928
97508
2640
23186
79440
81542
13060
70288
1296
30424
4362
29484
83572
94968
31564
1420
58386
46294
46890
11060
79774
36546
69864
91846
34544
69566
54712
50106
2960
51418
46932
60226
83304
2378
14006
22090
95636
65830
72612
48150
26838
78456
53478
11112
56404
15954
54582
22568
99748
73482
97770
4730
79898
25982
24266
99168
74990
58516
36500
46996
55928
8762
29520
91034
2802
77094
38542
68774
77986
2334
55842
25224
46482
25956
66894
68604
54836
64532
62832
13358
46014
24652
47384
754
71690
48094
19558
12778
19202
76270
20678
33514
2050
39434
6078
51016
96408
31638
43562
73844
18014
85224
87692
93400
57072
35786
32166
84136
56494
64668
5516
6680
9428
77116
89320
19490
2538
9008
48326
46726
30204
35910
50968
85294
99424
64380
42974
11016
29332
52512
14180
67658
50712
18022
12214
60590
14672
64940
51968
83132
23264
89274
53410
77508
14386
29504
89396
91174
23670
24490
61472
33640
33952
19422
1768
61980
19622
67416
29104
47742
23162
26090
20424
29642
3042
67884
79538
90292
68822
62208
7940
98670
38028
92672
36338
20662
77942
82558
73612
92618
1120
7464
32268
97632
21256
99732
84024
79022
53980
24438
85512
89960
28884
63444
83236
43148
39384
41214
85378
15070
69398
21680
40288
80524
69054
55458
29362
75340
28306
90632
85144
84010
27330
52598
39882
88602
92982
44296
89064
1896
66076
74216
71250
37978
70086
37540
30462
34588
22622
67290
62534
25472
8456
84978
42204
47704
61420
86200
8752
41742
46026
37716
84118
20788
86442
13854
35434
31128
65474
23702
64972
24070
26314
92094
64482
63406
88758
49072
23262
95178
37946
63570
44972
99142
79436
19234
47374
8360
24446
27178
92560
24026
88206
79906
57720
57284
60324
16620
66872
57162
19230
12552
80136
69494
46122
46988
88838
92692
52606
17214
11090
28574
50820
90024
5374
47344
95568
80212
18342
31122
27722
86534
93600
10488
72644
95844
68178
78090
24740
53622
81924
28012
71836
26098
56218
37220
1142
71850
18700
61158
3668
77914
29264
37482
13574
76120
76946
1624
73250
71748
10336
64162
27006
74806
89778
25186
9188
11506
85878
58654
40636
97134
49144
33408
57572
92000
16928
7044
21518
66426
41706
59976
72082
23814
41924
89934
64988
36176
42894
60044
58056
23666
86932
65430
11970
18536
46868
15894
1404
88624
41388
28342
98562
34534
46404
27788
80290
62352
47670
46784
19280
95434
90390
70658
38748
27524
41088
44770
20026
49990
55152
55808
96598
56104
58378
37836
12376
90844
24534
11818
37644
42856
96082
69332
86990
46342
24200
12452
61012
43108
14352
20156
25034
62464
28860
85200
79474
7504
80758
87260
63640
31624
8570
15092
51946
38478
4148
21086
32536
19472
62750
53474
8318
3428
59122
62662
73440
76734
628
46084
94784
23136
38568
22450
95362
59350
28146
17298
62368
45840
11294
85838
57692
25868
23162
17112
11708
37642
57154
90402
16516
86658
74950
20520
14794
1388
8628
99476
6414
22368
8400
24334
79654
47136
78420
77600
71882
13422
18434
58516
67240
61920
13710
69224
78156
40084
46206
88940
68890
64486
30786
51092
76216
612
75178
36038
49760
46030
62222
79226
46052
83616
56436
23500
99070
79152
60664
15670
5942
96650
26020
40432
38544
89190
16084
24950
35198
14428
27128
6298
88858
44640
846
2314
72566
52140
94598
83794
5186
69560
47502
27408
37334
88650
29246
59178
46136
40126
57126
7466
8502
568
17502
39796
13396
94288
73506
36252
72756
65982
8568
1020
71772
46068
49066
11422
44684
97490
77308
95796
23366
39236
63630
73482
50998
2358
71988
85194
52712
40108
87484
65832
77640
61172
23830
47010
68684
24646
34660
62224
47498
65364
17694
66998
50988
78774
75524
73076
50748
49392
55052
56030
82584
1326
26334
4510
86392
85282
51320
30034
87850
79554
75192
4414
54282
78514
31130
89864
87400
86214
79864
20464
74848
70700
21744
91296
95246
11410
93458
47250
48874
27102
57818
65822
67588
9176
42474
99416
79002
73308
8748
82956
74134
70004
38924
87018
1738
25242
50598
43694
61900
37364
26288
62974
75682
64650
39364
7548
78590
62736
14094
25142
53280
62976
69738
96082
60686
33920
54314
2830
16700
17150
24578
90702
80896
55908
72862
67828
41660
16996
81108
20500
24470
5756
36640
18312
54354
85664
45336
23908
79028
10016
63720
97730
73992
27078
58628
38954
88220
94194
78298
95976
29934
50800
32822
74042
71732
64062
11330
83870
22420
5472
22378
5318
99100
71910
66848
55884
69210
59226
70858
79188
42776
18438
87098
30112
88282
77516
59920
6344
57638
20894
25920
98244
81294
8200
57356
76460
22582
22962
46780
1818
12744
49728
52384
54894
78628
24476
6758
51152
27822
30084
56952
15440
78376
75532
98476
23678
53090
32652
63168
5334
62856
44274
17618
45406
94104
56000
75992
2146
7182
94718
8674
91498
79274
54160
87466
35024
2104
93530
58862
58214
56704
77934
93510
67922
34052
72318
72006
49292
46466
86246
8818
43860
37696
67898
72918
75426
85302
36322
64404
55058
38346
46992
12584
25462
48032
68908
95480
14736
53680
68136
61828
98512
93772
36616
24674
99218
43454
96374
55610
31906
9712
14944
91952
3486
31084
97086
29148
57588
68080
64860
46140
78716
37250
66486
83568
80150
54630
35968
17410
3210
62
2466
70644
81648
35608
83104
85638
28562
54356
15082
24598
62068
72686
44046
30526
45892
43630
20962
17518
88222
61222
66378
5852
68906
14064
85374
42684
33796
94420
32360
47822
73646
44934
15268
7200
53414
79310
81260
34334
8080
67564
19654
28740
66752
14826
26366
88200
81280
71242
30176
54318
37524
79620
43600
11886
65830
94016
52332
19912
70818
88568
55840
90942
68480
80984
92500
46834
62796
86294
91946
19494
89612
78172
78342
84508
29506
38490
60650
85444
11720
71348
72124
70948
70660
5424
30084
55406
29742
69716
49946
10064
56292
96994
88550
10744
42910
57006
40602
41514
16338
51996
32096
84986
27120
47880
8656
42104
67606
53950
55978
57712
12212
47230
32932
41242
4722
62358
66152
38096
63692
10340
70
68524
60084
30004
32064
94208
15340
59998
8826
25542
76408
34560
75136
63052
80406
69244
19944
45686
49794
18200
87300
81992
77946
84820
79800
93424
21690
96042
3182
66846
34112
84632
26234
51878
55654
55780
99202
14386
38304
60278
50246
26768
89768
39214
35680
77458
97086
60746
52852
55022
99728
54762
5386
66298
48900
4436
81620
1356
41398
29350
3132
40140
50076
17722
12232
89182
69348
2258
18030
82388
48938
54124
81126
19854
29682
5996
75746
84114
81750
39374
53278
80988
68838
40582
46784
66656
28184
2266
40964
28030
31334
83426
25098
6642
90404
94170
22156
46968
45128
3532
47564
32878
86064
4380
70028
36894
40218
80508
16318
34066
46026
26236
11692
21022
10440
90946
97304
89562
90946
38268
90434
24514
92900
35954
37610
2662
86628
6098
20304
49960
8400
72330
43784
1286
28820
97364
62898
39202
31716
46070
38826
27552
22500
55480
55718
92166
69648
24550
55572
66404
9740
6438
26426
44846
67622
52912
4260
74926
75998
25126
52864
79972
46198
98218
8686
50342
71830
98996
5736
83906
37310
37222
6130
87486
49812
8488
90000
55912
77162
91806
71926
16864
24342
51938
55900
36096
79884
42146
53110
96570
63150
22056
12340
50634
97656
92278
79886
36116
88296
35748
1644
56690
83938
82888
72198
54016
34658
67954
36666
63102
86136
74770
8352
6450
5470
25600
95472
94174
14158
14192
11266
48504
70566
55726
93196
50160
42722
78306
77344
70114
35450
50918
68656
41436
51386
73092
67858
39266
21220
41498
26780
86390
20206
39386
87976
66196
55376
16090
17804
22690
84944
424
45020
91464
87512
15202
12428
85890
12310
29926
32140
96392
25628
15926
76594
62656
2428
7960
84186
2004
96708
99534
11336
50766
98398
20042
57498
53880
70562
38584
46772
63964
39486
90192
4610
48242
57388
4216
92820
21308
99512
21984
44014
51520
34972
62570
59310
11606
55126
59930
76436
97852
15488
71658
95258
95206
46110
3816
40514
92744
97526
98270
14042
58706
59708
14462
45680
86756
5170
84374
5482
17694
74488
98408
78802
66772
85890
11054
49812
3504
29316
47322
62300
24012
34682
72944
41748
50092
94222
71308
65912
53278
89888
33160
56714
96172
8540
32170
55180
73856
37806
64270
20398
43060
634
3832
93320
5830
21954
68046
88396
85366
94328
97140
76748
68836
48484
37808
97138
36684
49314
83076
87164
28148
42638
12000
87074
54908
41874
11302
27192
53334
43196
68862
72874
62418
21590
34308
92448
88992
52784
97672
65160
5510
36944
99240
45114
37404
69788
15760
12466
34166
8076
33240
35378
17404
15268
1958
23432
2538
5286
49318
42108
86908
94936
79634
69052
59818
36238
47930
8662
88614
57614
3492
36500
40660
68734
38310
36838
35034
90302
46866
42630
89282
33772
79500
17888
2144
81428
32422
97514
98842
11670
49240
23238
11794
79240
21890
89314
52296
42352
89250
24428
26218
88778
29206
19932
32506
46650
26338
70686
85104
82928
14292
57986
6968
65424
93552
96286
52532
89716
42164
42644
12534
43242
47520
79860
89530
6366
1074
33898
7550
70008
82110
69558
1022
13986
42254
61528
69928
82232
26842
88404
79224
53926
9494
65944
32504
30232
36676
37216
74908
99842
9008
81424
54026
68344
99730
19076
67954
65730
92136
94164
61300
21714
98878
83018
49564
46262
55392
63570
29546
18152
78070
36670
48954
76414
67822
63404
32648
19736
81878
98992
15748
45784
46974
73590
82014
37472
78060
15638
60230
70784
74310
69512
75814
3080
33018
20792
21646
4812
7860
73174
98514
2794
72384
6018
59990
93920
8820
33680
22112
93186
45296
35736
57748
65280
92614
64354
29360
25622
94812
40474
96746
74646
84490
73160
71558
6982
55338
55704
12924
67184
74122
72210
63578
20644
12730
16764
69968
53400
6620
66336
1172
9046
25010
8190
84318
61934
44388
90348
79594
43162
27258
62542
5536
68956
33202
81220
60042
42598
88612
57162
31900
6804
60200
94572
79108
34466
97362
33958
89822
97968
29058
44114
75244
25412
43984
52616
8386
33750
37780
97490
57404
79904
97852
89632
72880
80334
62398
12390
256
13684
63086
22224
80906
44190
76752
24172
68196
86590
60362
33482
570
51992
91686
7850
61822
65524
22024
56262
77208
78196
64502
65618
94170
10390
33006
95786
74098
82130
31890
98256
92886
15368
8
9378
37604
89598
23298
30616
1706
39100
12880
75206
3540
45956
64214
47996
92690
2784
90424
48842
206
60398
76374
73714
7270
76556
66270
66778
38214
31356
53768
96338
89012
82144
50152
13582
77862
86358
4230
68260
53386
26670
22150
71428
8824
45904
81386
86660
52720
99482
846
18470
61460
39852
61828
23238
5660
80136
50430
89636
2280
32150
96078
27600
85236
71822
16290
55412
91564
87588
79918
28890
81130
46384
74186
67836
73518
85540
19326
4210
29666
31108
5554
67870
18904
17016
33574
33934
56508
37754
19556
97468
40176
3168
74252
46802
1568
13288
67968
91948
45136
90446
30740
81256
390
12108
33896
67060
44200
64868
91498
84046
88932
83250
4362
28294
94686
20440
60436
1870
1118
45674
73690
76508
76898
11228
22508
65534
5676
29392
20722
88318
29628
64598
87122
10028
53778
24004
90526
50454
81096
9030
41506
28392
50496
12434
74858
61280
15436
74328
69300
75600
36740
68032
24508
588
76070
53196
43476
63920
72536
13234
69696
44356
20578
54506
55758
2334
52376
53804
45310
73644
11516
43848
92068
74604
26316
58532
56588
2066
86702
1792
14358
87436
95720
34360
22058
63614
48860
67014
49316
95828
31668
59344
12024
20866
45976
48022
11062
33300
37432
81036
95656
47746
2654
42916
73198
8804
8036
82436
14752
38564
674
6096
36394
82340
34032
37020
14040
92664
31244
87104
64916
50740
59844
86338
35518
24198
32712
69282
2742
33246
72372
79730
66084
5282
81900
94494
85154
9484
54154
50394
81072
92862
95524
55902
43112
21888
64004
87806
52980
93580
17866
37316
42998
4788
8690
12946
77342
71828
10268
8864
44310
73108
81226
76836
59416
92982
25140
97678
6540
85154
28398
49816
44540
3004
8376
74964
49710
9498
69638
30354
98660
87918
816
92520
15146
17954
22850
50184
2960
60090
38234
47064
10310
42738
65632
72212
54596
63116
89616
17592
6092
48988
53280
38510
7212
41718
84172
17416
7432
42032
83108
11604
78740
22900
83236
35526
4820
35020
64126
9976
79408
25710
96608
2542
72178
6696
65988
83496
4316
73446
94860
20278
93502
130
86092
57670
98242
29158
11292
99336
9386
40388
13090
64174
56124
46558
54968
79670
91602
92798
27692
16714
28578
78292
33238
39054
87610
55590
13058
29336
77920
84396
41522
77038
73672
16716
77448
63704
45692
47700
44780
32224
43314
49258
52910
58436
97850
15378
15262
20120
17954
62878
68258
81934
95364
19860
84642
45176
71852
3714
15766
29958
85720
39880
36296
28722
26348
50216
276
80816
82984
47078
90658
44492
9434
32828
10508
11310
16852
96646
93192
72696
94400
46792
42342
82768
91368
84342
54726
46328
92320
17642
81960
20658
70846
53864
17822
63844
81672
8012
72976
220
30062
3504
2906
66880
16224
15686
12128
93088
57396
53684
8388
9740
66938
9858
93114
78194
29722
27522
89838
55862
10236
5180
94902
45320
15366
97260
51780
28630
41386
39608
2956
15692
71326
34336
31126
43530
33964
90168
96906
74998
28990
73024
68438
48498
16850
3454
90248
70846
94558
70342
42438
73704
83344
14246
55576
94582
50010
6100
67436
78274
75798
92090
72098
99486
24550
22336
92934
79418
81780
37834
50916
8586
5856
92316
34802
45834
57874
80564
56298
66480
71826
85792
92124
49098
59462
68572
86288
73224
79518
29860
5594
40828
84716
84032
82766
35358
3128
78530
25992
13790
98654
18564
53626
12322
12560
37232
11418
47210
7918
3086
74028
14772
81788
65196
32470
78688
16960
29664
43028
38120
6590
29046
59612
26330
87580
16128
60564
88746
74032
64406
40362
6606
48246
93776
5822
25530
68802
61736
35042
90994
86056
69514
82710
17726
85768
3606
71458
36698
87626
4618
96586
21724
42782
27894
64100
78234
45144
6656
20132
79316
76762
68288
55944
77102
64298
22514
7426
63320
20926
98132
43000
6726
90500
77080
53628
27164
84088
32930
95524
47940
64188
12180
87162
12084
7712
65010
30574
25924
15778
78238
87838
37878
48260
74662
14226
72514
97382
50198
5302
74702
76818
35978
4956
21952
49344
7596
83018
40744
17728
87972
25522
92036
6624
73688
43490
50742
12754
15050
2534
76726
12632
16858
65540
83594
26462
86316
27126
14612
29660
3496
76588
1088
76506
21096
12858
96400
84324
93368
34032
56626
43118
12416
39414
20838
50364
7900
95280
27680
50954
93964
19470
51634
3332
22378
64372
81124
70664
48472
20170
73892
95516
49654
77900
75970
87774
74392
66496
20124
68024
93242
37872
32674
2486
68452
67696
37654
19262
35316
98254
57774
89668
92648
59466
59150
24140
11170
19422
68060
30850
70182
40536
80170
35010
20486
34826
56594
76934
77886
90930
60682
38182
9672
39492
12252
43090
66184
66612
47740
10476
50994
31136
59536
63780
9766
99778
43874
58820
61306
16728
72808
38796
22786
83244
90166
64082
59542
84290
45980
45368
5552
33334
94618
66922
13920
8778
72982
72206
11160
26634
7202
52390
84118
13818
31946
4822
83982
83282
73320
81868
6178
27500
96024
98970
38742
15592
42302
86484
95476
49184
34086
55496
26752
94928
28750
42464
36590
76810
79204
15202
50588
52000
30024
10028
94454
55878
81346
59466
48502
96582
93620
97486
37110
98526
254
30652
9870
80928
71542
11928
52872
58574
86972
55064
51130
72198
34634
23748
88286
32800
9830
43894
18050
70632
48700
93072
68884
35648
42110
42060
4114
43954
76934
29512
4458
18446
88280
99372
72296
30130
20082
97860
30862
15304
1638
38618
28330
61190
87618
94534
93388
96280
87530
54596
72814
93888
66826
87494
87436
46172
75578
84602
85472
8286
32980
97582
72330
51880
82024
94002
25544
35400
4930
1056
78882
98464
33488
48080
67464
75362
19226
46616
54370
81928
19236
77304
19424
25956
14816
95282
76600
69918
31062
88262
1272
66346
4806
86656
87368
31878
42528
54214
32214
14500
25838
78546
95856
57680
45846
58112
74586
88600
62446
79862
62762
81850
70210
29142
39696
90922
36884
82710
86452
88220
69194
86570
55144
25042
43432
56646
37538
9086
43578
35702
72700
230
40446
28276
13404
2682
24560
93618
99622
42278
2118
27110
72792
58910
13866
59366
95176
89076
80866
67396
78788
88972
38654
97402
45284
78198
72046
58342
61462
64302
91184
45226
18408
7898
23510
8956
29292
80412
59812
42814
67258
99062
8158
60796
74596
98826
13232
92616
4922
99910
78920
49520
51598
73216
54526
328
28352
40032
28682
63378
55048
99404
58844
38680
39442
55946
99948
40266
35848
59822
46496
13574
56962
23588
20268
46406
71454
81942
39860
90958
80392
67342
74044
26764
31208
19438
70122
14444
89028
15082
52422
2846
34800
21586
42126
36844
19814
48180
1276
12946
4444
80464
82054
54250
83902
35934
54430
75474
15708
89486
68482
43090
47598
86298
50406
94650
87018
95728
22082
55288
98310
80688
55086
81982
46530
46030
92900
6180
21888
89446
94162
84198
56742
85198
82716
24976
16294
5036
26462
58602
62466
81642
910
30776
55156
55838
45402
88784
23840
2790
58856
44030
99624
84776
85754
1344
94684
23582
10904
40386
86
57018
94818
17164
56262
64544
98032
24026
56924
49450
61722
49940
38734
99406
53724
36900
72842
11644
44124
71564
70872
51654
54080
2468
74162
68160
87280
76330
42928
4526
54236
93012
70422
49426
36940
54436
7986
76332
66196
63330
22018
9874
6554
58880
25708
66802
45924
93346
59282
54262
21176
25034
57146
3732
10472
18274
71002
57622
62994
28416
80766
50356
73732
53440
90352
46318
62014
91310
13600
3160
70418
39692
11080
35476
45974
36976
27434
69184
37616
4918
90332
90350
40522
91186
14048
83482
18082
4418
7156
3622
63682
33966
75222
82580
52330
30
39158
35046
96852
47850
46518
60766
60038
89980
5474
45872
34750
75856
10302
41920
92506
69894
13466
82492
49090
81198
59978
81380
65242
54400
9266
54088
4636
14938
56008
26574
34730
17692
56670
22110
57776
18576
21004
45116
13240
84112
88434
36058
50216
60724
96950
78062
14454
17130
23500
77044
48576
5586
60196
85544
95686
42524
29550
63040
61284
4336
62654
12472
28658
62354
88776
54012
48858
37506
67782
90280
96018
95564
81988
8492
14868
34432
94344
79178
73896
38114
52708
8308
80394
96442
66924
12472
94780
53090
91796
54446
28382
83630
57190
14386
81634
24582
24288
66416
64406
3000
37846
8304
69224
1112
27178
54170
51040
88658
49382
28176
46394
10066
60198
64886
5352
61264
44924
77114
58638
91784
38648
8740
48502
9742
70324
10932
47526
76454
34088
11592
13424
91664
64648
27706
42236
20170
9496
77766
1276
58822
25134
87574
92178
72966
3106
69322
51960
85404
202
46678
62330
17086
24468
60672
7842
90230
51028
70372
49284
36036
62240
7780
98012
35802
94100
65616
54412
52834
4966
7050
36194
34256
91966
306
58144
6892
9244
60048
60588
57106
59434
6326
67960
57222
87930
13488
83150
36516
20758
63856
41216
90022
8512
31074
79322
98238
48610
98088
99710
6020
75162
87682
9454
11428
51700
73766
92368
57520
90348
38236
92840
18620
63184
1256
34830
39508
38236
13476
97788
14680
83494
51040
53386
96654
94856
41456
5766
31416
83934
76394
28302
41884
17972
78780
42988
79304
22128
53354
7752
91796
20630
80178
48880
20324
9912
92566
54718
84242
33910
28476
95730
3470
21778
38104
82540
11190
70054
11768
93966
44464
87098
79896
63556
26676
38960
77242
10596
99818
35776
6496
50288
99764
76792
25622
75138
87002
71212
81642
89004
22080
20634
58900
95666
81244
89410
79018
67434
56152
20502
40754
4852
80390
89624
76254
14294
26046
78592
54078
76536
47858
7270
37618
63852
42244
11926
78404
248
87892
18748
87756
21524
54450
85050
8814
35496
69264
98264
63406
81650
14296
88314
39402
62920
47938
59750
48780
82494
97084
74426
3850
12768
58460
56808
1748
84988
89476
59736
72418
30930
17316
61930
8336
67430
99226
52004
50034
35768
95446
44082
37232
13156
31476
458
64276
29238
81084
77130
46058
14888
47358
90912
33088
81962
66474
66718
96686
52414
424
81142
68102
29684
64378
3292
7562
81972
84774
42190
51830
11898
51452
74054
51084
90904
34164
91666
65008
27942
19736
88784
72860
75464
52022
63456
30838
30804
60910
92636
4260
69102
65416
27564
68630
69344
81722
7442
99962
87076
18286
56136
71084
16948
64528
83706
13150
66310
8316
70386
58166
80894
30508
45304
37360
69606
66402
53316
70208
56136
81898
68464
4234
86520
86820
53700
96212
90934
13342
41060
93306
42114
24086
32614
76040
5356
270
90582
30342
49092
75884
17570
68372
18994
58630
28628
27316
77974
90680
58768
48316
97426
34316
23102
44584
17176
44328
31296
95678
11250
15796
41698
14152
15776
66482
56940
55390
72236
89610
74532
60610
63624
66506
24680
18806
32264
47202
74390
62012
52660
20210
89666
79074
96856
77642
98780
47692
6686
85036
71856
83824
80694
27780
81680
46906
42980
8646
7758
10182
80070
96620
57528
10584
81708
31264
96428
41278
31172
72506
68652
92112
99614
97806
88288
92588
62776
85084
82282
33920
84994
72616
86816
40758
45190
95064
66874
96350
62030
72412
53776
57994
48144
64510
60500
53744
27206
5210
52068
15506
60810
36356
72044
93118
97696
71874
57722
56348
98556
99098
49584
9896
14134
35056
42570
83974
92150
14060
71860
61518
62190
86368
85498
99010
63128
71912
32564
57398
42892
80162
25200
54126
71404
12102
56670
56338
67038
71704
69604
84650
24688
27338
62632
39160
1214
78728
32034
25284
69492
16156
90420
78416
83406
15006
51790
52978
99778
71956
27972
21434
2130
70740
48014
28402
37350
42404
73266
49204
97598
7124
92832
18300
77830
43060
18302
29366
68880
21486
29546
22194
95976
36700
78048
73694
69596
64902
8180
47496
6224
85668
57656
92550
96810
39602
65720
44570
80906
16608
22734
65356
76358
23410
4504
57494
82138
44656
42774
94568
36836
22140
98082
39360
228
14798
94578
35626
14148
5574
18464
59496
26498
18968
6352
13666
72728
51690
57074
15926
5906
51410
42388
86058
48262
39404
34818
29304
8318
54332
29294
56144
97334
37438
64534
46760
80580
26110
5938
41350
3346
22892
59616
82740
88670
93920
27190
91182
26570
68092
52766
85480
50196
35346
77596
60746
76446
97944
96794
87550
93716
58524
99482
50958
60580
76590
90834
94850
10676
66090
51364
75150
12342
71230
3110
39274
98378
24
37564
41370
6482
12106
4326
43906
6654
12438
36368
97806
40630
88278
25924
14598
450
48494
44464
2034
23798
36040
38120
16738
1806
64282
98790
40040
42340
14098
29184
1326
68266
31628
71530
68660
56828
63948
50876
93618
17204
11022
82468
79072
43766
50366
23410
29416
42100
97538
28692
90802
83370
20820
90030
87050
17944
20512
26260
6864
64160
16186
91842
99402
65530
12424
45400
17312
72294
64244
21066
67684
87962
75668
74680
28706
31638
14058
22220
83066
29008
69752
66542
81312
47540
52104
46332
76082
9286
88526
54244
74158
99222
97724
8732
70826
16042
44902
67236
98230
77882
16460
97878
5464
94906
49158
32898
78348
55372
21160
80636
87258
43336
9240
94830
77150
78604
12082
46706
34916
51968
71374
99116
88794
32262
90894
52668
61816
10220
30996
42076
49334
9434
17866
75172
87700
23448
77884
36810
75884
59102
29116
80536
14566
99726
41312
22990
54858
4994
29456
39418
26902
77754
31134
72738
74182
58672
30558
37570
72692
6370
14182
22906
58718
9020
79090
7244
69090
67842
95754
20102
23778
85314
16696
95764
50728
8684
64600
72720
35942
13714
39632
39800
6494
7752
41320
54072
17990
33130
24498
69488
34024
69652
27338
92430
58980
8210
62994
89536
47536
45534
50380
92144
40534
79882
66956
26036
34834
56878
76774
37410
63568
41486
53388
44946
41030
49666
56522
24766
37164
92216
50294
9776
33262
32972
60066
49414
21962
92102
73154
80826
61742
59160
29278
22730
38578
94050
79122
86638
38902
94494
47646
2184
10790
8972
13710
78518
15850
84336
17420
29614
77716
85964
4324
74626
77088
31676
89016
26960
83108
78570
31140
83266
11432
47020
13016
95044
25186
24056
95892
31504
75438
83988
78366
11692
26814
63810
36928
51888
99348
15020
40258
11964
69084
65554
85994
20912
56068
10222
17620
58916
38482
59698
87262
55426
8674
51938
88866
29786
63688
65756
5210
19396
65036
91490
35510
98550
15598
39674
28848
46088
78302
88572
55034
6968
78350
76420
43610
82452
46702
97720
30018
21480
78490
23556
73620
14762
96508
23042
5936
14546
23812
69358
99054
59750
38102
34436
28920
90478
38092
9766
86446
59254
57706
17582
18258
44394
22120
88946
13936
2856
67186
72986
22054
99642
36562
97952
23530
71380
14746
18908
26584
99292
87082
20360
43546
57976
94200
36914
66794
55796
55408
4312
36376
38212
22242
86680
80072
77606
47572
97438
28622
97254
91954
18030
42366
44390
3906
71820
144
28016
73592
36130
90806
90296
40426
76890
40294
75878
85516
85574
7676
96204
62546
83822
98292
83220
3938
622
3762
33846
13390
98428
19768
12188
35238
41780
75294
81272
93394
54308
65658
67578
43126
25450
83878
22322
75264
33192
29476
52068
20476
84578
69654
57108
28494
85936
15128
31410
43566
88702
93388
67098
95636
2584
99414
35516
89470
27190
85240
86818
5320
14888
74010
95790
806
62684
14748
5118
64562
79408
75158
94218
8342
93858
86488
30678
89666
85312
57178
36810
12864
46628
56852
43572
2792
6720
53756
36556
95564
58602
52040
45422
65276
13034
57886
23560
66832
86640
27034
91546
86206
85440
71406
88000
73054
65150
63304
12642
45656
18472
13620
20330
71288
97070
28750
17226
87762
98368
60052
13242
85794
20358
53456
36718
87774
49756
84074
3456
2008
12474
17028
53988
67726
56966
84130
93682
50570
2662
71516
38354
23590
63020
26698
64820
12368
72614
17254
48868
22126
58602
88724
63206
76230
75042
26064
14926
81648
95782
19656
25260
65134
37696
35506
1228
42730
88516
90646
19650
12222
40978
75164
49902
83598
94712
16508
41440
17478
62022
12934
73762
48650
22076
64804
15736
98856
45802
68916
88808
6516
15682
60712
2864
67238
50046
85364
70074
78766
30994
85506
26508
5100
47812
29424
59820
3726
6254
77390
23340
34756
63416
44076
57636
71922
85922
10178
64876
86834
34054
28580
38930
40834
31596
86502
70532
34160
5952
4640
30304
37986
55226
24330
2484
61476
28316
60790
37508
98772
61644
60532
73858
28220
5484
966
52484
70994
40996
87306
85326
43862
33824
2066
37848
86680
58888
184
81136
2880
91216
47130
63562
3648
28780
58692
7172
3228
60568
87650
91196
60966
53932
22862
38758
48874
96240
19768
5432
38698
72384
7720
3776
48742
64320
95376
25604
40432
97362
64822
54736
33194
38458
76674
89588
99168
57078
64698
88036
70018
18504
47784
26888
6246
85912
82828
65992
93414
63444
65054
33466
72916
90756
85268
71630
86590
12470
86830
81194
23110
39170
58772
54078
60300
15546
17332
86522
20968
458
17464
57396
20674
89704
97378
81644
74100
8780
61362
59326
54146
3028
66706
38036
498
17708
26160
12522
7918
34874
76718
80418
16094
38086
16720
21080
61126
88980
65268
51260
12726
99374
30754
74764
41612
78658
40150
5306
88824
66594
2916
61308
92972
18274
89706
70120
74560
47038
23076
31988
43254
26214
63690
87558
450
49202
90540
74718
39944
41834
96304
88956
30072
48000
14934
6934
82786
61202
31450
13644
14262
23908
43076
82570
16196
28108
98856
19570
3406
96160
62510
97914
4322
3382
16772
87148
10150
7346
53298
22106
97672
47234
89054
96360
78850
33206
54640
62194
27298
53210
78804
96922
18036
49614
22324
67188
62844
61086
80096
38768
92008
16458
58084
47934
93262
27748
62814
1210
39816
23426
8138
25996
83942
59780
26588
88166
92660
77690
66552
51308
70840
79224
16028
34934
68614
9350
74458
99144
5026
30380
21434
13044
81176
64972
65066
70328
21554
83530
55360
69368
79794
48236
9342
27044
41234
77750
53014
58176
62960
97550
48622
17136
65822
62862
33692
75882
17538
2210
54640
90052
81980
85232
67724
68942
32130
10674
20958
91118
41422
50402
72640
7748
98588
5346
91160
9196
95454
12878
21954
77626
41824
18714
94598
28888
45538
41124
42960
59010
61052
51356
52198
6468
61242
87132
66124
54176
69298
51134
60590
69080
48576
2742
83676
40852
74984
27890
89980
95878
89822
75018
48396
61578
8674
60792
6036
6358
91996
7818
32760
7560
66452
18710
34400
39968
31180
71618
70276
77218
93684
66322
90510
61004
60426
66394
88022
9764
36024
2636
586
94606
46618
1208
25688
66036
820
73584
35802
51442
19628
75334
30854
90278
50860
47366
17488
87686
94766
33490
83358
84660
39452
16998
12788
79318
51772
13660
58702
52106
42676
71038
97022
79920
19550
35576
68384
28424
51158
30982
58080
97614
89310
43828
63330
39482
40318
10748
80670
39762
68270
11968
50014
92004
46212
76378
92446
60936
49500
1600
10862
46056
2770
20918
9628
30462
39876
15898
10666
50904
93812
18328
47664
90922
86334
21116
97048
21872
77238
40286
23166
41026
47704
83578
65464
16186
32746
27804
78010
19712
15980
24328
31520
29518
5910
79192
16660
69768
66882
74414
8080
53496
33604
83880
8958
39402
56304
42138
90904
34176
79850
28618
60684
23274
38796
59180
87954
4648
23960
95876
29716
54
65792
12906
83584
2766
22662
61772
87588
6
18570
60498
12038
59400
73430
56310
60010
1890
58634
82592
11362
17716
45324
9224
80586
85466
65334
86364
48080
19342
85470
46058
20762
5796
74898
20746
12310
97414
28570
31678
24240
12292
5352
75316
77374
95360
67736
20682
5702
35436
82936
19878
16482
65440
45522
84562
16470
6306
22014
12070
91416
49408
65136
51108
24120
12546
85400
51038
83740
26330
18420
79962
45060
1772
6450
57632
49998
69322
18590
40614
34162
1198
69172
532
61578
44682
62112
87914
78364
44056
19644
26090
67940
34800
52122
19768
6882
25094
90262
25160
76724
49302
58652
82744
8498
45518
25472
48494
81188
45828
51332
13532
19042
84514
17822
20670
76276
34860
37890
15160
74514
93056
22472
82656
90982
65614
18228
20870
79138
13938
78922
90834
808
93136
97740
92118
2186
77386
78716
84208
21112
29110
23390
16486
81596
17678
40848
73794
29446
1784
58718
56386
79526
91586
96842
82760
7108
74952
77076
34406
46190
41890
84500
6186
74722
28962
82404
64176
77358
85996
39448
12284
49994
65776
37900
69212
99526
39528
26836
41916
75230
24380
26094
85838
40812
28730
15290
29392
44758
23018
5596
75460
55966
22704
52352
44222
11686
99118
10530
87782
13352
95758
37454
21236
18248
5166
99258
13342
59016
98918
68056
77580
87010
29952
84656
9380
54120
32128
98682
6052
70398
15810
87930
29982
39726
51586
38972
96430
32514
46518
9692
3464
20958
67090
15452
84190
86804
10196
50722
86260
35546
92200
94602
29084
14052
72934
85676
44846
77988
84324
18354
93366
18480
5500
95656
84382
73082
16306
68570
56236
80968
49168
61368
62676
51780
1272
31868
12632
50658
72330
23696
98380
14660
2244
89910
80386
85380
56064
69920
79528
24878
77772
25078
56396
54054
26284
84552
44764
10702
16914
91288
89004
85030
5730
65012
84962
75336
11232
53702
95466
15432
68228
1248
31198
71348
99142
40176
33626
23702
83942
47002
33130
10898
33628
54454
12420
56590
9204
99814
94238
5824
25576
89782
19392
25966
62732
85774
96252
88392
28518
7244
33992
20666
76586
54890
37166
32070
51442
75478
40510
13680
72702
13310
26328
85336
21862
45204
92914
51038
31722
38938
79492
13114
90422
19782
91422
31776
89914
72772
40096
96944
61778
96100
19034
57146
53592
92024
3616
87406
70366
80312
47382
50148
72156
52262
56004
39540
24246
67986
90482
5688
47170
19968
10474
54980
99626
70564
58822
46194
24282
26762
93322
71658
52588
51856
95638
66604
8170
31762
70906
15596
16876
9946
50922
85606
55710
93642
19430
42240
42262
5974
8744
55942
12636
82678
52768
65802
7258
6108
36822
79282
86002
27254
41198
71014
75140
26748
85206
7592
24242
31368
95526
60142
33464
49916
67398
4214
12562
98068
24466
79162
58086
30374
39094
87162
44026
50746
96686
74808
77768
2910
1082
56580
86512
99244
67030
68042
76010
86690
86326
50428
29486
16510
59992
32004
49284
35388
89498
28078
1846
24162
91608
99454
81466
74266
8804
38236
73350
69906
76280
95844
84378
61610
382
90506
55904
71232
55196
2306
69154
52278
39670
75758
70120
29004
94766
99532
89860
92440
97824
62288
98888
45112
56730
90630
26320
26316
99234
54450
47808
14322
72356
26766
15218
90480
62890
59266
79704
9938
35798
20418
46224
57486
14818
84660
34472
11948
98920
97698
1460
93126
34436
34388
98172
7442
20240
2844
21924
10096
31082
76142
61806
49570
85854
35026
68062
3034
46598
35286
12204
93382
92656
60008
36696
95080
64882
11654
44460
7402
4486
69136
26956
50742
36812
82516
45212
14656
32678
24236
76834
26066
54440
41584
17790
84276
75592
83388
17518
79900
48046
98088
81402
82496
66268
18416
79674
36782
51920
74330
38852
2306
33330
12676
3606
66276
91246
26692
87958
77976
66264
37658
65558
55712
91598
95238
59158
43066
91234
50448
71784
29500
39486
14250
25670
18716
54916
86536
15470
90996
67968
4518
27214
45824
1074
34390
9618
80184
45322
40120
44650
1226
410
24502
85212
12188
17416
44710
85868
23526
34842
89472
57030
25576
62654
59396
25896
24910
34376
34628
38034
2956
52812
37308
36014
41046
57562
88564
90464
69076
96832
73504
3224
94736
27130
18068
41744
19048
13196
22392
81544
28622
56014
35970
52140
62696
7332
20370
20900
78004
24180
71588
97092
26250
23544
91680
2304
87504
87248
2396
91384
49968
84168
35404
95058
37236
9888
51624
59982
40842
89750
99262
27028
87610
39168
13498
82428
7284
7104
1840
8180
71382
12082
79116
37658
78054
39464
34362
34950
97216
7776
97400
55316
92064
12856
48784
11352
35376
72330
66994
93082
55182
26336
97192
15034
39406
97820
9644
58784
33292
51884
37894
86348
21824
41740
8182
23794
14856
23870
61134
62320
47346
19742
48358
57248
30950
85100
54066
63882
65024
37582
38260
3842
84352
23318
64724
64568
164
13054
32126
37418
9992
70470
13370
30440
18938
76026
48700
29068
478
65438
34044
48222
20874
83812
42376
42974
7498
36662
47346
64856
3094
58920
5220
10068
72254
42340
24762
81082
88588
21112
95208
12110
4074
73412
89032
43772
60054
37820
18502
92900
51856
54112
30580
40914
96496
92782
63976
11218
66598
6880
9386
92648
67880
17648
77948
6638
75550
91696
72564
58360
31668
84488
48766
78580
83486
67770
1694
52454
72584
95456
1120
79880
81968
36
54298
52478
80696
32506
46594
34728
54230
17144
22988
54000
56104
43228
16744
14358
85044
33008
78292
47590
79614
3016
16570
1862
46198
86982
73806
55738
84912
85528
89720
81268
45232
30208
22166
78848
78878
3796
56084
15304
48098
2804
78328
39752
60972
80776
21350
4880
13380
22566
77056
30116
52508
91616
1400
17684
44132
75866
73190
30954
7508
642
65870
40496
54264
7490
48120
16414
23188
29044
7482
13270
55576
10824
88628
62542
22266
86384
51156
68890
86204
4270
32670
48254
65282
23290
65728
6124
88960
11060
38900
78594
15148
50612
38762
18378
25360
26122
50864
6348
76050
78350
79228
25820
75726
74376
90792
43522
26332
46384
33610
16906
41690
23518
69846
28092
30868
92544
77318
41798
39482
97106
38902
82134
50334
31792
83390
16698
47876
22212
81876
78726
32746
49708
79756
34958
45954
88328
45408
14498
52118
60976
48418
80714
82508
91348
50218
21094
73042
22430
91342
81550
17228
6514
80000
30554
23618
93356
66164
91564
21488
51824
59958
74192
64550
72022
5074
14194
6576
46916
96350
31110
46450
69696
6764
23650
81666
12876
63802
9742
68732
83970
38476
89178
49828
43698
70294
13244
85288
46552
31592
91514
79802
87242
45428
84810
3664
90032
7410
11594
72952
8882
72266
17022
59374
56208
23376
53416
36730
35646
13460
4892
85204
64042
43806
7862
13584
16964
53036
53012
14544
80670
45882
20980
20116
19744
94832
27168
42024
77112
13922
42074
20828
71724
26626
24496
98596
42358
26926
69660
41706
48988
74276
39558
43314
45130
66668
2852
99878
4384
17678
164
38530
63980
12624
47298
73984
11740
83358
27404
56924
19716
63096
99772
67870
58472
46772
6436
3930
71148
61912
59732
28648
97084
95054
70020
44588
87706
19766
62454
15132
39502
53854
55328
24618
63044
78540
82218
43470
99888
46490
82258
7368
19300
29880
55934
5834
64724
69746
32486
90624
41246
88162
43058
832
20070
89404
77970
42800
41846
58966
12754
24618
88244
76586
23510
58308
8994
91986
814
62580
96752
48142
76598
73406
98114
57286
3404
94038
36374
71002
53390
20510
70864
36554
44858
96076
79204
75846
71050
6280
92078
27946
33918
69392
73538
39914
69318
89498
79598
69892
26758
62474
69210
98018
67314
93838
81996
49218
10870
45894
26048
32176
30846
65988
74938
31282
5182
79228
92582
23616
89640
35486
67088
29022
52602
98648
67568
24484
99030
7626
81778
68002
39378
50526
89974
84336
29620
3116
1966
43228
9664
24322
22280
16520
20902
34750
75964
18434
41460
12956
45364
97892
14878
60102
96842
4608
29978
49270
12228
86536
2238
96254
50642
21846
38150
24074
6590
33962
46452
29326
14136
17306
3184
84560
79680
54600
90526
58392
16828
53066
21312
50642
52228
51390
61614
74260
62658
7894
90858
57780
92624
40566
98748
15206
93644
90942
49702
44096
10448
86936
90914
20484
86824
37408
77622
37990
78714
12478
15308
93352
6138
43444
30358
63756
84420
50826
83534
68938
47636
6376
40128
5424
97968
37974
51850
13550
43316
56742
66528
99316
84308
98082
33004
86932
64106
14594
42842
43948
7980
71470
46248
81452
49606
39474
30652
75046
91540
15094
11334
258
480
56424
83108
63144
8750
3072
17752
71824
70162
82454
60136
87096
76156
52730
72216
63000
60964
78054
9726
77532
84760
68840
45362
17622
40466
11972
44908
32564
57312
81352
12126
93016
78628
52018
68660
83080
27424
89784
76560
18742
50618
93820
2716
13228
58690
90508
62396
51798
4276
88582
2298
45598
49214
95372
2908
1758
77416
52740
96556
9354
79180
20424
31836
59850
23622
55036
84488
84628
70592
76756
15556
7032
87578
23926
43334
44534
35876
47688
67964
55330
38554
46288
74278
21636
50574
22568
70088
56626
66258
76400
59326
32458
67406
63546
14320
81748
63274
74060
28386
10932
14984
94986
45990
46126
96976
81508
20024
42756
84010
83886
63300
11320
38076
55238
48570
31234
59654
85944
7188
70380
27142
94690
83100
55796
56426
29872
52444
55796
93784
26910
18528
92816
17068
88760
55236
38664
4514
91396
20910
61308
72714
89368
92350
43548
31570
28462
52220
32382
58054
38176
27180
36368
4034
50256
41514
53536
36410
93666
90112
75850
47546
65210
86038
75044
60364
13646
18538
15844
82598
80198
13290
10562
52876
3204
69242
34696
87246
74864
46160
93260
96828
41788
17798
47890
50516
32392
32584
39068
8856
91622
30760
72906
58666
27354
14836
62518
22554
40834
12464
55478
7352
56806
25744
56096
30160
39474
24628
9290
29458
54324
24508
32090
17850
79266
36830
47432
25940
87960
99980
3912
19092
51204
36724
21458
43964
89980
50262
24136
70676
27692
74732
77872
32928
31746
76430
48616
79854
8882
31284
62840
82912
62340
21254
56662
90758
50024
14918
31260
2484
34780
71838
58112
48944
56330
48684
89716
1912
86664
5742
63554
65386
55414
92090
95418
5682
45626
51428
6570
93604
53656
82864
82794
98238
29270
68010
15182
23366
17508
44610
62846
55772
8538
64678
57628
53892
30660
71514
81598
68278
18342
12686
53474
44934
84174
324
50924
9330
12758
63844
80520
29472
74004
51228
99916
90360
35638
77986
5248
38902
48250
48504
87918
92378
93084
6200
5066
22398
95876
77406
81274
31726
66890
45280
14358
18268
59214
68808
66544
21256
72246
12422
29512
7570
94174
22544
47772
26846
50418
70472
12242
32728
37652
15746
79116
34884
85130
62806
88684
26552
58006
77436
65514
21528
99924
56040
95216
86228
19826
85388
51086
98032
80546
54992
61590
51840
35374
16596
24004
27024
95960
99230
3654
66454
35860
27930
17370
21590
34302
61042
59462
61744
42376
82612
83052
74778
30026
26786
45364
53530
43998
85470
46456
67238
8562
10984
53178
88592
34906
30696
8714
51192
91474
454
59500
72082
6304
20996
91440
89094
85188
95332
64848
21798
68950
42706
736
24078
44670
18216
22754
64282
17632
98760
53318
51730
93564
14062
80256
14562
76460
46970
78126
6188
70710
42976
95532
46914
77776
93600
37260
37890
40502
94030
15588
14194
37440
48526
59566
11336
36736
40552
94966
16704
19912
76068
8558
8258
18716
44748
8884
92108
23532
98050
47910
27660
38888
87018
64332
88012
23590
31704
34670
54418
39082
38266
34060
22072
65272
35638
2108
30994
7472
90554
58568
24900
77390
93014
14920
18494
97764
64406
89134
38936
72510
27172
56250
99868
28140
12226
1236
17182
80658
66886
85490
91172
29808
50280
23540
75060
25616
30162
3594
97108
62970
2808
9452
2564
6056
76020
41162
61940
38766
14786
14042
29416
62424
44512
88010
87064
57582
30780
72002
83210
83386
7374
6690
60108
44362
85902
9568
70298
95378
57990
28088
17700
39736
92180
22436
37812
76832
96924
55616
87716
19646
84210
41456
6574
81908
38130
83924
37042
37666
90848
46704
42274
20808
72984
86034
87168
86526
61598
55524
86306
47274
53628
12016
38344
51180
52250
8206
83676
69406
56228
49342
6500
66490
68440
40098
40866
9298
62516
64542
90394
86040
75476
22456
8960
95370
52928
63046
70132
58102
61422
46574
3312
98774
43426
11706
92838
21600
58630
52032
19372
36180
90456
80682
5180
90144
80036
54946
35490
33306
80130
18572
21676
32758
95002
97480
58858
67200
98576
30420
51824
41360
11068
44850
68164
46540
65702
156
34856
21578
71134
60742
72712
87132
12946
33220
10080
40408
92090
66834
16198
23444
4310
15786
15466
36038
88636
32210
54258
54730
75088
54020
15624
80684
78776
9232
97024
64746
7252
37850
9294
45704
8780
53858
69886
1202
12940
4672
91128
74832
66048
53346
92214
64568
96254
51500
50818
89802
10532
95174
33214
50328
11956
69528
69816
73344
89614
55542
33492
41906
54574
37116
24084
50230
92080
23162
15980
84828
63684
57406
76332
64766
31180
69096
15222
15738
37426
36294
38920
17284
19302
78624
61218
86656
96334
51548
11158
99422
3810
70212
86968
29352
20396
20124
45300
69930
95652
95910
86816
95638
37480
40484
30126
5830
77354
96446
48052
44092
25592
15816
16550
81956
8986
46462
47240
57878
20012
73634
87712
14070
23036
14250
34204
22168
92376
11602
4868
7196
65068
5108
47896
31154
32756
14318
5488
64984
36194
3890
11984
24484
85392
75328
64824
20018
32728
90244
28848
92476
25944
83824
4168
63134
24270
5158
29330
41468
67964
70228
61856
41416
68698
79372
43356
84606
8082
9888
97230
7616
19856
78136
53168
53676
98986
30060
96642
26366
14118
92704
72182
30710
21798
7208
22060
35828
83476
34856
95354
67702
50680
94122
36948
9272
74948
57196
4502
99268
41502
96984
15968
32156
19662
87040
57778
18678
83742
54680
2860
38836
28238
67088
54418
45518
56808
94640
824
72864
5302
42732
53034
13500
69756
75876
70702
46862
9596
40322
80114
19618
36072
25422
23920
18492
11796
23772
33534
99012
46338
9630
92910
2300
17326
92290
19978
53286
17708
67458
55092
64322
48118
95934
25288
72058
79898
33708
17940
65810
8404
61014
81520
60872
81944
76946
31334
47096
29418
78006
98788
21428
68604
17998
6794
1024
25054
99308
12888
31484
21908
17632
66740
51456
86618
61112
59476
72582
42492
2
72786
29446
37276
8448
44278
57100
20108
18858
69042
6620
5050
77048
63144
81718
98928
82010
90736
11458
63664
37132
54336
60648
53300
33694
91324
11066
58256
94804
35434
3252
59806
64830
91186
45152
19802
59820
77458
82258
7976
16082
45300
60380
26544
41388
29696
38810
68100
58188
18010
1676
6102
54542
12042
75054
38038
98652
44044
55400
48146
81048
75764
6554
47760
65796
23502
10612
93234
39360
42888
17174
41392
46
43296
64844
6430
44820
78102
24040
21308
47414
62042
36870
21004
13696
16450
69658
77126
99922
37542
35956
42744
57726
22438
8876
84658
23634
12398
40594
29462
2448
80038
41522
33532
8154
19446
90776
77684
13778
15434
97702
4480
77986
57838
49198
17202
17708
60842
99420
9946
63568
12622
13870
22830
89960
74784
69496
99172
76278
16354
32134
4002
83864
27246
18930
54828
32796
96256
55372
39326
25986
85614
38948
41070
40414
33394
31134
32976
47874
21846
88212
37208
48570
79464
32308
22054
27360
30878
29616
44144
85128
58412
80954
64638
78924
91748
16530
26354
3508
54036
16522
26980
23626
35504
74560
94620
72434
14992
64398
44640
77232
85110
54698
85194
31076
26578
14560
21916
75428
37142
57214
18418
69566
854
19012
99244
1660
52792
10322
89048
50534
5482
41678
67884
85132
55556
38214
9422
69790
48862
77520
23816
64424
22294
52844
15926
31164
65730
97682
36958
31798
88380
99056
74016
45386
10156
72036
1850
79856
54696
11442
84522
15800
3734
11948
75736
58212
61824
92136
46486
93464
18812
53218
72546
49066
53400
97900
27774
32390
75864
86836
23722
29328
65194
82594
72354
12952
3682
94506
75876
16774
72182
82934
37578
402
22628
4722
38172
17954
22466
21522
82942
56716
45340
69246
666
69030
49702
85944
50152
84458
77394
7234
50834
16924
87660
1328
78498
17406
53808
68142
73506
97170
93104
50324
63200
16262
99990
30998
75736
30484
19934
39096
53684
82568
35820
89914
54514
25234
26776
69400
92578
3844
19212
43672
35948
89106
76608
61224
97856
32336
56230
39546
38678
36284
58958
74524
24748
33404
83210
53784
13624
89918
24346
2478
26352
49962
92938
42502
1762
64012
31428
73678
45636
57386
38480
34048
68618
24528
22040
82706
76512
36284
4394
93052
25496
61000
72798
14602
70084
97060
98306
27888
60072
29448
91326
15098
20726
86944
86804
10652
33704
86034
86692
28676
52840
48204
35490
89754
30738
17980
82600
13074
22456
68806
85864
16898
60652
44242
89194
78632
48592
78274
17178
33284
22294
50304
45608
786
72626
81268
90196
24466
54400
47832
6772
51368
20818
19658
23260
83536
24902
48932
12146
3084
91064
45466
30818
39368
15784
98946
51972
72154
37516
59436
59992
32160
60162
43990
58856
55868
2922
11854
95690
7334
53930
60386
45764
45068
80404
40162
87254
1420
57302
87582
36940
16478
65948
9516
752
13652
25024
4644
25898
43414
66834
58656
43882
87744
22812
95060
20180
32116
86198
93076
21680
79902
85892
84982
53800
72508
10066
99344
45070
22786
6902
36572
37104
65740
15202
70310
64924
708
42838
99136
77080
27348
19490
53900
59568
69974
34708
96308
68416
94350
10886
64308
88880
60906
12244
43016
48858
43712
20084
85090
89120
75444
94134
66454
1274
60362
13150
9848
24990
66328
32758
38306
71676
294
50432
63430
52968
45988
23028
6120
48254
31112
37064
32348
82774
20486
78290
4016
6724
7752
32272
6764
22766
95296
72824
98006
64494
71944
55652
25074
70064
45330
15862
94844
40244
87570
41842
85724
66526
7858
86736
12408
60022
99910
98466
94304
22346
9614
27196
64840
95350
90406
28560
99718
79880
95810
74416
79074
59092
6520
43720
94198
91230
44018
31242
2050
88550
16248
60860
63094
6528
5588
10998
43554
10730
6782
69594
64578
34854
45332
79802
36418
79078
80652
98510
86332
82428
11288
74348
71236
76072
8866
26226
16034
61076
42688
96708
68856
32756
42386
73934
78704
18596
68556
30938
70326
206
31038
61564
35834
14264
67562
97678
18890
36572
9112
63966
93958
1276
17138
87892
55796
91486
63912
28368
34236
43814
10606
78688
22746
66402
9666
4344
24356
64982
51532
5428
68388
34618
54792
32334
97474
21230
99372
99344
97570
38168
2310
24846
49572
35884
53912
5376
10538
99740
11824
70434
91706
72106
55012
79690
99458
30864
26896
32562
92724
22540
43672
93884
67322
7972
16596
6306
68088
81692
80508
52238
88952
57910
92966
89256
61748
78264
93954
2218
32092
63956
86172
33958
8382
54322
99560
66400
32146
2372
25310
82204
52658
61152
46918
16582
15350
98936
3470
16022
59816
1216
22818
68712
46922
45426
72278
30398
89484
16536
65748
73682
86646
52444
71872
75678
9904
37354
65024
9828
60960
18024
82988
72780
68240
78102
98074
67088
44734
53612
90876
15418
49656
61670
85550
92988
73830
80918
64864
32274
69584
17674
50880
54178
58502
55592
38768
93096
63392
69990
47986
98506
73712
29718
99178
90222
9842
7524
9440
16926
85442
37298
50800
9304
8348
69928
8920
9998
70838
63734
90748
50046
71134
45450
74772
456
7366
79468
35334
2488
80576
86732
81566
20356
66014
60010
80928
38684
90126
41028
87714
57678
746
77828
5326
37494
84450
65076
78088
38520
97108
52540
11312
74738
38640
78512
85044
3596
76680
52448
84650
96390
42678
90430
52092
71278
98144
50336
28684
96192
3838
11916
78508
27350
76142
65184
69892
49896
92500
57424
61530
20
56400
80386
4100
80528
93074
42982
89322
39924
23164
43010
4848
5194
98464
58862
69482
87142
80704
8616
45918
86780
50834
19756
19726
28340
93856
83400
57468
29578
97762
11920
62616
81124
98736
54542
4688
30524
37264
39350
44588
51590
57918
56706
20946
14376
24234
78940
26940
10040
70436
31924
10386
76236
89396
73454
85760
29952
14938
15190
9652
50132
71670
78150
12338
18554
26282
65468
40972
14910
72122
78374
59504
53242
18940
47138
57648
25160
52948
75400
36502
46580
35316
91032
64780
42086
67196
29632
8092
84780
36334
22544
81164
44566
78314
52510
15448
64438
46560
28228
91344
10508
35746
18392
3620
75090
47610
20668
71104
75774
36174
28596
13870
76792
55686
12506
33698
83958
36508
34650
63336
36326
82604
94332
4230
78668
21146
60900
55954
17044
45462
17236
96406
1876
78326
88600
33660
81674
23664
61574
80434
80660
1154
80364
68648
77084
13326
62922
59616
88074
73234
58664
15118
56344
54830
62268
87208
39926
9528
62224
8354
25996
93566
23124
19050
29610
14234
45102
93278
75198
40078
82256
24836
6468
22840
81590
642
67348
32350
1826
17516
34338
17246
1362
31998
47394
60154
63246
8920
62502
46320
2644
1512
52046
56622
16626
86288
38450
33752
49240
50050
66084
61352
23034
45932
48460
32690
55138
67244
85958
99476
15294
79238
49848
31682
31258
91268
99136
75124
66476
58038
26224
89710
29854
28186
33206
7456
15344
5480
42144
91686
10118
93184
19508
62078
13772
28350
22570
61586
81982
97532
87862
63300
63188
43200
40320
55124
61344
31698
91972
1144
7990
40472
83596
99954
33842
3552
60918
80952
79370
80006
13510
24624
75646
17042
59594
92896
15800
8582
56522
91782
27494
77034
29246
52680
25252
89570
21976
64182
65482
67156
89628
29508
45102
48338
60862
93314
19938
22286
30608
40044
92992
3404
85670
14284
34840
5058
66742
22282
16468
68200
92052
12168
83610
47690
63650
90044
64158
48234
72104
40646
35514
85776
21740
93342
97856
95488
70640
96922
10276
19706
43138
69848
82374
89830
71238
74198
45022
64070
63924
90920
90688
90482
36482
61520
64058
11772
24252
98158
36686
27830
29852
10236
14702
39710
19024
39076
30508
11840
90266
54824
62786
42038
66290
39710
24050
89768
46936
88916
91816
24170
56656
61632
81634
53012
89978
84892
57390
79508
57902
4212
77328
37772
11070
94460
82106
74850
37556
28996
69530
31854
98184
76962
34422
16544
52128
84736
48532
73654
71822
15602
51474
98068
71210
7644
50834
98298
33822
28558
20360
72554
4748
37982
10456
22874
5360
14526
93086
28802
97248
87454
96144
44526
8250
43064
61200
4026
93272
10444
12768
89660
26886
8208
97652
82444
34672
80276
13022
96366
85712
57212
23648
7468
31878
32394
20930
44842
50604
10194
75186
22932
99668
32532
93420
57278
83698
80428
95054
15444
36954
47096
97424
2462
24914
78740
47750
63270
37332
5998
39850
95778
50618
30202
17424
83352
91064
70718
69218
88768
35242
53726
18174
12108
73622
37494
12072
96022
20538
80952
19816
82636
22366
78350
19022
83486
63862
49912
40984
35810
59346
89406
93936
62020
23956
58022
53452
26498
69546
31044
51110
41408
19694
93218
41112
71520
82340
62360
55804
22200
85108
70380
28514
24804
48712
4408
43230
51926
82948
13034
82056
11106
1712
63126
1276
58866
78560
27714
35854
91326
14656
7008
57804
21608
25766
39578
78808
6972
93830
66728
53770
81028
57706
11950
46674
16150
85642
89274
22936
48496
5742
27786
82182
28266
92616
74572
12920
75310
406
19852
12502
84420
18864
73388
83842
84250
61926
69272
7870
74880
24470
71310
6338
33408
9128
97416
32816
36428
20986
67190
64508
69218
34192
74204
1974
83920
34632
40484
5218
82536
60410
58304
36738
85654
32104
98270
80324
28588
33442
26236
51630
88340
76284
87444
19120
33776
16958
83914
72704
702
49724
41900
66626
81304
94766
14006
60498
49016
24250
52664
7374
10386
24924
59638
19528
79426
86936
94006
33840
57646
82482
37958
56476
3086
75534
68174
3618
62834
79144
64558
45150
84892
86980
47670
84464
5496
12938
10462
11290
99852
46434
44588
82922
53472
1638
31308
37384
51258
3784
57370
58170
76392
9402
91536
49110
60320
368
72934
13338
33060
71712
34100
32594
61690
21908
31568
21608
83710
67130
59292
39748
75924
42984
37912
31880
81614
5216
29038
5406
39212
56088
85586
36146
98562
41572
58048
32882
58084
3784
47326
36094
79822
43118
8594
78708
20116
61578
75814
88736
97058
65846
81300
91180
81050
6656
85864
95914
87582
92724
67480
97538
9282
55826
56718
69160
50124
93200
93592
52474
96766
50938
32890
36760
98712
70982
84964
35228
31050
67368
44294
80914
15318
46506
86262
898
64558
8896
69546
78784
27542
80984
86440
33960
82564
72538
35842
97146
26570
11262
67348
13336
58710
63446
74430
85766
19914
46180
29132
88622
63424
49016
55114
11014
29862
4388
2046
12312
43162
87196
78822
60456
44502
53618
39038
51792
95094
5284
5262
65620
14060
57228
97644
53230
52630
66764
48666
47192
44800
39914
74260
13880
48370
67676
30822
48478
97874
38614
96628
78262
61254
4556
52656
98432
35776
17924
68110
50742
48562
87240
96960
20346
89276
27156
83134
57530
39546
54400
42170
41230
96820
68056
17554
49630
81592
14566
65150
53034
24872
69902
98272
91030
29872
59422
19248
61266
30398
19220
59786
11994
54178
35480
85868
16732
32236
63386
2272
1634
22690
21338
84688
67976
47934
9886
28210
68732
54640
79162
9284
74230
92620
68948
33758
62992
61226
19350
51978
81802
58520
3336
92016
60090
13384
2212
71864
242
44788
47988
25460
87706
84694
78120
92562
45312
55168
56072
65368
39154
36566
96018
94824
95458
19724
67172
12550
29290
70136
5086
86228
39120
616
12752
81470
93020
58382
46164
93084
16242
66490
13160
14894
53640
74858
91110
72564
93646
13922
91956
62110
30344
59882
38716
72246
94552
23552
89442
34010
53338
90808
8072
9572
54300
34528
47922
60030
84644
3620
61988
97278
38876
31232
54588
87030
9526
90330
83680
41778
60908
34482
97688
73086
82366
66358
81450
316
98294
63620
78408
95168
39984
63724
42716
79492
18008
9102
99530
63400
85516
62398
66294
50512
68282
17298
3132
47656
27366
64376
94758
76192
63572
51440
36156
67604
48426
76748
33592
2624
55546
44868
73884
88186
29384
64302
94902
68972
45598
18664
88936
63162
13386
73322
54752
36724
746
4588
92586
88772
38364
57932
68426
88920
80560
59212
16100
66814
86968
46332
5064
8946
58486
38998
89168
31784
57752
20478
86392
52332
37358
35962
18002
99356
44386
8542
90104
2758
29448
32506
32294
17014
27844
3330
53428
9520
93590
21038
35228
16752
7864
49820
74674
33106
89510
52096
81944
70332
93130
23032
34366
47824
83634
39848
56768
49570
43748
24728
87168
93300
30412
28820
87352
43926
98708
1986
31618
97038
66352
26690
57112
87000
32054
30008
43334
88778
72606
9028
42178
86356
92504
34500
29720
68930
664
75924
67202
12836
33670
32290
56328
58388
20198
268
29586
72142
87216
92680
34778
77876
13796
53958
40266
39524
13918
81440
89356
55500
64208
72358
95278
49908
76730
49260
59692
36186
75228
29870
6280
78332
92190
14436
81282
24022
38704
79818
7778
25434
39756
91664
33458
95238
41484
31148
32796
91268
49576
3702
7644
16308
80188
5238
44380
33468
25906
31796
28926
158
55356
52590
55990
7356
99046
72860
71908
89432
1222
64104
85344
93426
39702
9372
56624
3956
86916
98034
9462
64790
51780
50628
63218
29238
36976
63204
59482
53588
32876
30336
19954
84364
74308
22222
73600
60992
75992
5324
29588
69046
85826
18488
61768
99968
25486
81902
63394
59200
24000
71216
81634
60568
91660
38656
50050
69916
91554
38100
83618
2302
788
88958
45340
35350
33604
98442
58516
61978
29748
98192
95400
25946
78226
24832
64414
23414
89764
3544
44714
53826
44194
16746
87268
60166
69174
4490
406
20870
91492
88628
51418
36366
24744
30706
58742
97936
23396
82656
40912
6346
42324
83444
24380
72326
94746
55256
74540
92626
43164
14882
60760
91672
4642
9550
67930
34916
19910
87008
99524
18684
60648
86574
75204
77500
49646
78168
94962
13352
19044
13604
47566
54604
33998
66700
80416
23718
4864
2178
5684
65620
29062
43680
55512
53564
39432
85160
47174
7532
21474
31886
24134
30476
10894
74758
480
97292
71444
58230
21490
61156
14404
86112
71260
12022
65350
15582
60678
76358
15702
3422
65322
40210
58818
44402
49254
82670
32176
97314
34740
13114
27520
43082
41378
61458
77054
56286
41124
46662
17076
78738
16744
34508
24056
74658
6632
32866
80368
35856
6168
89546
54566
80888
62034
63828
47776
36942
44024
17932
88556
72704
15250
4118
58156
17970
4274
53186
36226
81756
26028
72532
91900
60828
68736
66918
5074
41472
95240
30490
30616
72202
68592
54262
21876
72344
54248
63830
88408
22058
38000
18082
64224
48804
36538
91554
946
48556
95256
24384
73368
39428
48758
77732
14316
37472
61054
64900
56288
1290
66264
96670
67930
20004
95374
85736
79510
14560
85244
32348
66212
41872
55658
59130
55750
87606
10458
14410
51252
89662
4032
69580
15932
83544
32808
84418
29444
91356
18382
96914
28280
1970
18362
54352
11290
9702
33028
44648
37094
46002
6714
74308
62924
27522
57478
33066
81640
80058
70336
39860
24660
32706
63050
25702
80762
57730
19186
16750
55214
36842
88808
42324
51502
25874
89958
41240
26384
25438
44736
1450
69754
11774
99270
75892
63588
98782
56952
48842
51888
75512
50056
66826
38568
47114
15416
54558
41592
25876
47832
75574
97936
27710
64724
34282
84310
61126
84148
86280
98420
65766
70986
7178
21768
35802
84402
69964
10968
22774
93916
79680
66874
93748
90684
67902
18764
70886
37880
79326
30652
84214
55064
39168
13576
92608
65136
76722
76842
41828
58250
39064
41846
90242
19778
53712
44804
88506
18712
79630
90438
5446
55906
82492
37428
80054
1122
84200
30390
21844
55660
9296
83308
42296
33050
3098
6060
68696
7006
4104
44048
91444
75164
30172
73594
41544
98526
96548
25952
44764
92460
51232
78352
55050
27160
150
35822
49382
61016
53112
72220
84348
68434
93644
80548
61378
11896
43594
18156
14028
2648
32336
95784
45320
93918
91808
91068
27854
25310
57886
33314
33926
22574
4880
28462
12974
94104
77840
10286
77376
8296
41474
54836
31680
54896
66308
61192
56998
21892
38438
7034
23476
89606
36726
35790
39484
25226
93452
76596
56608
46546
35662
33124
21532
54840
65306
14648
38124
39884
43664
90728
73948
28696
36934
91092
92792
22302
10662
67824
58510
92758
22034
29812
65662
31272
80698
55068
47166
93918
6552
57864
69464
15948
92650
67372
81008
51054
78766
76716
83660
73072
8124
25728
39154
53990
70750
40270
91260
86554
8424
96966
50928
58304
81542
1262
64812
69422
89686
30032
31698
49574
39960
44926
12626
92164
16888
63998
62072
90608
58584
10728
39846
39860
94726
7108
14754
91594
93176
72974
52050
77442
91044
48148
838
44898
75766
10198
24798
32618
31938
64636
96294
38922
44694
98892
39294
20224
55882
27034
67214
9188
68020
19954
97310
21032
41192
11420
19212
86626
81434
89822
47116
40368
76042
4274
33204
88976
48592
48876
48684
61990
53456
21880
58378
34300
31512
30446
84968
57606
64940
76412
23274
32560
53642
67616
78580
33882
13642
69484
21744
43438
3318
17098
37660
4466
66774
99004
78844
42066
16890
21058
48896
65272
18520
67208
91082
15302
68718
56208
44328
44418
77458
33342
52780
72784
76712
4634
36288
83402
82104
64732
23240
61666
33112
53446
61730
36066
38874
29820
31666
35330
68116
19124
98264
85828
84874
2102
99550
79590
55948
43594
8916
30574
16140
2206
46124
15880
70344
5836
34224
29460
74412
94464
32666
89820
16506
20866
43488
28394
22988
64170
9520
95712
2868
7938
82296
47592
58224
41952
94284
18416
44402
90070
28296
32724
6616
33990
94276
3354
1014
20724
85172
72148
10866
55942
41278
54434
82466
7072
29148
25742
18964
62866
58640
29084
1048
52154
46710
53276
13042
77534
92814
68812
14690
17368
48148
988
6298
85684
85092
20826
61104
87406
91264
46114
21798
17812
96012
39738
67764
17708
39464
60420
84212
7458
20414
66866
97070
36504
8482
20402
85848
76020
79904
68902
61164
42924
92990
76044
87930
83100
76316
51766
7304
96240
80938
87946
64602
50038
50604
54914
85242
89536
75054
25064
1750
80216
79110
94658
20992
37960
8004
43440
92534
5648
45876
9998
55322
66836
18562
39732
70648
75224
5318
44642
34984
38856
95708
37566
25758
7928
63720
87716
37770
33470
862
37016
73284
60254
29320
96574
85696
35176
35526
51216
39956
24626
93748
64646
9628
5490
88364
76994
20648
90702
87694
38208
44182
50282
29420
65710
95816
70304
77710
62364
22884
17782
46310
81246
76432
87450
38038
28234
5356
27428
18584
2494
69372
90026
39022
6034
226
42052
49738
65112
49314
66388
84716
60088
69136
49352
72310
93872
86004
48028
68636
94516
27588
96750
84024
47328
60780
52462
77170
94940
33834
62570
4484
44778
16976
26506
64088
6348
84884
43758
53066
11336
42592
13118
22172
62094
32724
18138
6262
84080
66838
63550
97132
15264
32326
35234
37814
26268
13730
86802
15838
26740
77922
79054
78986
16182
66814
3450
68232
4542
2736
39210
88714
32016
41370
40370
12376
7938
92242
80192
66110
11432
86914
47942
32956
8428
41858
72756
31302
13826
7010
10926
83148
34000
23494
95980
59798
80966
18562
88930
41166
12612
43454
86858
52416
18784
51168
56104
60440
72454
40384
71752
15430
23238
74766
26622
77292
79892
65146
44746
36658
19036
27438
25432
58698
98342
29064
74156
8760
69100
13734
90706
91820
85678
96690
70196
53124
29878
40692
55158
80236
91748
1096
41870
11730
8794
27190
47562
22158
67122
81884
21276
37276
99108
53258
34136
97112
94584
70386
76398
36714
43686
33210
35694
40846
69866
36094
30086
75798
32826
86356
59700
64862
83120
28930
50022
19240
22358
15020
26246
228
114
1534
14434
25222
58508
24386
63718
9344
7468
33746
62546
15424
96908
8736
73766
72384
63886
28040
69108
60238
16692
53132
18150
2768
84398
67638
99028
71818
14944
55352
95844
62918
45576
52724
52870
51712
83330
44782
85830
50426
36692
55298
89906
186
7594
89312
23760
24712
28660
71608
91234
8892
12960
31688
39710
56764
94384
49570
63554
14946
77564
19102
96916
35700
65216
73086
1862
23268
28576
32714
28036
24184
29456
97500
58302
92368
57334
78688
43958
73568
64346
34240
4000
86316
56804
37688
78222
94298
81578
12588
34358
34334
25218
3700
57566
24810
37950
45144
44504
46830
85366
86514
61548
59184
71514
85432
88458
47092
52660
72408
40278
95612
97556
17876
54370
98228
57814
91184
64040
57152
40136
75306
93772
15546
65684
96422
67456
77660
24890
32426
1788
34556
25060
96436
68214
46418
59110
69270
74818
34928
304
50874
83986
36386
9222
70004
4362
97000
5382
15186
36460
20338
23682
96710
48372
26912
99302
64988
14058
14922
96332
5730
61558
13622
34270
81858
16018
52352
30674
5960
64336
94304
81466
74026
50276
30014
67444
79678
56268
222
86110
64594
89702
42508
81822
97248
15142
53398
39510
37306
93610
49340
72004
44200
44986
4160
54366
51154
73232
97692
30162
89140
82806
23414
17884
37688
40922
2652
30150
11974
47872
44374
29358
99466
30494
59138
89998
48798
38124
34042
94702
32074
2538
47748
34824
17860
14646
8406
19546
65014
22866
80432
52988
15880
26278
4492
49366
91500
84562
41308
37870
79536
83030
14808
38266
83534
5646
7108
8774
97422
77616
42966
43866
57124
37936
54990
74588
87810
30102
22306
37432
26970
36104
71668
27196
1758
22794
83214
12174
85506
95994
76974
39942
29672
6418
50710
41998
44556
83334
89300
55680
33178
82728
51242
15892
89812
97870
20218
49672
63620
7272
70640
36680
96414
7512
38820
17084
29196
15324
51158
54156
16896
98018
14498
174
2678
81704
29506
86210
71990
53876
82938
57022
65412
69010
15834
16932
62774
9606
90544
61940
59148
70728
78284
47898
30706
17880
16150
25014
24864
80652
11990
96876
30378
29668
65602
10238
2136
72340
87238
50502
98844
27856
14776
58992
89884
42406
26606
98104
43582
55968
39446
6012
27680
74154
92094
52184
11148
92564
27304
74732
70730
85406
50090
12854
61044
75772
28402
8956
784
58700
99756
73948
24896
29060
99552
2834
36950
68338
35068
61570
6160
16098
80190
65814
13494
45720
12000
31880
35436
31310
83620
28696
12772
93286
95242
35662
37874
13392
17234
81998
94598
71818
5282
54428
53842
81904
12204
74332
10710
3336
14422
99518
14832
37346
15948
37846
46312
72000
17022
59004
88042
12900
76736
30226
91624
13532
77630
1646
46436
49244
92250
2068
72434
33190
53858
87596
72172
87998
22810
74896
87578
41684
14074
55316
52732
12222
86036
39400
97718
22386
42770
48260
48572
87834
88554
40422
3962
79628
26548
3310
15836
18878
3580
57360
33198
92144
10982
3590
50782
61228
30422
88312
45016
68450
24126
27072
97714
54588
37882
24658
91986
23280
79176
52526
54890
91348
58240
15828
31192
63664
25858
90970
78564
40582
70354
33972
15276
2448
82142
94776
57116
79120
47808
5428
71044
15110
86444
36306
79764
65110
57944
78134
41126
82066
21630
36356
96710
46298
97432
93996
50654
49060
16960
70862
17768
94814
18498
60036
70960
37016
27558
16210
61148
22950
92102
23448
94350
9196
10810
85112
76898
24228
10770
75778
27432
25082
21684
50410
68124
93474
54508
98772
78896
18734
44476
87418
42926
69952
17386
97588
68136
12690
61792
5088
73744
58836
89842
9268
72444
53886
31460
53748
38862
91540
65388
69906
25932
85906
72754
81908
27386
69926
38000
62758
94958
57756
59622
25358
42906
82938
37182
59798
46130
74346
81022
18250
66514
41124
86822
93288
67978
26674
47958
10154
62910
28742
17860
8004
79834
23632
20850
58938
11936
23238
32624
50398
69924
26086
90084
56594
39566
90262
62876
35410
86474
1078
20306
30572
10364
17216
72522
62064
18112
9948
43822
944
81404
19648
27124
49602
94726
42946
93168
32886
4066
28202
37710
11566
29902
47628
27268
86348
4508
84498
14488
18
4544
54490
33762
77036
3408
13504
47352
36162
17928
50432
16840
75574
89820
18574
76528
85818
24186
83704
80036
71400
40598
4470
99806
94426
35782
41136
11370
69262
48176
67778
23620
35946
65964
68688
54260
42776
1914
54614
99372
82126
79234
99588
80946
51378
67526
40922
2762
68790
37818
51904
91556
17858
88062
11270
75266
9160
3646
81546
71868
10250
18698
39138
64678
36298
49324
31128
44876
98326
97756
57820
95252
5224
77462
26716
77470
10072
23092
93390
20502
74738
3204
20138
17110
83284
75044
60586
84318
54926
50124
97036
13398
88618
15312
75364
730
70820
28012
81994
29318
45576
93778
37660
20024
43674
48866
50680
65332
60952
47846
17544
65492
4310
58788
1978
6024
25512
6646
32610
40050
83886
82546
91410
54850
94874
67520
1362
16376
65186
60706
8700
48612
49770
51444
45804
48456
58874
28010
11948
54308
65418
76568
91812
93980
18038
96196
34130
45930
88238
56370
42378
25766
78078
53246
24440
28934
83556
59942
24918
16170
34298
99048
82286
23554
25988
75066
58602
87546
31018
81464
13734
78906
22706
53048
26662
64970
83240
16494
24678
18726
23856
35776
71654
63524
5442
58022
2094
29204
17888
92648
36764
26550
18214
82686
39188
77598
56922
17060
19766
69872
49076
18266
85436
31116
97432
21284
58550
43032
53642
59314
62496
89508
94792
7946
14700
95246
56260
81498
68996
54950
13000
85822
49360
9500
69208
36586
89310
49210
10316
98976
19010
16562
80650
82594
97402
17958
20930
14104
46110
30136
29364
30560
35572
57372
33560
25642
62988
11496
24412
75662
25924
3680
27064
31334
49166
26208
78870
17876
66320
29650
18748
83430
17254
30646
13258
44842
72164
83744
40702
91602
7676
50422
63830
14210
71682
25776
48050
51316
84182
75716
76674
89464
36192
47734
8532
97498
14448
41366
33082
55708
20834
98388
11214
3040
89048
91910
22082
84332
91620
41464
10146
32070
65552
39092
35718
93884
93554
59224
13378
75690
53806
96122
9264
13310
8342
57758
49326
23276
83416
67694
15216
37262
38096
30926
40768
95074
97628
73462
61232
93792
63792
81130
55674
40452
65056
76410
67666
2362
77066
38694
16736
90306
28406
26566
55748
1242
27760
79614
95156
32902
4712
40480
60578
57118
42242
32572
59416
17286
18758
25316
9780
61942
14804
79728
43560
61808
44930
18786
55002
14790
39242
14262
66966
75896
60174
32712
96350
39590
64554
55792
20720
88516
37860
97474
24222
20842
19544
94928
89378
41810
46956
74666
20182
48672
78574
46230
87358
46466
70614
69278
40942
30658
59862
122
43116
75602
62326
98702
67042
68024
45068
72498
86088
35296
87092
99024
61100
22790
2554
85604
3486
41242
368
81868
17964
38490
55278
74592
79992
41956
24716
27242
1946
92036
97636
89456
26314
54900
2454
2226
84878
70548
5732
89454
65680
36502
23268
7872
7012
31154
76070
27252
70260
72996
75640
85734
12172
72124
9832
91502
25652
376
99070
83698
1942
99454
41840
45324
36008
37638
46146
93492
37158
49910
53938
77488
56658
72552
46314
77988
88742
24196
89808
72740
19584
6742
98744
81054
61198
73712
64874
32742
74478
95550
89910
94830
29830
44116
10836
44606
60144
89854
6278
62138
26650
13878
39628
47896
89026
62014
57692
1312
82698
34774
37640
75964
60540
51330
1134
20596
28114
27118
80724
75514
78036
8540
89152
80758
96684
3970
470
36392
49122
4456
35026
554
33336
31106
71428
702
3930
51306
4734
68160
75682
98106
19642
31398
23836
24436
73772
88564
74772
2124
96242
45394
29196
98708
82558
24014
20970
87178
64992
22426
96380
27388
34930
94084
2504
25080
51970
97644
14688
22810
81156
19778
64206
19776
87228
27972
35168
21550
38352
49342
11190
34532
99542
92460
6234
85270
22948
49118
41210
97932
34250
21216
52752
36482
54260
26332
21062
57168
3872
95678
54486
44366
60776
8672
87406
70406
5230
42830
80504
55680
9672
68056
31794
18972
48364
63172
71018
50204
48072
35232
13492
28626
72132
64738
42374
93680
80846
12688
60492
92636
21028
32102
18092
50458
89740
78040
32466
17812
78942
36642
47050
64340
87866
48144
74438
45188
94572
85682
90220
10756
5048
19166
14528
50706
45306
48646
49144
49960
3058
82496
60312
3514
13494
33196
53314
38740
48930
18142
66480
58206
39892
91554
89994
87514
85912
97546
98286
82872
28730
39994
91674
82526
62832
21060
74750
20
4674
6994
90294
56426
87012
1624
52742
28306
67340
16242
52492
97614
63094
44298
99476
62822
682
68306
9266
2456
17338
7472
49988
32968
40982
85178
9952
15832
71970
29048
91144
32216
74884
71138
62978
7088
66782
15550
72466
60340
86456
92506
92112
43840
19836
41358
96064
65104
39738
9872
1710
50580
68950
730
27666
87044
70436
37934
10544
50852
89812
28808
75158
96398
17032
77468
22768
63022
39602
55636
27048
77958
38792
24048
63858
93196
3678
98508
59390
5914
47250
32728
16684
54532
59822
57240
76890
79314
40844
48602
22618
614
67858
76976
74132
96740
45674
92168
39410
53866
55930
94286
29748
81308
55658
49032
60412
90420
87426
64610
46782
87272
73724
82944
73110
33922
38318
55684
578
49072
30446
16388
9120
73528
62514
94370
298
27692
41562
42702
93190
59588
63816
9270
77802
89602
2144
22072
11256
93292
67878
60508
91412
11738
86918
3734
14840
79002
11176
69270
67724
29302
34734
75352
74252
14524
19380
56976
56572
43434
18632
83214
80062
73400
13552
51102
71382
62826
55618
27866
52642
23104
31988
77388
82496
82374
81770
21438
32768
26228
17790
7362
70964
11064
12878
88446
2936
39638
13894
22446
6006
7736
74450
3556
44822
94166
46308
36702
52764
29158
56452
43240
50670
96404
47070
5748
22852
90892
92542
78170
24258
9454
81792
66790
97266
39458
25620
41938
39314
25028
10914
44842
25036
54584
6668
72056
80478
48734
72180
24746
73600
97552
3242
9958
8016
37768
18488
72482
32602
81876
88760
53274
75566
97066
78014
27656
85680
45572
52380
43962
60652
40608
12098
55106
38698
79658
42098
29932
56720
50268
19816
93320
30144
48756
8502
40936
44234
39104
55052
72372
7484
45542
63656
53610
53202
93320
49832
17190
36632
98992
9572
82276
7708
91172
90460
57688
35200
52188
26228
9606
61350
88182
89388
86862
7340
81848
52260
32180
38524
28386
75212
70710
10230
72044
32628
55960
9218
12894
28362
55826
46028
2444
36364
90888
64304
56724
60770
80106
76104
45386
69844
41196
34982
85896
69664
82254
12692
52844
75578
68930
64926
38806
74108
30960
26372
52022
26450
7246
89488
31820
43306
23682
47314
72454
7172
6930
1548
8716
60082
65290
42
8830
24882
8376
43736
18014
82832
43768
18466
36352
58626
40840
37266
70644
38008
21002
77826
49032
26880
39564
89040
40062
55578
81668
33814
13966
82022
69416
16922
44906
29610
23152
90362
47384
39826
57414
5758
8058
77284
18070
86290
94870
33478
70682
82240
26932
91880
5074
64078
22888
95280
5822
60802
41216
32564
49584
46514
79976
88014
14786
4142
18008
20514
80050
70036
7066
43584
84556
86640
35822
52790
63462
64252
20386
23164
92502
90334
90120
75750
2710
60978
5900
94172
86620
21672
34708
10314
52214
87234
59036
54060
33088
89208
45212
26392
33936
57158
16692
85630
8806
62262
70816
11852
73952
61364
80990
23092
54070
81414
22542
47652
30748
25628
64158
37360
5636
19046
56250
29316
99452
48270
99318
27240
75062
94732
83688
75698
25194
98172
82296
70974
99324
99668
44022
40904
71144
54700
90034
22832
3594
3220
40350
66988
88180
30174
17680
59124
1946
38864
36674
38174
55478
84078
70310
76626
43662
36228
42260
41542
21976
56136
72356
27190
822
18852
71858
22228
47976
72802
81786
33610
47992
96480
18342
24902
79136
46818
75954
71676
33302
76712
52224
93514
83704
14486
16398
75918
41352
40076
32308
42558
68346
3446
14074
92698
65522
30366
21204
84730
94718
96840
71260
75452
86788
68914
56284
37004
94518
2046
35198
34466
20140
51710
83932
87216
41212
95364
8574
37672
18082
31712
70908
43772
48968
70452
93096
50250
97474
71362
82430
53968
73970
41322
40278
93582
96812
82684
74782
1120
76036
80422
36646
77222
24576
50786
91166
50358
31976
30108
91968
34880
80046
22190
36864
9028
28644
39628
74488
52080
94182
69118
82428
70842
99592
41436
26878
60556
74964
63472
57244
83640
12648
18382
31428
78132
14468
81202
89578
21398
52980
52712
4316
37874
68090
98876
85410
61248
13998
44910
46266
92582
75314
91640
28464
99056
30454
4210
57680
7454
13302
12008
41178
63644
37416
97582
61620
41712
48502
26758
6986
81496
12014
71470
11458
3316
26336
67100
29724
47652
96446
7342
31170
61672
67418
82618
882
63376
43642
81276
98538
89272
25192
60316
6958
68844
1892
55898
40034
37394
53614
63858
9910
95968
95350
74994
80862
80258
99052
27616
78576
70996
8626
64930
88306
59136
14376
85258
94214
6576
55210
71894
64242
64594
63046
66374
73596
9350
17524
38444
81210
97378
77130
86542
4112
87702
30328
51560
85326
224
52220
62152
89272
71688
18650
81844
26650
23820
47382
70350
57222
78924
62974
31020
53368
28464
78648
87628
35056
8056
80916
54658
27150
26012
57318
19412
89770
12252
53226
94592
3294
86420
76440
66554
10960
27870
95796
40284
50878
38762
77994
19948
38354
93442
63422
10752
99378
58560
32296
20532
45292
46634
76878
2994
94420
23992
99458
96052
56680
96722
72002
67226
79040
7818
3038
1356
52572
34070
41642
66410
7928
51002
98174
63412
52920
22734
82256
19600
80292
92012
85664
21070
64364
13400
28992
16188
56986
70342
66118
53772
70028
19852
4498
31566
73840
77148
93424
56582
468
62612
99560
58228
97792
68402
45812
30112
89732
60360
26034
34330
95044
3478
30204
73372
78868
15404
21692
44506
94182
20936
57404
87776
91436
82004
99880
80018
43282
63066
56692
15070
12254
22748
54196
40644
53514
33820
28152
48980
75576
14786
72122
38932
90736
93856
48912
23964
93202
32040
70764
55638
94724
84490
5564
72198
84226
90388
24810
57588
61750
93190
58714
64718
85666
45544
64636
75064
45118
39878
12194
57092
26430
14856
48336
51682
65316
34222
58298
51818
97730
19164
66836
48948
96
71076
53072
56160
92776
17986
66698
94552
36334
50786
34468
9068
76332
72672
24918
67788
80274
33644
19054
66104
56898
69166
78542
9932
26126
56368
28156
20026
15660
35502
45644
37660
95672
6806
54930
1002
53072
34990
88004
72362
50300
33484
98848
57372
49040
34366
34420
10460
17722
73898
75140
41886
96932
95704
89946
76796
5548
97380
46298
34778
54168
41870
55872
62482
36838
58934
63374
29850
29388
16300
60040
86452
76976
36638
91250
56186
47908
46490
35870
29236
18442
63804
14290
33504
37720
14430
86912
47024
31874
57958
32926
59998
55700
6976
44056
86548
55338
72074
24922
72696
53794
92320
43930
38280
81360
3876
35402
75254
7566
42004
49474
38106
84082
1912
67250
37886
83834
64434
60276
37428
41296
35334
65648
30270
18186
68958
34368
36448
6626
3730
81814
31566
42894
12068
72602
16688
95184
40890
52540
88576
94062
41200
10142
20434
56276
694
98232
92274
56118
61344
5432
92086
59564
21380
44406
46210
8694
70368
25928
18064
87388
33710
24814
5062
99998
34482
84880
86020
40230
76716
39342
26720
69664
98714
8198
14448
91256
38930
39158
45056
69732
56496
40660
6524
14454
41624
37166
23766
39868
3242
93558
81844
82968
26622
68298
30134
14980
58522
12710
49134
95410
55496
33140
26076
98108
69482
94126
6362
90914
55896
62952
62836
13292
72606
31938
48932
30060
14304
27244
33226
74464
48752
32016
61756
83042
86294
17774
93710
73514
38162
45988
38654
90332
97164
27422
43156
57716
53582
73170
19054
79464
89698
4608
64662
16682
58954
19076
56416
66142
34086
32400
81826
71486
60974
16722
69504
83114
88646
53380
15940
79708
55636
93546
83650
2720
16798
33072
78794
8732
30390
84944
20406
12234
15396
82156
64046
54796
70556
87422
77022
55774
17474
25968
66276
93342
49846
87514
45196
91262
58806
79826
26216
34290
85606
41536
11848
78886
86456
54980
11974
30166
26286
14830
32632
43772
7774
22104
70580
32732
57562
27560
49914
31768
36470
57932
9292
52532
29298
70384
93100
87152
28948
18012
85750
47434
52270
61592
69556
47756
67676
52868
93656
22414
46056
20384
30996
34570
922
55254
27124
50336
10970
72910
92286
92448
12322
43674
2106
19750
50044
26928
72860
59004
15404
16560
57802
8276
62498
52928
53048
53202
61472
5266
12166
85624
66990
45928
3304
92630
86886
80836
59704
9118
82052
67074
84230
47868
89238
36420
59218
74634
55352
71298
4360
99456
32066
40792
29380
49740
2780
82710
87678
93854
40186
12036
90674
17742
29800
83558
84262
96716
52726
54780
67254
47424
19818
52666
70314
2466
1010
71878
61670
51676
22258
53496
47998
31624
79552
14076
53564
62272
98052
62066
66830
96472
61632
39558
71216
93830
2940
4106
44864
7930
49992
30872
54262
20522
21514
72664
48726
48612
64176
82640
70958
35140
26148
27212
43566
8020
67258
57112
8368
12638
6270
95092
24034
43786
41756
43866
65068
42894
15122
20588
35156
36902
16110
78422
30084
68510
338
31086
65252
86382
82584
51044
4472
33774
34340
19042
13490
72240
7422
34434
4494
64454
6756
10974
56130
30002
83142
44548
84450
18400
26608
81048
54520
51702
51884
87666
24038
34520
18920
53628
36764
27646
49654
69740
48068
70090
83094
30
98068
79146
46134
54710
49364
88670
29012
69480
89854
74498
69292
27974
22572
9114
7726
53660
53486
33164
63722
9742
72140
30572
27722
11588
37786
98792
8076
43280
66260
82812
17360
45376
75592
33568
27530
9464
72744
6236
99044
33756
99280
38262
59802
82372
7484
82972
73548
66236
11668
29244
89230
76184
12146
28344
75420
32952
1628
5920
66276
68454
68198
16652
24092
32458
58760
48436
20604
22432
94298
88546
68922
84224
58360
2574
4012
78282
45832
64934
41266
25010
30602
74464
78532
91100
20932
29738
36700
65682
27686
24798
87406
18194
47072
86204
40768
13676
37576
78190
92016
21252
65776
42234
70404
72160
46684
54586
92798
42354
86992
56432
51246
7740
60162
16434
15414
40262
90102
4898
4690
17136
19088
48968
86326
42370
39676
6668
37432
58850
83074
86360
93536
98978
39796
80038
74616
59428
15568
6768
77122
36962
98066
92620
42774
36606
56236
3306
23952
1870
91344
1394
17650
71490
75998
96466
92288
17920
46922
35578
39210
17004
12556
28316
28800
12242
91076
39794
74200
56072
70514
31046
1014
82482
88736
51034
36398
29136
86970
47170
6940
49352
15140
8064
53252
21470
43062
30598
74504
49254
53288
5182
37112
27522
22986
15148
61846
96782
72584
90652
36872
86960
35450
73400
16322
80792
41364
92762
36818
75254
62678
53942
56088
28594
57122
84104
87676
12438
64404
64138
55070
50232
36416
14154
5984
25582
34584
15902
50296
93186
28046
64336
48674
36414
27718
91382
47020
90440
19546
964
65574
57948
18078
50616
87338
16854
66830
16922
13734
72340
30652
73580
89654
86362
16556
56874
37282
53810
47680
54322
47356
9396
74530
74714
80824
72108
99570
94870
87008
22214
4512
39046
354
80454
14232
31942
95486
63992
67966
1240
51048
19288
97790
45388
75566
1564
8950
29958
17830
76722
94908
5994
25772
48854
72652
13468
99436
19408
37678
47924
63002
63464
57542
19734
95072
33294
53382
26230
51676
3552
54308
49014
69318
12304
23296
68546
89722
83906
85550
17628
34050
15758
45628
50834
40160
96958
85866
5936
15814
13560
56950
59492
55820
6894
47568
26494
27166
88286
13808
75632
89028
62820
61356
44670
9160
47558
97764
95420
19516
42214
71274
60586
2624
34196
56946
62862
66560
87032
77604
19950
98116
95490
6432
27036
15828
37784
40276
85710
70368
94592
17204
6972
63750
65378
56554
88522
35694
89814
27028
69308
55138
21876
46316
9016
52062
92604
24936
6232
78038
64742
87248
19336
73888
9800
52080
57784
92634
7216
45204
70298
1650
29392
63902
14594
66684
76468
30938
12634
55440
51930
54892
58672
77546
85942
17600
32454
56444
97944
41850
10866
266
67828
99080
39876
64820
95212
14744
61316
49194
32028
16538
10986
28536
71338
94404
49320
95032
38366
79612
76806
5678
34204
82982
13596
56592
72688
66408
45842
83882
37156
85092
18130
13024
77334
88308
77210
93648
11328
25416
50866
79616
73812
80872
86626
50648
17474
23060
46112
49986
36722
67468
93516
56394
12824
30164
37048
10992
46676
82160
24186
68968
24632
55764
71070
88942
12008
68396
7066
166
29550
6850
910
28966
65504
63316
62258
73964
65752
21056
33294
26994
65984
47438
36980
77866
79998
85580
5858
40818
22028
81220
69476
66346
81928
73174
2414
40988
96738
52166
7380
60544
32746
31018
86616
55760
2844
93312
38534
46916
29150
41340
81820
46406
6366
80204
38588
74310
20414
97792
66316
17224
19572
18566
70554
17086
56578
43766
5478
45600
32456
96052
80028
71052
28132
12138
24018
84708
18304
92060
37622
39692
69454
47636
87634
85502
83328
99960
41270
29772
52238
74482
66320
98400
97892
95908
46138
59796
12578
92426
98520
83242
79090
98116
50472
42078
67536
86682
50846
80006
69102
15514
4930
44412
25104
16670
77620
77314
44320
30610
21540
86596
94634
63282
45354
60934
41094
21776
24068
18276
5192
97432
46458
59334
75312
95666
62476
60244
16010
51516
83580
41534
73036
73098
83500
48980
75024
5166
92882
17324
17368
55442
61544
11548
77820
8894
62024
26072
32754
81416
15096
65298
4470
84616
2286
15456
72042
84354
47490
42522
1292
11322
134
76682
40394
74316
45188
17766
84910
39960
38100
39998
31898
67764
76632
98438
46456
66878
79308
58248
47314
50140
33942
38752
33616
56708
21286
38528
69876
37632
23936
53272
70978
48002
47794
88470
50518
12760
13212
5262
97992
10942
85008
74122
50120
86344
95038
45002
2998
70680
79348
246
56514
238
93494
68130
47204
63652
10518
75902
8730
5690
90350
37750
14752
47990
19412
45378
3390
13464
90510
32596
78704
4542
21134
77276
74776
75998
16622
25182
36348
26900
22420
36586
24296
6874
68880
27254
15060
47838
18604
15360
45768
67236
39022
35918
81930
13776
61190
57126
98134
81236
14372
61460
21186
54726
19502
36686
94702
94844
15926
91764
40604
40610
70796
79470
82400
94756
40418
12042
64274
28426
69230
37206
99858
38430
49838
7080
36982
14968
5550
432
26028
69750
29972
47948
46716
29928
24148
43178
66502
22714
81766
72600
4814
80732
43308
32214
35938
51702
66684
55622
5120
14790
50720
6842
5734
80232
69292
67958
74648
57382
37680
36594
88484
45888
98940
2910
93880
23144
72546
76470
14886
28196
64344
80106
31646
9856
12256
70460
60586
43792
6776
13900
41314
42760
65098
58210
53458
22052
7766
4732
29032
93738
40324
93166
53200
7074
18026
91626
96304
35376
4024
14608
18000
64098
97838
23784
41652
34936
53826
10844
31720
11336
6128
94996
88556
66734
62568
34834
35410
7016
87186
3442
90064
29168
66292
26472
65280
6668
36846
8954
230
77362
1020
80536
64624
65182
14484
59528
97772
11824
19552
3264
84122
32290
57610
10608
32268
89414
26982
19690
52954
26820
33204
95368
14490
378
10900
25578
15830
72754
2620
52990
64338
7512
64790
33194
77614
6170
17142
44016
69400
16294
96682
16582
33558
78446
14602
93876
24238
36320
52688
30710
4318
5200
85756
73824
78638
50516
1348
39148
81694
27802
22726
83710
71638
24330
65072
42360
33422
43632
82974
6508
54838
56466
71252
69014
97272
58812
6522
95766
57366
88032
42932
17768
73472
11886
58064
66048
59746
12822
41058
85806
55076
11696
51144
27382
39532
35774
14450
36910
68192
36616
2154
48596
25880
30882
15278
65604
97878
78516
38178
39292
15524
70698
42028
40856
14628
17458
10652
95392
95100
82816
45276
24376
14226
16210
54384
48714
47708
66006
90070
23738
95710
65074
10514
89542
54218
6262
91070
7966
18714
83686
65724
39762
61610
56916
9120
21806
32988
62004
86846
56600
19888
12900
44838
70802
50540
55838
97432
69474
52102
56924
4918
21304
15900
33146
55896
16922
49386
41008
9538
62672
80870
42966
24934
84026
81824
15922
14298
80312
11442
15818
24502
40062
23388
74406
54268
60762
54344
3686
93908
8520
12710
92868
46670
29182
47250
93650
70210
33078
4202
42778
78932
12412
14806
99334
65280
1202
1912
5710
76538
43472
67064
60658
35754
12530
74566
81052
87878
88402
22754
74110
47436
13820
44674
29560
96950
41270
57920
30486
14594
89794
85666
82562
31132
17486
2590
56070
42778
67060
69970
87920
67990
29168
34720
66072
76498
38476
89730
35768
49440
62210
43488
27670
79402
48486
8414
45538
40362
13114
16016
69238
766
74878
92312
20612
60896
95754
61282
23674
7604
91278
12764
66406
28046
85646
30048
28440
51530
73892
93526
81166
11884
52234
92166
88338
5370
44506
24706
1568
26082
31316
75450
92506
89834
42338
66984
26374
77816
64258
20220
50720
63748
14228
92908
26442
36308
16688
89728
48360
4926
7246
35970
38430
97936
61040
33532
52888
23488
48542
98484
50124
23538
70694
49712
89128
62876
602
77410
93990
84828
37534
11312
47840
95196
96312
42230
55296
94932
33062
50524
46084
67802
74638
98052
67100
62452
43680
62016
19058
28928
75262
99122
72152
50250
5386
34916
74670
15700
82322
98870
39012
69952
71740
20124
34656
65718
2914
94280
54272
3616
27022
83810
10598
91836
49164
98256
90154
89346
20620
40600
35574
70308
57892
5272
48188
94840
29474
1936
98616
52124
39078
74968
6780
26372
19374
88208
63232
17176
83434
50688
77742
20660
54450
81176
9112
10824
81288
22336
14116
1274
60860
79264
16122
97670
72654
14816
23580
89518
30926
14590
82960
31938
44506
9006
51200
69500
77732
27664
89394
58414
15558
14930
32032
35390
11766
20974
2448
16664
25694
8914
97310
82156
96236
52476
90814
48420
22978
67306
26152
50528
91478
7604
61876
60154
92834
33340
38064
24164
41180
17156
28986
21408
71366
20448
45872
61648
51254
29040
52386
85964
27478
25604
1592
5998
35108
16046
42918
94472
2624
71320
58414
18072
21284
36688
99372
3608
46290
26556
59410
81816
54732
70674
45440
79548
27804
62102
58314
45066
19046
48710
99980
26674
75238
65400
45254
19194
49312
35844
27028
99016
77788
69622
36200
39060
91018
79074
10850
87342
37126
81598
57302
75372
94700
46040
81194
8156
23810
8132
5064
54428
14862
42028
78804
36072
34302
62182
22966
32968
77336
73888
55658
17136
93696
53860
97210
52968
3234
71462
93230
92084
47504
44532
70752
24458
76652
95384
78138
74812
51088
59542
34074
1638
50864
76904
76842
49590
91280
98720
80638
7838
29060
55678
19756
54832
35964
78062
39358
84508
18678
9294
22794
82414
54358
76626
26280
31452
49460
54404
27356
33550
28186
7100
92628
81868
82258
88292
57864
21936
2026
30258
16968
17154
14984
15286
49846
29354
56294
75210
52174
44216
18644
28544
98234
53310
52172
65414
82060
92014
45578
90240
6678
77498
13274
27714
94550
91602
92260
86058
52978
70466
66158
76550
21314
9850
87792
20904
57146
82746
29290
65038
4738
90224
86028
86648
72526
2634
42714
95648
63526
74790
70662
92934
33514
77916
17384
47712
65540
13746
45772
39050
16094
90204
16320
1834
90322
39450
53160
31654
54472
31582
7856
97840
71058
9300
71538
17734
81518
90362
56164
27614
80766
21852
14126
8098
4650
71648
45668
20802
58170
34314
66008
84488
15980
91496
86242
1062
99628
57358
92858
64662
1960
51890
99298
1124
75738
69430
92966
73694
14050
77570
70450
7924
39208
66720
72460
44240
52782
84430
47378
92494
65728
62356
44780
46972
32182
40750
92756
58544
65548
1214
79354
7112
50686
59974
25182
99262
36286
81088
61020
15838
48438
99716
79730
52336
57002
44820
67180
19268
95140
62174
46140
16782
95042
67998
80228
92616
17656
67440
66804
98874
42934
43630
54966
71458
59838
54394
14448
56312
61290
28678
68412
2198
41138
14736
6338
45714
196
85822
77238
12450
88188
16672
97932
66840
24312
85420
8570
22720
68924
66696
99378
71728
51898
872
94008
94806
82658
66088
88916
80338
44774
91924
97036
52588
93822
75730
34994
65502
1282
6432
40936
72112
45436
88820
54746
29050
1500
20982
95226
340
8862
88888
12098
83626
79784
89696
50672
29912
1704
3326
19786
356
71538
53972
72540
18886
88524
16572
65620
13180
5954
75860
25886
55402
91250
48480
19556
38340
99240
32034
28968
76410
38502
55356
38558
2308
27540
24010
70772
93608
38506
65546
32836
8892
41014
74848
52738
47500
56620
85460
54984
18458
74092
85754
88770
80712
87052
87230
54684
43150
92098
19860
47974
12542
51724
32796
90544
54940
69814
8180
1256
16384
57496
56776
25308
62776
95822
64954
68360
97626
87964
95272
45882
4706
55028
29082
36626
66646
25706
86066
28704
49456
2270
95574
18308
60622
67418
68004
77924
49596
94492
85504
40162
44384
20586
57404
14614
50048
52650
62472
7440
51078
26614
76340
12934
84824
18418
30914
95016
99618
59608
16346
83550
51758
41302
91124
76218
7702
73518
38818
8930
74632
92778
73368
78382
50336
78744
20518
98924
75588
81974
65806
28336
87026
13368
79160
68858
38962
60106
602
31742
17148
6676
58844
45770
14078
16342
36618
19404
16096
4484
60984
52144
87988
70802
13494
87074
46580
36958
66354
7050
30174
94816
2334
18260
77394
11708
90106
30434
41656
17258
2062
66888
17374
26840
62612
82288
85172
75760
95790
7466
44130
66060
55278
97994
99074
73692
40592
15762
58644
33028
85814
92194
48138
228
42292
25960
99480
83004
62654
50542
31464
37466
74636
33086
18104
86262
22356
7734
40698
78676
58714
76538
64982
71826
38884
69220
37296
7302
26042
54160
87248
98054
84850
72412
94354
8636
91988
11740
59874
51452
27224
16086
67552
94858
55106
21772
17130
22826
10834
33518
56494
25774
67360
48434
82404
5132
34674
43870
91242
57768
95448
3554
84098
47074
40462
22312
26684
67774
57314
10578
61226
75678
86554
25990
81300
64038
30306
54160
1700
43950
5876
57584
28590
85078
81868
35482
87996
39206
36614
82132
14730
11812
32676
6212
35598
99252
37966
51946
18394
55244
75380
56244
63628
87776
37424
90194
27316
65704
8246
55356
65838
8332
80010
352
70400
64328
67676
24184
17388
88690
39246
65662
42572
50806
40482
24092
5114
9076
36366
76642
32404
5408
6486
94552
60354
50216
38024
58472
10128
3484
43304
39304
3188
76006
91780
31356
76980
59786
62702
17218
89346
82228
88256
8400
27308
4326
48288
9288
4482
35902
87688
50674
24788
42626
13636
90248
80238
10136
26886
4782
39448
97728
20
87510
60854
19712
40336
78096
54616
28620
55470
67776
86406
16500
67812
52510
37496
82752
61206
10388
43622
97470
18482
25110
82164
13224
8650
84454
54490
35730
43744
44902
19440
8156
41694
15210
31080
20288
50342
50250
15790
78360
74644
84004
68536
34886
5564
38946
37032
72458
91872
39976
53926
31204
57340
76652
67646
36886
11164
766
23528
18066
63994
71146
64642
25720
30884
58698
44916
79242
10276
66414
72680
34070
83412
90388
75446
20510
17176
73764
50506
37694
95668
5038
3370
12848
96238
58126
10718
73354
98530
21258
97348
37600
54028
61338
42574
41474
70284
99468
3028
6674
498
48968
86956
83190
53398
26454
11280
88892
17528
44722
62960
98366
87186
432
53558
66796
36792
60566
84974
10562
6334
93026
63004
11738
83294
37912
36160
57966
51328
45974
7974
73538
7578
76746
26342
3540
39350
68366
6806
13720
25148
63044
77898
35938
48314
31630
17006
20322
66168
11686
51098
50070
37068
12184
16486
73032
55110
79724
63040
53924
88560
3682
94350
88250
38322
34230
78128
65688
19792
36392
2494
33292
92074
78536
56632
49046
29464
45332
34630
75560
20312
76448
56428
59392
7372
81590
57282
30012
80780
45304
20584
77740
2658
94692
61060
89010
57838
65536
116
32190
94156
66238
57906
83786
68886
86016
91394
8600
72084
46672
79068
65870
77594
59476
66816
53620
60982
18714
22752
84106
86010
41304
44898
80236
16160
332
43456
45916
95192
374
18076
47074
2572
52540
95648
59810
98550
97222
78480
15850
12248
83376
44112
16736
47050
43756
89052
27124
89978
45906
8404
23016
93200
48330
25560
2870
79368
22990
34388
41460
46322
74386
37214
65798
95246
71804
60086
26716
15034
7314
77812
93148
11518
65750
29654
62652
41504
14592
55218
20820
15950
9208
86138
28624
62138
51316
49670
16592
54526
6840
61218
17256
77806
50948
33292
57898
16482
1428
25330
56444
86322
40594
65006
11634
80036
44830
95778
92096
44350
23134
82020
45392
22022
83202
15656
63556
29090
49580
89096
45772
33582
70308
64536
35974
31310
18342
8272
51370
2604
24200
30552
54656
37918
94714
14578
98496
69076
90718
91476
30614
84998
49604
95284
50908
53406
41774
53110
58088
25832
35582
99528
13862
33832
90272
39296
91796
71366
50678
29592
25712
78958
38838
81376
12246
446
4862
78216
95108
68174
18862
92016
21316
3368
78524
81382
90520
39134
84458
29624
16004
11458
93936
49406
4672
99874
95716
50510
30006
69776
7358
98432
43024
16676
9104
37938
42664
68948
34186
78932
13974
65664
99922
4798
41384
47236
50548
1234
85538
79784
52272
418
50074
54222
45886
7348
63536
56630
79954
27304
20290
54384
96218
72072
85884
39780
58656
31416
51822
38488
83970
1168
30606
80930
62892
68508
59308
35250
87700
2216
18464
61628
28376
75052
880
27686
66458
55354
40358
52270
37816
57000
59486
93652
50088
58274
7504
1020
35628
5732
19830
6372
52012
22496
2626
40542
67104
88176
37358
34710
10218
73072
55494
25992
44206
62470
66824
81952
69000
97586
80790
8906
57468
43506
23712
17020
2518
58032
74096
65010
66194
48078
70392
97994
43992
24626
93042
35282
29068
36556
91020
37794
87114
81700
23964
48806
70298
24942
67916
38224
58494
46966
17212
85538
99762
37836
24652
32122
586
26854
83116
68390
55730
63066
68058
32032
97384
64644
15890
79390
82168
95366
14604
55208
86750
41218
72590
18752
15746
37176
66388
36882
76918
41000
47254
93360
95030
96648
75286
83422
42040
49560
49174
89900
54494
55782
47074
41872
66590
82906
36552
75392
21018
68492
56994
55110
97810
34578
1422
3934
3936
76986
18
90948
22976
33896
63508
39438
48088
79980
24694
11946
80186
70940
64246
32060
23564
21632
89668
32890
73632
38010
56844
7164
52224
24074
80204
26746
90858
66692
32466
6392
87530
18012
90584
86484
17552
43646
38678
71516
24198
67570
36826
87860
38578
41304
78008
7582
95028
32838
57310
71464
84398
13216
68050
78208
79920
74276
18126
2866
12462
45104
92230
43020
28046
69918
19304
7650
74316
51766
52616
95540
23112
7568
462
2724
54332
32532
23578
75668
93132
3194
12932
13196
11658
57010
10984
71994
20318
51810
67716
9658
46004
92138
6120
5728
41490
62726
97908
87864
89058
12840
97422
91054
69404
55776
6986
18772
91476
70796
3150
55066
65902
55568
964
91040
91826
59230
90844
69424
88238
9140
76884
19358
58186
53574
3948
66384
26934
75576
51612
66720
16972
74816
50914
92880
70622
28994
83602
5580
24822
7856
49216
99960
47078
8052
77158
33682
22908
58160
29908
27892
85658
56260
13134
98064
59594
3474
87954
53814
89760
11226
54946
1418
5076
2184
81352
15234
75662
29576
31972
86826
60012
90474
33536
1056
58940
63196
79346
72114
17730
84594
45640
25286
21226
61740
3138
97312
19568
19468
91056
83878
43986
28696
21320
51398
92824
22040
40090
87234
75362
70322
79610
89868
30638
29350
83218
23286
75630
82784
98126
13774
72558
43668
44034
83628
28378
27862
62142
31706
8894
16700
7740
63914
35770
25070
45824
52716
18644
87472
45544
34554
60260
99640
64366
43736
10148
39714
93488
48018
56296
38866
84366
65084
57076
27128
18726
26816
88468
91366
39768
41534
14844
55570
14034
52964
89300
92586
55438
41248
56614
15972
31086
958
16144
20466
95082
5530
88192
55848
89148
50214
38748
34772
50494
99512
31694
59052
2394
29850
838
30040
38992
69758
96692
24650
61746
74994
67622
45328
85690
21066
75582
99320
14754
94664
29416
13144
84870
6972
50896
52408
90010
77360
22106
74108
75576
80498
47326
38956
46740
60854
59624
1578
16480
93138
76660
85268
11496
43984
61128
47126
75848
35810
8476
53148
86320
56944
3970
92898
26968
12904
40270
8514
30038
1936
25842
62150
80858
90778
60234
1894
62888
3490
54758
15864
29796
43144
91636
54164
96284
56930
15246
35146
39340
78270
35978
79370
52356
46214
53398
19440
26076
17524
28936
96988
61866
48334
33036
12074
99624
46416
66746
89484
5368
13558
44488
20476
89372
17950
19616
31676
42656
44658
95158
6376
60046
60074
38674
73724
97350
75682
97142
96512
28814
72816
31578
34810
30022
58142
97366
60996
1568
13680
5978
55772
24266
80934
3708
65734
34326
79080
94984
40930
86294
96486
73510
58384
57026
26986
60486
33128
22186
56606
37642
85150
32596
96560
11106
91892
22110
26008
75120
42288
86044
84542
24144
93440
81262
53342
71160
65880
24304
19238
3694
93234
6286
21358
38208
33718
13380
7742
15636
86426
39900
43276
80800
10970
93708
12840
58168
56252
50302
81624
37640
65394
13100
9232
59780
63590
10512
59098
11510
4786
81954
22118
8950
8684
23304
23470
67288
14920
9678
20328
70234
24986
85814
41378
42236
7858
76150
85326
84786
46760
19346
88222
2476
57788
91562
27336
20890
312
67052
5052
21728
98526
37818
82058
97376
51968
43646
26582
54328
71018
65702
50838
45954
28284
40176
39638
45086
74170
91970
78214
82660
17208
38332
85406
97204
22572
64298
24386
67436
7772
18960
98132
95376
17914
14370
39274
68918
64458
52176
57128
52642
64608
8350
20542
81234
78950
53316
59078
77830
86678
24052
12894
18308
75188
83638
74452
87556
64192
74196
32300
49118
65112
37422
53904
38574
25890
41572
31060
84346
84414
92924
48478
42110
42722
77520
49362
22722
79666
79632
67670
30204
89672
20222
94868
37864
1856
74338
1830
47640
96290
66754
81230
5438
15962
98028
95668
85344
59812
7442
55882
24806
5380
49542
57456
10784
31058
21468
48860
3284
35200
81338
79884
29650
15682
40366
13392
95450
55860
17034
46668
20626
27190
28660
14886
39076
89476
42332
37644
34272
25008
34864
68236
22978
53628
23574
67644
544
10272
41474
93576
44742
98786
32704
23856
89268
33720
92300
19062
69176
8268
20296
65992
94462
97862
38718
17752
83610
75192
50582
68444
48854
9320
54382
7070
13254
14038
31522
12040
19244
68434
73650
73438
20554
47942
76300
62092
71358
90470
29870
40814
53066
85610
83278
78968
7516
69848
64602
8816
4070
68620
4578
14490
66184
20482
64970
34454
41856
31678
73536
73094
68112
53626
3916
16056
25364
44314
77210
38870
49168
13770
43624
82896
15860
51034
52046
54958
14922
67384
47162
61076
63194
19306
12486
80502
78878
14168
13464
12194
1194
28806
81186
82892
4366
43396
55004
55466
20890
83244
97490
47586
43208
37766
7060
18868
8382
62168
74104
51414
19598
69228
17752
69358
60130
128
13312
36396
99044
66444
1960
42662
31346
47020
52714
37518
92650
39404
46190
99618
99534
5366
36848
96022
42228
72126
12226
81726
37774
76226
82682
83526
3890
45022
6388
54578
65380
87474
91736
93218
48206
78508
61864
77268
56890
96252
34906
25600
470
68490
62570
58966
56300
31432
76504
56748
85578
37818
20352
56594
69378
34082
8044
67376
42092
67132
71168
42134
75540
37828
50034
84624
91872
98384
9910
4460
65716
44294
72758
93054
15262
8898
23128
91252
95238
37672
79446
88282
94992
42244
65882
90406
45360
95348
35432
39142
1938
21452
68478
4600
69574
36610
60350
27268
53350
12630
54038
15694
65634
70886
70722
9572
39638
82604
58638
33948
3300
95056
92104
76808
54248
46836
86938
49676
71262
61488
7812
93020
18260
16964
65154
43374
27986
88052
7902
4754
79004
46264
97594
15410
93242
79836
87828
85672
41094
16862
20784
46958
23276
49500
50912
93694
26766
99978
31776
67890
85862
51784
31428
45122
47366
36366
86116
58860
23406
17818
64036
11582
95050
28882
43076
77652
54768
1470
48004
75028
69864
16588
93366
90352
13926
51176
44278
95968
40844
88588
95766
96606
1514
18352
80316
40490
37854
89346
74758
20154
52908
99450
68630
72604
44590
57134
77580
3846
36580
49590
59674
35380
13142
62116
8604
35998
10044
67432
3142
49232
4966
94410
44036
31602
47234
85204
23132
63124
41806
75954
31132
50086
58304
16518
34994
89800
3402
16062
9452
26874
86028
94284
42402
53312
27288
17234
87478
59098
60242
52576
91066
51302
45560
57496
43362
9262
48598
4546
66484
72002
38832
35562
87360
22936
20960
79770
56190
28444
1594
1370
2112
15944
8246
71514
54376
36848
2568
52080
22742
22052
43854
55774
40674
18832
97726
33114
16524
27412
58698
13184
53002
18774
63526
36440
28744
3132
17918
26064
55920
55472
34096
97308
64198
64512
36676
29324
45036
90080
41338
46552
90310
238
92730
67066
474
5664
74258
17146
4736
840
40810
66808
82276
68830
98170
10790
91484
79606
71520
66500
28568
56656
1754
20460
88520
56580
68268
56638
30358
28942
94006
36656
41838
74674
55178
48632
82434
43920
1662
70250
81864
77924
76266
89382
15078
90246
14378
88130
8440
49468
64436
54176
68320
69502
57806
31402
8154
46630
81536
496
89982
96444
24840
14644
31380
63618
21488
87374
84084
80516
56890
94440
64376
67068
66158
70840
94250
61292
31430
69828
24292
48770
60140
68220
29160
93674
744
98956
66346
58286
60528
55798
50518
27364
91578
21622
21932
73136
37542
580
45186
3456
61088
83392
81672
63060
70892
31684
18788
43854
57922
88534
95696
59782
77504
20220
56026
11954
89662
99070
17298
20428
73158
4232
7136
27558
38120
88556
79598
89010
50558
83530
8398
15736
33454
76480
60134
44270
33538
99584
91856
57528
39010
46606
71952
56790
46698
26040
93848
31380
91754
61476
75624
64846
34136
25022
59840
32754
74154
36640
29710
25374
38634
91356
43484
70282
52054
13544
38570
85848
95492
33470
50472
32124
26918
49836
49702
70988
38356
67660
91608
13500
52956
9798
91182
16820
32074
80292
24126
90992
71086
54280
57198
25424
16674
12754
2086
91940
40462
52278
63896
27698
12740
40500
80706
9018
13526
21440
81370
21304
45042
33918
8886
99362
46144
49754
23050
31194
90664
11082
8232
20356
59380
71158
13216
61536
49762
69646
82764
47562
45480
82322
73490
79234
97488
64148
15568
18202
60386
8064
93660
75342
88666
68742
99344
95014
18470
12258
26840
83408
74
64140
58768
77940
37182
64368
83582
80238
9230
52604
91058
55348
43084
80808
18906
88148
12882
87318
42462
97604
86778
39744
53020
82086
79394
65550
34514
93404
32952
43378
70954
5140
28556
95116
40148
47852
89642
32606
66858
91188
124
43302
19972
22710
50476
82648
81670
5776
4620
10730
71772
52524
73922
94888
45780
56590
3094
27646
73192
62022
96060
25524
52746
50416
34834
12344
87306
54700
67034
76776
91088
45214
70188
79610
47718
83670
15968
64480
98230
70944
73336
89060
33864
24612
70458
51760
6922
43378
77786
20010
74140
9908
77314
5820
3178
64784
76922
53084
32432
84482
99220
53482
6250
23194
95766
11496
43458
30060
96460
29660
76954
18780
12804
51454
95128
16342
86754
44164
5008
51948
34988
22792
88980
4478
54838
33508
46030
47880
15236
84910
87154
10866
73566
69770
52790
18208
14668
72788
2034
65174
91374
70820
960
53886
77140
51076
91808
400
99252
24082
33378
31460
97916
64840
23008
11262
65870
64676
62366
57040
96768
27452
8978
47972
59690
58982
3000
22258
93394
53812
9284
85336
17848
60854
81338
78698
140
44432
67090
37502
3676
84630
58548
56172
84706
50184
77898
60308
57976
84224
21834
31744
4792
80682
61132
31280
28670
4536
15022
99802
31284
37254
31326
34352
29686
99210
65848
19682
92952
34906
16948
57770
48028
75186
17930
38114
46128
66288
83574
56030
37858
69466
15748
96022
17492
43826
55812
25272
68792
70652
26706
80404
84882
54884
68144
43808
76320
24222
55304
13322
66520
60170
43418
2524
32620
62800
11636
21732
19600
51406
27476
67352
24496
9158
8888
67166
60710
66630
43552
52436
34226
44346
41578
4036
21818
65764
11422
18474
8988
90518
34594
33088
99226
27228
67944
61124
57910
89310
63172
78290
5272
85072
43104
54468
65694
81354
95626
45384
38432
56372
11438
19836
90338
90632
31372
54294
3202
98092
41732
32882
16454
41878
61462
37126
81856
3190
17648
91160
64042
97450
48426
34014
81472
44062
66862
5684
31358
35684
16602
80972
24254
26922
36664
41476
34894
56138
89796
36340
20094
4648
88972
9832
26168
96462
4592
94966
91910
81690
11188
2526
37690
77510
37716
98950
1478
68532
85068
40394
1556
44388
71512
95150
72926
91356
11700
45598
81268
89396
51500
77890
54588
68662
2368
97228
41856
99880
78808
22756
71648
1228
30628
19874
56636
34802
77870
22514
13516
53218
74
16056
57286
55436
94730
45472
80858
35250
66152
10910
37276
32456
10162
43374
29468
38410
2076
62032
38790
85616
64556
85478
88498
7110
45804
61226
25396
29622
17252
39558
80790
82316
12286
92784
51308
67744
7250
79944
85586
12970
37984
43546
95572
42842
42320
62222
79478
67478
83538
74948
75646
2226
41782
11622
24824
61944
30248
4490
76662
51002
20886
53918
46720
28558
96390
22622
93322
26006
26814
77736
48658
83584
46824
78234
31526
4382
14070
12104
29904
75814
64340
24574
35362
12200
69228
88566
92740
20392
86618
58476
16310
44818
93494
30776
8512
53152
80206
88066
1242
73050
8872
66594
25068
40984
78174
99608
49722
48388
46102
66604
14552
61400
95754
8628
59502
38668
36312
45102
38730
52324
23896
88938
17320
14128
12764
7990
46030
70178
94664
56746
32508
90142
1332
31758
69162
43454
27336
33544
7266
76328
26048
49258
30382
402
58004
38184
38284
96530
28198
98134
99980
43438
41518
45694
51384
41290
99756
88780
9196
32462
36086
5938
72306
16170
1990
55962
79082
29480
66330
60344
50738
40710
85470
40932
39274
11668
62876
74110
34842
98288
9742
13028
98370
71856
26110
77678
16450
50442
96916
70956
59772
10730
23722
24758
13618
29716
52670
40362
87532
47056
28224
38702
49880
92576
54538
56814
23246
47430
30860
81304
35624
6224
97904
45344
42136
32682
16832
17866
26840
27240
50458
83548
89280
43210
99622
87744
43914
34526
59486
64566
14638
14022
77680
16622
78708
7254
22178
19576
18616
62460
34598
3114
77162
22388
50346
86312
98820
54012
28342
31122
67116
41166
62498
18616
25888
67944
77976
91494
35442
48278
71496
4812
19722
58272
35624
49712
40110
6482
4750
22332
44082
15814
38364
53152
94480
27332
4992
9100
83418
71540
2496
34374
37580
49836
77618
57604
11262
70828
27284
32710
99016
18024
60190
28206
66898
3230
64050
96076
58070
25374
96526
82166
91032
63724
75682
58826
65298
76484
93580
42856
90210
42940
1450
79344
90022
29996
64508
67764
22588
89618
458
46410
43008
91902
14770
46012
24232
30216
9758
58342
54464
99614
1222
16488
148
98110
49114
7508
27614
21468
58310
85610
27888
75962
37848
10548
61414
19152
38258
78094
61360
57510
48556
61484
14942
57088
19130
63708
95416
7998
15774
33382
15930
96042
30366
24576
71140
43104
52538
37202
58070
61018
94586
11082
4318
55950
61290
53590
67940
98602
66448
11830
29106
42932
64078
3038
20128
93444
26342
16694
30754
15360
25562
62616
80130
39872
94968
40186
4540
91472
72462
96912
81052
41688
15130
71220
65272
66604
47312
29936
50254
79826
24556
56184
3128
13348
73958
59420
23820
19460
51912
74618
27278
97146
19922
76608
1050
84988
18598
35860
30772
21746
54848
96334
3788
45204
56638
52608
65854
5128
38234
13964
21174
16832
40398
17942
3220
30856
44406
21290
75838
41866
626
92714
26498
24490
18026
39732
31690
97700
73048
55098
84434
54198
28440
2362
10254
27138
83096
52290
78166
38174
65316
49236
67844
67954
33302
31774
52764
12738
23136
13106
91086
26412
26266
73040
5508
27220
49624
89356
55218
96128
89938
32490
66742
88532
5184
75454
62230
92092
68464
50238
78770
26676
98972
68366
63262
99094
91798
69402
91446
42004
81210
20050
97982
94192
21470
66862
93564
76588
53320
66416
39592
15344
85166
90172
51468
72458
65900
8764
30516
16546
4474
26176
7988
40372
77380
51374
78078
44350
6464
58178
224
91892
57682
62162
84706
14336
37264
86134
32238
19414
4044
51292
50476
10762
76964
73452
3094
50138
5632
23330
20508
47650
29010
79862
89876
7394
48002
4240
682
36760
98032
42886
72444
66250
49340
40078
79188
96104
10062
68706
1896
16422
53110
61958
25432
83140
36172
19502
35034
88668
21690
48666
4966
92386
84598
15358
58496
57308
32272
31034
96932
43858
91280
98572
1042
36480
42310
48292
8866
83022
73652
63370
2932
79086
2622
26870
89020
2586
7500
13558
35960
65068
22628
26246
66886
55324
24310
29872
77986
16662
73082
44098
80636
78058
96200
8852
92176
51130
53168
36380
38216
37794
30736
20890
5686
25054
82422
93378
56374
77594
33534
48062
77736
8272
45318
25780
75210
94168
83014
1300
73506
22402
61932
29890
97848
38056
52928
63788
59006
13972
36254
79086
7840
99368
11404
30938
81066
50200
132
27674
92540
55774
97638
73522
49288
50594
87948
80290
18464
81044
82210
82980
93362
58484
49292
2048
93962
66262
60970
53124
72064
87778
23662
18920
77164
85704
25328
94590
65262
90754
79306
51650
93950
44054
9476
32676
16154
8176
32906
18056
6838
98248
56114
16792
36056
60318
71700
58644
69598
89650
44448
82210
36204
11526
89110
54950
83496
14752
93436
83564
23870
22974
92388
9152
15864
60960
72888
59524
85944
66434
76736
53556
35094
33580
994
7076
29694
33952
18854
43024
35390
5926
86376
43044
16408
59566
69976
51480
38128
92492
59080
77204
70632
35012
9134
42278
62976
11994
8082
7844
84362
59834
29648
43160
31494
46732
18336
58470
67782
34376
92644
10638
24586
67578
93032
99212
98682
72620
20730
8626
29734
63946
41818
59174
72338
87214
33894
98180
94720
84220
25076
40082
52522
2168
19376
84922
4618
51086
19832
8124
99378
41356
81690
53600
25660
53146
89920
27476
44968
76816
98
53306
65248
50254
91638
51668
56064
68202
5580
24116
89802
77984
66986
16108
18630
41292
14960
77942
44806
12578
68598
38676
25516
34002
24970
60158
14980
86480
65262
49256
55902
47206
18202
82336
362
17988
89746
32130
45088
12262
38488
40336
82988
79792
16094
7058
78724
63848
31156
12036
7370
524
82944
58534
82824
54194
13110
81404
6856
41946
4606
25100
19636
51714
70510
84148
93838
55814
90960
99412
8098
23592
48138
11134
18766
52744
1506
5568
58870
81728
46776
95008
24088
29162
64588
12622
44322
98798
90562
35420
76306
41566
18146
68144
15018
36504
90878
5156
26092
44298
41270
17120
59980
87380
94130
41064
12464
44964
95502
36648
13372
12104
81320
67514
24554
52500
2810
86344
47996
52432
68832
86610
98390
60626
61602
14554
64608
36946
37588
63910
2372
63318
62220
14014
15784
9894
45864
70866
92722
82512
65350
19562
64894
62816
53658
96286
98874
84000
78454
85082
70636
64668
10896
44982
91930
33308
55082
71366
93162
12610
72506
95674
72604
4028
27426
51074
70556
53884
4698
82592
42066
74694
92278
63020
59762
22732
98488
52256
59636
26984
49980
28664
96390
16570
25300
96488
20142
39236
97806
4124
30608
38694
85006
11292
23710
79050
4106
30918
76874
49342
50752
82290
82872
26542
81102
23610
64698
26230
22966
29998
93850
56322
21148
39176
33580
47146
83890
92494
48982
54424
10744
19402
32390
66352
20138
75826
9300
69630
54024
55000
15438
78054
2972
57098
76696
73380
93532
99138
81032
69258
95176
28436
43014
96152
83924
45902
2940
10140
99818
44024
91388
22260
9616
34690
38720
12370
90426
82976
96216
34478
9318
60404
46432
6528
41728
58358
54952
32378
8766
94042
34782
37594
63060
19648
33752
16370
15844
89544
93120
46838
81006
14292
97970
18432
87008
12350
49706
68266
24542
18560
53578
28552
26804
55860
7264
86620
12528
65036
28412
8088
93618
35358
70944
92998
46644
77288
47392
2520
63590
8778
43024
12208
94960
95856
92168
68774
11096
84862
27420
12580
77064
21378
8156
9622
20410
29050
6308
66506
6670
39172
46796
2048
62738
29668
38760
99850
84310
17882
47370
59246
28776
88880
63796
57958
63620
75360
44730
1876
47334
65204
6644
88510
65298
9468
8242
17440
98074
54930
51102
51270
25224
87524
90160
28854
65036
74394
7512
31078
48700
88940
50666
69260
47976
8444
85446
82688
68174
81420
47126
81156
34248
90800
18048
24690
97254
7322
26842
15786
84610
31384
40042
41504
89840
97478
90334
77084
73328
25568
71656
17078
54848
7030
85926
81366
19374
25738
65616
26396
27328
10136
89492
87854
15890
23792
77070
80516
85680
29126
12462
86944
73964
72982
32054
58228
47392
87946
12924
8818
78010
88020
35930
23482
39308
26132
71598
82222
78528
52482
34734
82810
27678
53160
86552
99278
17638
67798
47954
46464
34542
97162
62836
40680
86040
67144
22240
2564
98114
35032
51706
57372
47116
88646
824
34548
64006
28566
24818
17462
4390
49276
3130
74894
18750
37798
18266
47404
39670
12204
69760
97158
49414
69804
54324
46844
30442
69310
52166
72624
5660
74156
76456
5940
60676
99586
65626
27886
52150
6494
82970
4062
54466
3308
29566
9746
840
44716
99518
79570
11188
16010
23032
9656
5218
33642
57130
91550
60442
76660
9708
91766
51786
42868
95594
6510
93204
67678
94140
9122
23114
52420
8782
13088
40184
64026
81610
92154
80416
56212
50940
35068
52392
39566
76852
3882
82120
12816
85530
98780
2752
77228
78440
93320
31314
82218
94854
91032
30582
12680
67626
67180
22010
9250
63836
65610
93668
35844
29344
1564
98536
44986
33368
24906
71846
92628
1212
6446
10528
45908
71404
19680
59872
5860
18718
75174
97260
53150
62868
38250
14972
86390
36242
18708
20030
41422
64446
32086
61946
80716
1478
25746
43916
93446
33496
3580
91800
79974
22162
19800
99856
18882
81752
50354
42290
58012
42852
83912
51170
62014
58936
90710
32586
32416
72454
17358
30826
81228
36992
28290
91448
75600
70286
62138
2752
54448
68518
38818
32144
34776
96136
90260
88346
20746
98366
77986
38742
11164
55166
51910
52536
91872
79090
64684
32954
50332
75974
65794
21958
13880
87944
80030
4342
96154
91628
56484
60810
86240
47212
33030
87030
88976
84588
59222
36208
86362
38748
69890
10096
25762
9210
14858
86582
3612
87718
26192
9400
84346
61754
25142
22740
67396
63586
36114
22442
83612
42080
63994
71180
56644
90864
18360
23332
67748
77244
21098
92966
68858
22504
5240
7110
32302
10654
9788
8266
50892
50618
10110
426
40278
70202
99670
59250
96094
92394
2208
58974
32888
22366
57194
98728
39166
12000
41446
87384
51668
69454
45900
98394
39006
42180
21272
86592
63880
86460
30102
3502
1078
55176
58662
45482
51336
91870
32632
56136
50902
70364
48382
77822
52682
69946
72648
71796
40292
46246
95992
34528
36922
1356
16692
9324
36756
58444
25804
87652
2124
50980
47424
39360
27358
71616
35950
51248
17256
58290
92454
54006
60182
15880
9988
41834
2626
23624
92248
19514
24418
6432
15056
28162
75580
70508
77716
27704
23056
15712
6130
87166
61948
33990
73074
43276
91214
93162
82450
25298
65428
1250
1722
92150
39668
70512
98438
75696
86872
56582
7496
81808
18190
1520
74162
18372
97912
40250
88242
58206
95596
10950
27526
4346
70246
96532
11894
24946
46266
98368
92060
49790
28730
2966
92954
67006
70448
47772
82536
536
47214
82862
30888
91348
88192
25316
93204
63740
27384
64708
98586
53620
23974
71082
68294
57758
72098
25392
36254
44332
69262
90290
36748
55870
31108
67200
72152
32370
67348
64952
24676
56764
89780
15112
26756
80126
2970
10958
37684
5750
80216
88002
96562
18798
62808
45942
45514
80414
36762
62106
7062
34298
62194
31608
27844
5984
65726
84464
63352
28520
25374
46292
19590
77402
89860
22306
9388
39376
6776
86984
36728
43320
38794
92600
42286
59098
50414
49970
62996
81404
14634
48674
77604
9246
66460
23354
18970
1930
8920
88238
16436
59604
39148
2190
99410
22570
24370
80454
58690
48624
69358
72210
70472
36968
16472
29844
56582
14278
8204
74764
94336
17086
2614
42950
3680
31748
81470
93290
94442
5616
68078
19074
74728
48580
35048
30068
83832
23020
55026
12094
7242
79760
89292
17438
41260
96476
65940
52526
5388
66666
4500
44068
77418
87544
40326
94884
39006
7838
34804
46652
39254
6824
23798
52160
23530
15704
30618
39830
37066
53602
24118
18490
4638
38
99792
98074
50686
79032
82742
47540
14718
50636
1028
11972
80866
60574
43990
74792
81672
21228
91154
8896
58920
96068
1302
8152
80580
78392
38232
42230
73754
95392
10226
99002
23608
64342
51146
26690
1022
72276
67546
43088
5740
17762
94312
79732
45930
94122
63854
94526
31030
69250
23102
80156
32454
25120
65970
50632
60474
48656
46960
1260
24456
43538
54838
6410
60378
21508
63278
87402
39384
69230
64222
92818
77756
64384
28478
71120
61066
55750
69252
25256
5146
96956
70266
15370
50754
70806
45842
24378
85670
65334
63338
26356
21292
6900
64414
39988
66864
5894
27474
94802
30088
86450
33746
85110
62450
44944
76426
61738
97188
78970
74250
68102
9600
35906
62578
31622
66968
68660
45404
1592
63174
9382
6358
77050
18212
31288
41066
10584
44386
83756
92172
54942
51256
66802
81158
93602
90194
73356
80516
95190
42788
93834
60276
76188
59210
28744
33520
25436
94640
21800
7326
83090
81774
20996
80540
71994
10588
48308
11552
38402
87936
70040
15952
62714
1742
96164
90450
60788
58118
15544
46354
97344
3680
47600
39866
36680
71594
96478
54576
69130
61990
92084
81304
31736
86764
19866
98992
18188
10232
97404
61682
56898
33560
65216
50246
2426
69766
54872
54152
45400
88438
90118
77830
13268
42752
40886
18626
25354
11434
1770
52204
68278
63158
27144
65986
49158
69276
31478
5820
61340
36248
348
86660
52594
50998
12506
5998
69494
52568
90520
1344
36946
73004
93482
19826
97080
34622
53774
56866
5926
364
11056
39250
42316
43078
95978
9776
11616
46220
3978
40410
84952
5698
60124
90952
54222
25598
84712
12294
46938
51962
91702
43870
72672
71812
86880
2284
60050
25862
73614
57174
24946
33394
29098
73090
3436
42842
85628
50850
71256
27332
2734
47340
54126
21074
47074
72506
50298
72106
33986
22482
92592
87970
31536
95858
61740
5666
72248
20904
44112
22852
74350
67016
50280
55614
33302
29832
5012
65124
97596
9920
88520
90786
53298
80744
87584
29422
19636
71520
61936
67202
9304
47382
51612
72012
64062
2548
79348
75078
54134
6076
80142
42120
47676
18062
51020
90686
66652
9694
21176
22038
22930
61464
84718
91900
40876
2360
94308
39290
27328
41076
80468
63014
27406
51042
24860
59028
73698
17236
7976
10680
84014
22892
3310
14370
32616
65208
26696
69588
36454
10928
41774
32906
34118
94450
91988
58796
15450
42484
2376
12194
66058
76810
47626
87014
15802
42466
1008
81456
46182
27758
14854
8678
82584
43782
5840
14228
86694
71238
81682
11068
74570
56286
12322
21168
54892
7898
87816
28924
33512
55098
41330
2352
61862
45710
98156
36918
28960
23784
67790
5830
34424
20934
42188
1892
84974
83320
15052
51208
77734
17526
21272
71534
47704
73858
50332
35414
63832
30072
71456
13426
60280
37142
77818
74904
78128
62618
16578
84392
6484
61006
39830
2092
32198
89084
92954
10858
43716
94796
53558
22174
90658
1446
49994
3212
90012
95210
41092
520
86438
44336
20306
8418
10996
9448
72738
85936
96466
97730
85346
52204
31052
37010
11836
81082
86760
11328
20534
90036
18406
79236
84120
14410
4792
72014
57202
52834
77442
25100
9200
23842
37568
29168
48746
81470
31548
73292
64308
82786
98926
73522
25620
7170
6152
73930
17164
61440
86278
80354
51896
59440
52524
9042
85866
44010
35424
83844
49938
76976
23590
52820
97882
25798
990
69256
17674
69848
52016
85146
90648
92680
23414
46900
3194
35854
59378
64568
86654
49024
74806
82760
67162
86840
99070
3402
27028
42008
44694
55218
90230
94280
68688
70108
814
98822
91258
27610
76422
86850
28570
82142
44346
30654
81912
46126
21726
57134
24918
96816
13852
79096
83624
69192
68864
19834
18166
77862
4720
58828
8478
68310
916
930
29122
36752
86190
24016
96410
40246
26438
34256
98002
41720
46556
53474
57362
27240
47952
840
17692
3650
68114
47536
3196
24356
10734
78248
29944
21282
24112
65476
19558
9256
45606
71922
81732
13802
36270
5732
62810
70592
24044
53128
46970
11822
15728
50722
66900
75396
67628
49924
14142
26864
91070
84198
93042
92948
50964
78404
51760
86524
53424
14050
1480
94904
51072
62912
40660
81654
70626
72358
21578
1396
56728
69724
75964
43122
11232
47600
20766
88164
80198
11276
84770
15952
97858
72
75508
50400
18356
45072
52096
30828
83796
55964
27274
86316
79268
45296
17238
58422
89042
73512
60982
72532
95700
54640
80820
2468
60986
20680
17986
79116
1558
26352
82376
25040
85168
23210
84166
40872
30190
58670
72574
66704
17390
68292
83086
95368
22032
72610
72104
88618
57396
50760
12608
29552
91006
90174
65494
83966
17086
69968
93508
97464
53912
59346
12066
31468
90780
74854
73618
18678
13994
23326
55702
53940
87320
8684
57502
85348
33162
48126
63674
40238
37008
29294
72562
25554
17324
75472
87982
54346
40486
22700
85230
14454
91456
16102
40172
41940
77552
95328
76208
33460
4888
64868
68650
50006
30534
35566
37168
47700
12812
3200
5576
81098
59548
86990
75318
90322
53684
43452
47314
74702
86594
12178
55692
81600
44484
62840
30292
78482
21432
87732
27450
85348
73166
69086
79858
93252
552
66540
95362
50300
33142
27880
6468
49500
93440
42656
75760
3586
77066
68376
62740
87028
19698
4404
12096
93878
83946
65602
72558
84554
63652
44454
50070
39704
43920
10476
81766
87612
9268
99308
70430
99100
33776
21944
85404
17682
21934
67686
33614
79018
80300
52168
30530
58716
86662
81738
17578
16444
62504
61288
20274
37066
99106
43004
578
36428
72910
8136
59570
79840
86160
98032
33504
10222
66346
16146
48012
41674
69576
55210
26958
94970
44454
19348
21598
37704
17110
76568
3932
1822
21994
33718
21452
84610
69286
83484
66640
70376
24672
8912
36902
50282
33040
96138
48346
68952
64098
22842
51436
4302
12376
19208
17980
73402
96448
92454
72642
63586
82338
81522
65378
35382
72380
72786
38218
62034
16312
93640
59056
53762
21910
39702
88422
65848
28230
75338
4814
70910
82490
62178
41952
87868
20526
40598
88342
75098
2752
7038
66796
18154
2170
55348
59498
24508
60712
9702
55878
8614
68432
13938
5944
22822
49640
37164
32290
25642
68768
16542
10520
74336
47092
86154
55078
30274
66370
22792
24830
15520
48020
36828
17898
5900
94592
48496
22428
49696
28572
51272
82298
64108
71340
34834
99278
94014
16146
35388
52890
64160
89758
1114
56876
92078
76090
1142
60944
42698
85306
35490
71218
37686
57896
13942
80586
88536
91714
63030
68528
74962
67348
16806
22140
90046
38242
45464
51290
28354
48772
71534
598
27180
5746
69546
56232
20382
40644
46716
19332
33524
96624
15618
28628
99154
22494
53660
18590
74834
72972
47250
56240
66360
17226
84204
92678
22738
78074
80240
18988
52552
32038
93798
66332
64072
74104
82388
43566
4842
78922
1784
86612
65880
95018
24248
18100
90658
74836
22094
52100
62854
74326
83140
28716
69158
55438
35230
22374
49654
84904
1612
53084
82678
69396
4960
18192
77592
48888
97360
59778
87832
93576
32402
31194
56754
41706
90596
55042
38672
67268
12660
27610
30894
98316
86240
97244
71872
1128
29050
14306
22286
81390
46332
96332
17210
63208
87204
2854
790
55364
90262
5728
86124
34304
81802
1914
51226
72522
40916
11594
98102
94910
95518
43034
26496
55520
34774
97544
13410
29822
86400
7118
20732
76176
18198
88978
37844
12474
28588
15748
3736
67990
79374
17794
52402
74732
56514
7364
70228
56936
9996
62274
78262
9530
97982
85064
62328
87388
89006
82212
32648
71304
94748
96774
5892
40242
39932
44376
1676
81314
99144
986
9704
23656
64876
82750
80964
62324
38990
38974
42870
83178
16156
39368
54944
24018
98184
26770
5388
84676
10882
32420
61896
66012
39300
97172
58298
38040
1176
10796
53942
76984
31210
5066
71504
34976
30216
33538
62824
97038
78660
37360
36620
49404
11462
78926
83108
61118
80142
21074
43830
43684
43850
75110
33908
62048
39020
71262
65382
5286
31584
33278
92866
39196
61234
15280
63052
91942
60622
8420
96406
93900
25026
43612
40226
14778
18184
40450
67920
44528
34500
33840
88012
93538
32770
45762
99276
72808
86434
69574
30006
13566
41656
87112
75042
69450
60434
99488
12044
34612
39144
34422
4680
4470
68304
21348
92286
11702
84960
20392
13244
32828
69722
39654
92088
164
42064
37456
68510
7852
98856
29648
77352
44828
72398
80158
28176
78344
48004
30610
58002
65544
92744
25162
17400
31862
30138
27178
8708
97622
9834
40628
62766
47318
46824
59796
85272
94128
35812
4840
44272
50656
25472
45850
91412
76702
71202
42798
84294
9234
47604
48580
96842
88832
35550
24442
89030
588
5728
33536
62348
31178
36504
91090
18436
88568
97844
48504
99018
81966
22568
46720
36066
6034
17728
80414
80162
89200
31388
52880
87524
27138
64644
48912
30804
31398
28074
69678
60758
9636
30580
41028
38222
79138
6556
46168
30008
96028
50706
5506
35776
57102
32258
53366
62362
66004
23306
99468
76374
23210
65316
26452
12854
21152
93146
33980
62082
50922
35498
74354
83872
43706
10190
93018
54796
32250
35458
92706
71402
80686
42350
65554
5348
47136
28492
27518
10710
42726
89504
59752
23682
64610
39150
93348
31992
25912
4044
79786
5948
4904
38720
5568
98166
24240
20552
25230
93200
8248
340
74788
3544
66412
52444
49284
40230
69510
89094
52322
37314
46312
85102
46962
33772
76138
46306
92546
13290
23622
75518
1164
45688
51038
41136
94186
20904
3916
39606
59746
70790
93554
8878
19078
63028
11052
33520
10590
7828
37112
47996
80034
62736
96338
68412
14690
25860
96352
47296
81206
24758
31984
15686
81472
89700
46400
24838
49494
70316
26866
26884
68078
95978
3336
94358
28494
37598
88722
39456
89628
30538
23274
72574
27498
55076
78932
22804
24830
38940
2698
19808
19578
56864
45050
70062
39780
41842
30558
72166
81310
84638
36884
87794
26506
23084
14584
7168
98240
16506
87500
71692
31388
59222
76224
61372
90738
44326
9206
15940
59668
92650
72596
6366
47644
68734
14742
1720
80456
64442
75164
38522
48784
55224
78148
66176
39898
38226
14250
31918
49006
55516
32766
35888
77362
25710
2782
25876
57466
9468
55038
64804
71108
46640
4526
6952
6270
95774
91512
12920
29520
48712
17746
39066
33326
52374
8404
16274
82008
63760
22844
30686
44918
94134
88006
18372
59534
68270
94758
35142
13660
63872
47344
56432
68130
35364
30940
7258
31598
2680
63822
66020
54408
87518
77744
44892
5390
85918
75448
82008
13236
56044
10198
91096
36668
82184
43052
18592
64624
56392
27632
86772
4362
47556
62968
89174
83982
74696
53652
35678
98240
63594
12678
55060
6596
64068
8628
81288
73740
83218
96990
83316
422
26338
74862
66272
16710
8474
82904
78796
88712
5652
75464
9870
50260
14232
7542
41336
56066
96050
77978
32248
10476
85492
66038
91912
26624
8314
1866
56
38482
66818
88352
89588
98290
92302
57330
9632
12706
86654
26510
54106
60418
66400
54040
35612
45598
17198
75170
13484
88320
48888
66862
44642
68994
66820
19036
31532
95422
88680
76264
65788
44866
89556
78044
35662
37084
6896
34496
58074
34440
48414
18928
10688
32072
10534
20700
57456
44604
1716
51652
65664
94470
29372
89344
26006
47462
79380
98206
28234
72524
23932
54406
79408
13054
27604
91240
11490
35794
43910
5584
37312
53764
18948
88482
65594
77652
90928
48964
13532
94394
95700
37472
78582
29500
12026
65462
29498
86186
87920
76002
64330
20464
66584
84632
54526
73734
92920
12482
82884
99370
50694
67076
76454
40758
92720
53950
37452
87314
30260
67070
99884
26506
50434
3220
18158
52818
69494
14196
49222
11870
5726
98290
15126
17912
88144
58190
39294
32234
53754
27034
75756
34230
69916
27970
99154
72186
15822
70264
6206
52112
97506
35598
47014
73786
95372
46810
23286
10286
48940
53312
34002
40950
95516
24260
17080
67536
31300
2352
35246
25464
3246
65398
47726
60942
79542
79840
77966
41782
72614
72240
69308
30226
49218
27530
5190
49008
54592
65014
99646
51756
64448
48708
98054
22906
24872
28470
60528
11826
42934
72430
52976
59884
36760
30530
19368
53400
4926
57000
12866
7012
64074
84598
83490
44966
88676
70604
92956
10262
12526
30152
37866
66648
5466
50022
45908
14022
70966
74110
70754
43494
65500
67888
22884
72664
66072
89888
70442
37002
87498
96598
26752
73146
8360
71628
35876
68932
30744
46874
60436
61060
2232
24550
81718
230
85380
16092
89662
64268
79176
59532
74920
71250
87148
11726
38642
28154
56130
43114
28840
11140
72368
9898
76194
14706
23986
89322
83140
66006
82252
7830
15012
11982
10380
9870
71698
87492
65506
48
60238
83584
94076
66594
55620
22244
75876
37196
87442
46752
86206
60304
76960
974
3292
31258
29990
67290
5048
74246
91574
3954
92466
50220
29388
82854
84172
39292
26042
53002
90268
28306
4630
20786
11720
55496
35000
12170
45960
44258
35108
5034
97758
69094
49278
19216
55508
92246
75932
58856
8710
73172
47682
62502
79810
97050
18534
69596
23764
44608
46970
8278
54976
86784
12276
90956
29360
53310
69584
70224
13226
3950
75058
61692
48618
96800
1204
27022
9272
79328
97742
13234
73212
3400
29826
92864
23540
2184
754
2338
35504
98254
55546
85132
84260
92920
64126
74538
87782
75496
27842
58098
72690
64880
99018
65246
19782
22678
5320
61860
79782
51000
53434
68162
19266
99196
25698
92854
56672
76784
83118
3202
6166
96100
688
24474
36102
95136
63286
8806
11810
77004
59506
46852
96552
43528
58304
77328
95984
80150
89682
38104
77946
24014
696
24134
66618
52318
63226
4026
7162
91868
62426
15330
84706
12958
69916
17492
99290
55318
10096
2238
13454
38632
8646
53316
79052
57974
92754
14850
32870
50336
16148
13182
92042
59856
18656
33984
33258
11812
19032
24344
51590
39970
70500
51980
64470
518
23068
65710
49424
82774
7080
21190
11720
24480
6318
35436
29582
44636
61218
92236
32178
99060
59022
29322
54304
67898
7180
76684
54808
76396
75142
61824
88368
63262
24908
15366
35092
23956
53020
98540
70508
21220
80240
55822
70722
84452
35014
61024
82368
77308
74028
59542
71096
10074
57900
40290
88950
52002
81062
45002
55158
28628
964
79276
60290
9868
62852
28484
76218
2842
14400
9942
40480
47752
97096
62666
12192
92666
24896
81814
10636
95954
13044
48160
74476
93062
82710
48364
9474
43182
64428
49666
12956
78858
24786
59264
19888
66210
36312
97562
5580
23962
42556
27682
93638
18424
79212
45042
91284
332
57662
38666
68328
84932
10318
3222
99140
45794
18422
61758
6316
39770
10558
57474
53410
70506
95742
52878
84770
76374
34158
97768
56534
40120
8356
89632
90710
74860
1218
99980
50844
83002
57024
16466
60910
17184
52322
2534
22036
6530
31122
40506
48808
58992
2780
73122
4920
55044
78388
76860
39292
43956
93206
27450
17932
11116
34050
86058
19776
93644
59948
70490
38286
88418
44076
79278
91388
45422
14700
51792
35050
19278
33578
38680
6724
74566
13020
67824
32252
57620
74934
88106
9130
98186
45878
88088
9898
11558
38290
43836
66356
43894
46082
43356
36802
70268
13530
12596
90798
47396
73696
37190
37388
96522
74414
74448
31346
17612
31340
19648
39550
5756
40060
13940
22698
67866
38900
68008
71664
20000
62474
64352
87962
96962
83272
59400
96102
360
4166
71466
17762
10202
80268
63032
90980
75848
75210
97170
96408
74398
66184
94992
64514
66080
26406
9264
92872
91428
9788
46470
14686
3230
92760
26282
17144
50102
7648
35210
79104
34474
6920
77428
71694
59178
84224
65182
13730
23558
48646
77834
9492
42362
51862
15774
87256
76394
62598
66708
31542
12474
1724
64694
56894
48876
68368
6494
85284
84320
98552
72412
99574
7528
22036
81674
9178
94950
93056
3264
22436
14804
64946
25362
32922
49554
69486
83302
53462
96552
8500
58826
66092
57378
79724
63186
1716
30030
56336
44610
42030
10856
95576
65338
55358
50572
27338
26386
4474
23222
20494
31862
21014
45956
77816
6792
73832
65518
61468
73658
10244
98792
80212
96570
21466
65034
35886
18966
26240
51078
29900
35918
18026
6972
46448
55966
71386
69582
86586
23192
87436
57144
53270
88060
99276
3426
38476
68916
70200
16288
92902
48296
37016
41660
71672
24572
22336
85482
67522
9568
88840
45288
29656
27782
38192
36374
55706
82588
16834
60176
7128
70012
77874
88702
48776
53948
68170
40198
53112
83716
53996
55886
72692
1102
47572
79824
79590
56864
9412
95362
30340
66718
19704
83870
81022
2604
61630
60630
95002
31890
7190
30358
63536
31962
88540
25714
53910
23252
89692
12044
57074
20118
26536
66188
51574
21942
61562
93784
71830
43582
28482
75508
58728
39342
85862
60358
99466
38694
93412
96040
2992
73790
31934
19040
10076
87500
49974
46496
80624
79092
3128
28726
63978
95280
6656
11346
23680
40646
1204
914
7926
22398
84760
62660
23722
29502
60504
76138
6286
69240
14810
14794
12644
25940
81520
44366
6188
33234
7004
6766
76310
56820
98224
60756
27232
96430
30086
70768
29238
3898
79844
90848
51708
22760
96156
81792
854
45760
59720
54866
20378
10808
58728
83436
5138
31852
61560
85250
68950
42972
22264
68190
48320
42820
35880
74668
37474
55198
87916
94530
56488
65316
96314
29664
56238
62714
4798
10970
66170
1452
92906
3214
10558
59366
12732
36302
50548
34644
80220
1966
64348
79072
57726
98246
78726
55214
76264
76706
18656
89054
11280
83368
37380
68864
91524
71198
92704
11668
9546
776
3870
26608
16478
20616
10458
77662
64232
90718
94566
86954
38850
73332
53372
13178
21360
12042
43896
62672
88748
75868
80344
99880
79302
51718
43016
15476
43646
6798
35338
58250
17080
60652
95336
79854
44096
75652
35792
22604
89604
49282
30806
75444
36498
48802
74016
10036
34860
21028
28056
14332
7530
14372
79082
48460
992
65646
65472
13636
1424
20344
68710
3438
982
9406
68944
53646
71314
75114
65552
59662
8130
52134
88014
53834
19120
64794
59676
96712
89060
89624
90684
812
45484
67234
23666
18988
61706
580
4290
60970
31542
55484
86754
73300
74614
18278
77154
95060
2484
65620
1338
1424
8064
17182
89420
17580
86906
51300
55268
4180
73106
84346
68260
37560
10920
13612
47698
87692
99782
7746
34276
22000
85122
32580
28688
97084
29706
57310
35372
19466
97456
37804
5246
93742
51944
77932
14040
92180
66078
85610
10276
98714
94868
64362
74422
61860
83032
8218
15134
92814
4910
62244
88828
49980
65786
42696
59834
75642
71466
53658
41478
63880
42396
30068
23926
72958
48326
830
32968
79204
39834
14448
32114
71576
81254
93568
15352
60608
24462
8464
68098
18364
83658
47028
13842
10174
10766
20574
54788
54014
73540
68744
81416
35046
35086
66872
17112
12214
78950
39908
39624
82058
81660
13962
66744
40446
58342
68080
72930
72234
87398
13214
80534
7806
89078
74664
45538
81216
6970
83344
39792
82906
75804
70552
29662
60146
26262
87198
49290
99678
58680
54240
26468
27106
9956
21878
72058
2752
55340
22340
18718
42762
696
5556
95646
95022
87196
1546
78274
72654
85534
83964
49052
14248
24850
1820
94224
84346
77438
15250
36764
26140
49144
63938
6274
39240
29972
61718
47858
68356
8876
90588
17138
32286
99038
60696
64262
19906
41286
26488
53778
37648
44582
85178
33558
36414
63098
82886
17256
7116
47502
41748
99708
77688
11946
60468
26490
76912
49412
88700
44614
88584
90190
19222
6572
76128
78878
45140
24596
74002
85932
60042
29674
3082
62638
13906
57906
72188
63196
19522
59660
4170
49712
25482
27912
44060
47198
39204
86524
64608
63406
97890
97254
60908
81172
37466
66134
85232
89220
1956
39142
14876
84250
99566
2106
13676
68188
18736
16818
29254
47106
9630
51092
89682
43348
7394
88492
86582
56968
46178
90256
41106
32776
66194
29364
87348
48438
84366
21982
12440
51640
45032
62880
37118
14130
79970
43440
76698
21390
47412
88218
69244
12830
88408
66590
53098
91150
38922
48240
84880
7702
83982
18170
87276
56522
56446
83588
84792
27964
64620
42986
24786
86480
17610
85362
97826
11478
69360
64398
68186
32884
12832
81016
50204
40856
92832
30532
80282
7692
49966
94188
21148
43018
9682
17958
74370
97168
64318
28782
19716
90992
84898
81478
33326
66184
56822
71696
84550
29246
30736
99986
97156
5156
51074
60866
85578
30250
67690
65154
66956
85352
42970
72130
32864
51872
77310
27050
78926
61458
41208
82098
94632
72520
91212
39660
8598
89688
51624
70274
95238
44726
24264
75174
60766
11278
99448
70902
89924
70472
50790
21304
30462
60300
56416
65646
34814
50880
19832
98308
53036
40766
93334
86998
63248
2352
13512
72632
82808
90492
91784
93218
52184
95388
9856
98342
76774
10490
96540
66028
74118
16606
58142
83414
92100
33866
22656
4254
23152
70738
93018
79082
26938
94366
91060
34496
12726
14542
8864
11632
66800
86652
28854
94034
12960
50584
46030
83116
11050
86488
99720
10818
27322
84150
41566
36136
48072
11810
29190
36736
19746
81324
10554
27170
10972
63400
50746
51666
32730
93894
14094
56628
41300
298
30550
32504
25010
20628
19570
98160
83764
36340
59658
78828
91506
81316
95486
99916
94174
92926
38146
38344
5874
79524
17178
79394
5598
23358
35418
44122
89282
52582
61830
106
40804
4522
72146
77258
21994
2742
57832
46126
85592
48090
66672
32478
35218
78040
91148
67452
89282
30646
3118
12436
94720
42510
75956
25654
54842
43316
32908
71496
71072
34582
91532
20318
63872
20142
18610
51712
72648
8176
79704
49282
31530
85280
76460
2004
86384
40194
1650
73164
19840
4828
79870
84780
60614
18046
33944
5408
36638
17164
67808
74088
13922
28406
27994
3880
11224
71300
79398
97438
64360
69588
73014
41636
78986
20742
19662
65116
10906
51254
61042
64210
7638
84958
66748
93034
42890
64346
69388
58858
89170
73572
51904
28042
49604
96574
87852
4360
74046
90366
13004
56026
60280
17662
14702
36444
85322
32820
19116
72138
55326
51758
12918
81318
28202
37546
502
28150
31606
54488
94190
90852
16600
56910
64320
41066
35082
78882
88346
21376
54774
30054
16484
45314
11572
24418
22800
48940
24818
29994
39094
62284
45406
71708
37662
40588
85640
72652
86982
49954
80258
73258
91248
2288
36010
57796
72452
37182
73228
87466
98152
29874
32204
44168
16792
73620
24554
68914
72200
4146
9700
93244
30176
92116
13328
84656
52706
42656
70696
62286
62080
76202
81088
28460
80490
48020
65892
34022
66242
61232
46800
57268
35526
11280
59290
46270
33822
85486
15866
11962
29464
57462
39592
61150
80954
75086
17292
8000
21140
77388
52526
42934
78818
89600
60356
46122
64222
43554
34480
80578
90884
90244
3130
83566
55910
56300
26354
52400
6260
41594
57010
34600
58530
88116
6950
23412
95844
63906
35638
8412
9242
65846
73596
30528
14930
56696
93508
41164
5120
8292
67866
66868
17338
78410
44292
62660
86610
36750
20002
81926
59572
43004
77868
24388
99684
24376
80694
54820
62388
12898
47768
99794
30150
90258
54292
50134
28688
87460
13630
12372
3160
53270
60818
29878
83920
79478
14452
3992
19238
52732
92614
82418
48478
98408
7876
63390
87622
73108
33860
36884
53052
48062
10036
44482
50680
96058
38092
29012
67894
4262
89386
66110
62058
96348
42874
79582
79482
95126
45254
94706
57376
75012
50404
18810
92148
32268
78624
75498
31212
80536
78018
25548
63548
43590
73694
99110
98640
4962
27848
49544
77382
99052
38676
48954
17580
58862
71138
55018
83528
56932
17032
68780
57976
86796
9272
28638
13110
64364
65390
82450
90100
43186
68472
67052
98966
54482
30532
69388
55422
25412
5802
52316
31690
34522
66134
86604
12218
8640
26706
47710
14916
29688
13130
30556
50556
77312
86178
43950
99448
3548
9854
54002
22412
1558
75798
68444
79248
13810
80092
61914
67020
69502
82006
69762
86682
50150
75748
38164
32756
19168
6538
28650
34174
7084
49040
93556
12240
97100
37276
93988
24028
63726
77830
42796
76650
86458
99120
95080
9392
43840
93890
63420
95696
3522
19918
69306
14388
35644
29586
9208
32210
28940
35070
42374
72068
12058
96750
65000
92198
24248
59840
60324
532
68084
50588
17582
10460
79846
75830
52504
93046
63292
90672
39772
26758
65306
49550
6314
92414
24830
59780
17904
38962
71062
95260
94322
6942
47838
62864
15506
13994
87418
68580
60076
4588
10810
94998
27942
85886
95816
90082
20764
72202
59334
22386
48270
44406
26578
48490
83414
70042
93076
9750
73630
40056
56766
20318
45138
13598
31948
39658
80234
86378
43528
51554
86236
72896
45336
77284
21016
15348
38150
99316
83284
33544
63064
44716
78454
24844
56806
48852
8044
86684
21502
69062
56416
52508
2454
25674
62920
14474
84324
58824
13102
56838
26708
19206
9718
3614
630
44028
84954
53212
34370
2156
51134
30270
97212
61822
36718
32096
15536
68430
64442
64336
61262
73878
51690
52820
81836
16380
79812
22458
43214
44388
93834
55616
31002
92414
2038
11422
79686
87630
49718
574
99108
7568
9778
90122
22612
99314
53760
36814
12748
68348
8860
73988
8820
79390
9552
46746
27842
52548
59860
63916
20454
62062
36366
82356
76758
39450
81210
17926
52964
71326
47196
31694
13584
24832
19846
95528
85134
18650
83522
68380
80842
35274
51120
69014
49950
6568
42400
12946
75802
64636
36332
70978
79400
30570
59906
81884
89352
27212
4264
86884
54554
96580
88594
82368
42588
62356
35340
13482
77836
40990
44516
62692
13706
38082
13020
69896
13156
23834
76416
58666
11486
59808
5134
80720
10374
77042
63668
96852
47680
72906
72760
28940
47830
95334
60074
27878
55002
94310
86284
81320
70836
63692
96786
59638
19000
65316
28138
42816
49386
52424
7102
99328
42032
4062
69178
82620
40898
43838
47524
11240
41986
65808
22162
21718
74902
22374
49838
39818
66620
62308
51170
37728
50898
53780
98
99436
58166
22474
63632
98672
28178
63262
61348
5954
45966
51044
56550
18166
26562
77928
15826
53384
87390
81354
28136
70210
62654
51908
6628
34148
79476
37552
78826
96754
84370
91546
69422
79552
36894
90660
38758
86956
81702
16602
75326
94160
85892
9544
63360
79412
51296
17772
39312
69556
50992
95634
73966
61630
51144
20886
76344
31468
70310
83988
55058
57426
97672
51834
5044
89962
23862
19396
79608
68948
11408
29792
77684
71440
31742
47722
31936
71758
66974
10700
84548
37246
19048
95958
55328
82474
15216
13846
7594
43746
57768
71572
24212
80044
94002
79394
26548
75938
71142
38520
84054
67742
44628
60122
78192
36122
59372
5440
17156
74084
6180
7182
94398
88036
53060
93860
33606
68684
84986
85098
21512
94886
18090
86830
32602
6496
68410
65142
28522
52130
57176
92338
19472
38880
45406
90104
50128
84098
37846
15162
22242
96738
36716
20204
8650
47056
9250
35502
14226
7134
41568
31734
38572
40698
40666
98854
13256
40262
86856
46918
27440
78300
62672
45536
52910
99252
36822
58548
25206
19008
88098
47680
93958
50040
66780
61426
65494
53554
74286
90862
22920
67758
3326
66982
75354
58644
3120
6032
60908
12446
19332
1958
9236
23038
98130
60492
66798
87872
76664
35654
49206
64878
72700
74104
51324
69480
22886
20200
29680
95642
22210
52830
95860
10200
81100
34670
48380
60090
3250
68890
97980
97000
42348
76076
27224
73184
75600
82976
68162
95698
14702
39492
70692
47132
31726
89508
40170
33074
40068
41648
33930
60760
47450
44538
80002
30510
30746
25154
99454
13366
66292
86118
20826
60604
76732
89578
43916
95476
20358
99378
75490
11040
10450
50350
92958
32564
53956
12706
72806
1510
19392
73140
4250
99648
62412
13930
33388
38158
51162
16322
62242
6844
70832
87538
6736
97192
64192
15786
6040
96666
99556
96374
13524
69034
57988
40462
18960
84374
72420
82316
28086
14246
27534
76538
25564
26522
54118
38392
19858
64366
84404
10362
57092
4630
58754
2968
75370
49102
70706
54864
89012
44198
18892
89686
29664
67430
19626
9058
82160
64144
53642
91096
91262
33338
76818
43716
10998
56716
22870
12596
21534
61764
94966
98062
49158
67494
29652
23224
78550
97350
17722
75238
26300
13790
73888
90496
69730
38646
60252
90184
72988
65272
37816
47164
5154
568
46266
80144
44092
4732
49338
23004
10592
73394
89982
97470
89754
90838
30266
18308
1442
70618
42376
36236
86838
96640
43374
76536
66062
85846
57594
14782
47982
68990
73112
95500
13056
11136
90866
81080
28048
69580
40928
13756
95122
42156
76576
22748
42140
5716
34426
7162
11702
47498
97976
47980
37208
58792
85176
55504
3286
47882
34714
24426
86828
5860
48828
76150
88308
53058
68026
13724
42182
16908
80312
71300
99152
86018
54358
51354
95940
99704
68172
20232
86712
78134
91900
2900
95806
66160
61970
55738
19808
21310
78028
6912
98832
95768
42744
77714
41198
10952
8532
69854
37262
640
3002
10974
18378
42208
93858
41240
2
53390
35840
26190
27898
27006
82906
16048
37956
94444
72106
14290
12832
69746
92788
91184
34354
56804
3696
5340
43918
41710
40052
15642
69438
95584
13700
52000
12948
21928
47938
334
53848
66512
75144
40524
75636
92722
95718
52886
46600
86826
45610
49192
17510
51996
83468
45314
3512
39042
2272
67744
36572
18926
90274
31040
5252
15430
83200
42540
23530
50500
58632
54562
14486
58214
43296
34900
71614
51938
45252
71012
93618
8014
59864
69066
67072
61000
69176
25954
31964
94746
89222
70930
3972
70480
45888
68512
43094
62220
46582
32394
65942
3906
61136
22508
36824
9682
4040
6530
61854
34226
35126
37008
54874
93772
73770
47834
77976
85200
91894
1844
4662
76944
46248
37566
11602
68336
60748
66116
84884
78502
97266
4502
49188
21856
46512
2478
51202
39716
1242
13496
36976
36922
66818
87684
70310
41468
17696
86406
94254
67016
78520
52608
1496
12474
81364
43614
55656
39962
69862
9994
69888
79098
66494
84068
43374
84302
91704
42164
31424
47518
21372
72674
16566
35198
13194
12638
48992
27290
78380
88344
88552
71260
39628
60966
65044
55972
84322
75066
58326
67518
24724
12226
96942
79610
71872
2328
11432
26808
94524
75674
29666
54876
68504
30520
8250
27912
11886
95272
60778
67394
27600
17140
87362
48546
88266
1170
42868
36398
89740
15762
23528
33116
19800
93360
80310
39398
21502
17748
88818
60814
69414
43680
5926
98766
61620
32820
59386
8486
24016
22452
36500
85054
35684
88376
88286
34834
22570
29542
14574
86466
59298
33328
51958
98804
72610
66050
23236
69240
22168
92704
35372
14984
74352
25346
24410
54670
42524
7548
37110
87058
85142
83710
4678
9906
34134
17394
15280
90054
3726
50136
30286
8740
17558
6536
69458
28704
60746
12690
26274
91176
39122
95598
56686
47414
31114
96306
38244
93782
78134
39000
87890
18184
93576
21238
97748
61096
37152
66018
96940
77452
70734
47786
22312
29864
49548
70698
58520
56588
98986
6734
53346
99746
86906
46838
9472
28246
13552
42070
78664
99006
59248
37416
33810
99230
92644
6212
39852
64120
86536
87804
9678
62964
73034
61174
87034
11098
62316
37632
81194
56776
25300
82992
21508
84582
97086
86580
63148
23120
48176
6534
72688
55574
31160
69776
46254
81760
62176
25698
91618
33170
39312
51768
36412
67350
28858
63380
81556
56730
13712
76558
67028
71698
98358
75736
37172
61470
82840
76242
26244
27034
20726
354
1248
76812
60218
3696
75844
200
35440
46946
82420
26120
57364
43704
21028
35594
51372
48738
60426
1300
42156
98636
27758
60420
35798
44082
57364
36482
94644
44066
86374
5326
15254
25984
36656
68916
32324
63196
60170
20340
1396
598
69756
80714
58820
12426
82044
37708
87080
29230
88788
36536
138
79580
27266
99058
38768
88382
64328
94640
48038
25130
84968
97844
47830
84304
18246
95756
40514
33054
11200
65400
99852
84730
56334
50424
64496
76366
76778
17216
50780
24742
79836
1852
41616
38220
66078
31272
43334
1928
5850
65932
94586
1302
84990
85984
80726
34734
48296
95878
9432
69172
33216
87128
71672
89854
96948
57602
14180
68252
52890
86342
60158
93584
97112
68434
20202
57992
85754
60386
70686
78842
58042
15642
47434
52520
56342
63656
15840
35942
72998
1242
446
55842
17698
87486
96682
79030
38572
37624
808
98700
81772
34474
78526
31148
33246
76584
85558
98204
8806
88488
51662
58366
74020
17196
1314
36374
42494
53676
69310
42480
67022
75300
21318
56008
19008
7774
48208
95326
14844
54360
14226
25832
34556
34384
61746
2394
34488
40478
47268
63224
20730
8324
70328
18082
35948
69036
62714
72296
61056
21836
10752
52722
18458
18438
4674
32304
5132
5850
30870
87904
66850
68816
38
80856
87782
75736
13796
45264
58270
83262
3576
18486
81662
16004
68610
22546
91400
51932
87864
6900
16952
79216
59846
33030
67878
88674
91788
30098
652
47636
37784
97500
27432
27798
7646
30112
94782
13826
90580
59332
76512
73636
53430
61026
15798
72854
63776
57122
85902
50604
67132
59046
62778
61984
24108
85086
53994
92908
76362
84236
62964
59356
40790
17284
44082
57984
50222
38510
86872
17026
72322
39750
32204
39062
90724
25046
35660
87300
1856
60730
47282
61012
87854
67618
77900
16414
65986
65584
60866
45962
52710
11644
96998
32196
1250
19504
49316
60320
73576
29988
27258
45142
25016
91316
67550
58160
82676
89884
41210
18516
3150
48800
18616
19198
98206
95844
64438
47638
51056
66072
43700
7328
61852
2034
63224
83496
3844
81088
74348
45742
79272
27896
16718
58250
40412
51010
15652
36234
57778
32048
53828
8070
42642
17780
54900
68360
9658
94706
75208
68744
64266
98732
63698
42016
96074
76038
76082
3918
39106
47828
39618
90772
54882
11420
82708
64290
71412
32380
87824
11604
70534
67622
54446
88452
77510
91626
57718
26528
44586
37730
34986
68382
46706
12070
28764
87944
60384
81302
54696
82238
36864
27134
77620
60552
78056
3012
9830
43912
72688
6518
27108
71246
67994
58390
86342
67142
15362
37006
82024
32026
11948
7648
47372
33022
38508
86770
89868
76844
34460
28828
65110
56806
15386
9602
59342
35104
83426
92522
98802
73312
38824
29458
51244
20424
67246
22190
68910
31760
32046
56074
10382
73092
12104
30564
50304
60256
12746
4486
54198
94260
93392
46870
24054
40212
90182
91706
80712
82282
58636
4472
65376
63654
70134
49268
66130
71198
47620
83992
48384
10044
54060
39966
82644
31682
34024
52598
5812
44838
68198
49816
12228
19490
52398
45852
67844
50502
95266
7580
38360
72208
2456
69756
55096
75134
99760
26154
91480
42680
85610
12610
35910
71206
46566
5802
39788
65522
21372
41144
89380
78820
2338
56466
26936
84266
10790
12528
66956
97144
19164
36352
23334
21744
32490
3270
7366
36782
67834
52930
40624
43966
91808
12960
23750
65202
65018
80568
17752
51442
35658
91080
38018
51146
82730
85962
86928
71616
97646
35160
12376
72134
36170
73992
83774
93698
18022
80794
80942
68114
85850
69972
24076
16324
82368
75998
93060
36448
53554
86618
74938
37706
61384
62510
29986
64328
64946
89830
80606
29716
63734
66822
12792
75728
38254
64926
38308
48936
18136
73526
19008
94904
77454
67034
24332
14058
91834
5212
8592
69930
51798
23206
82060
64122
80964
55984
57960
60300
18222
53812
54886
97726
60846
15030
72908
33444
55980
30570
92632
45422
95272
24476
73974
25728
71200
88280
13368
29178
15396
16830
88116
68098
31470
79988
89924
84252
99824
88170
66556
36830
39740
53418
37872
50612
89992
6296
30286
39770
99596
62772
50798
34196
15834
98132
42360
61250
68474
32768
66790
76988
8970
77542
92874
79416
65046
66678
37516
80846
24710
11900
9300
92430
58550
69772
35770
48116
90800
9682
8808
68728
8822
11778
38850
42756
8952
60374
85038
61420
39542
41688
78696
18474
94016
50454
8604
31488
51692
67748
98912
89952
73330
39718
3286
83662
48728
60652
77656
77282
57980
10104
46878
19782
12928
56538
61164
50734
86366
82828
67022
27030
84130
26822
3822
516
29240
29182
77252
23030
35360
77166
68072
15732
68582
94388
89482
17352
90378
46154
37218
470
60078
40158
47644
54234
17976
21848
63314
21694
5058
99684
68888
83968
93442
81254
14236
86610
97582
99460
47350
89350
50624
87114
35644
93702
60482
12788
79716
60324
75232
96482
43202
56626
47138
57930
83138
1948
30002
34564
39114
13736
84230
27670
95292
61892
15242
34394
16830
70738
70672
52498
86536
45996
36312
36110
24642
82442
4916
35048
87064
52366
21378
80972
19472
90750
98840
17246
40368
91738
17904
18476
46422
85190
44204
24402
94000
29018
8534
48214
13172
99544
7684
82988
35458
56154
39256
29198
9396
61944
63860
10302
15268
6758
11766
65240
55230
50880
24354
40196
30238
8646
936
70142
81002
22884
4502
54590
79576
51076
71162
92618
65016
77924
26946
48254
9710
54806
57372
32526
48890
1582
34424
68420
51122
7128
12642
29598
2446
21190
88836
72596
23456
92030
63620
9144
29212
54234
36668
44322
94776
3116
10942
89264
28238
72210
76656
20518
82992
60212
72026
86296
1542
13914
76208
8500
20316
76134
31830
86360
47422
28686
15252
4786
98468
89368
84966
17184
9976
81370
98932
27386
62630
138
13816
70236
82824
23284
82998
68062
87888
67488
62452
95284
57726
50920
34212
43076
54730
91632
45354
82024
55090
40964
61340
65904
19128
76626
85908
44046
31518
61134
59532
84390
81378
69544
65182
90140
72290
83828
49586
6794
13410
60858
68936
14386
47462
93554
11436
36182
93666
59046
74054
53882
61464
89876
63984
74160
83076
94184
41790
86374
47732
80514
48938
91010
58498
14674
90180
3130
75282
30584
97092
72472
72478
37728
81264
47074
42290
29904
78414
25564
73262
88278
13656
84738
99406
36770
82430
18080
36680
22524
62398
96802
54670
50634
90576
47386
22848
50026
70124
15318
47412
86382
92682
80730
41304
63512
88160
38958
89710
97088
3856
66326
38444
92750
76566
54272
22976
77118
680
19718
32644
53092
43364
12496
94956
71020
75154
31420
64752
74388
3712
1546
99424
11516
41804
87674
24048
60534
62106
25244
22000
98614
15048
96516
73182
48184
98986
7956
12498
21920
52680
65586
41314
68582
28870
36054
34402
99074
6092
18908
64710
46486
87274
65004
31334
18564
57120
64024
42196
38154
15998
20238
10632
62470
17402
70320
814
74076
75156
67482
6296
74292
30668
73606
20052
74708
51478
65338
67648
84052
94986
11858
39850
30188
17550
54308
21104
51658
16912
56686
3196
48254
1640
93918
81300
29120
73060
21992
62918
26388
144
49868
48228
7062
34484
44372
16394
9228
42936
24188
91316
36220
59988
31012
10882
50386
75878
29092
116
51046
3314
17948
16166
50352
75096
73394
52252
6356
74208
20352
66574
19558
99552
89408
54836
42888
29500
84346
23960
798
59280
80670
24094
29648
47816
90620
24392
47420
64386
3120
77832
7420
51372
41650
77844
65870
89392
75248
81768
13718
98294
86662
44072
81836
6278
90066
72992
43172
67866
43080
69102
72250
12000
66968
55000
9034
13024
79612
38968
66670
42058
30236
23510
47678
70642
71194
34550
1542
1432
20346
8772
16636
24812
68868
80430
14478
19606
21384
53812
12180
67014
62770
99328
86952
20204
85622
50212
12664
91904
33448
22724
82438
84846
42714
69036
96988
20648
35086
54732
86794
364
12750
20190
72406
82024
80562
702
28032
81056
43478
36674
38168
88896
35078
80000
5188
80924
10040
8074
38284
92702
84318
19092
53410
57310
72396
6210
88364
43768
63990
46468
42190
21944
22698
37770
8686
53400
38842
67958
59484
61964
55774
18066
5726
38166
30602
76902
87942
70686
99814
37944
18596
79062
47760
29036
5288
21498
96724
23080
98932
98316
38044
70576
35460
12850
69818
56786
38444
29578
7582
91302
47512
90160
62972
49778
21184
43910
40074
37202
7730
30032
980
91454
64884
78382
84118
8982
47246
98930
58476
64796
19930
80740
15056
72670
30714
78314
18936
26242
78148
95876
78150
1820
65822
14976
68352
38902
93666
90896
38176
95386
21714
29336
64882
96226
60682
87052
37690
77036
33820
79052
7648
53308
71578
64612
96348
77828
88086
23968
62362
56942
70484
78412
31768
31748
50302
65390
96586
56018
39120
3746
4416
82708
39718
6498
66940
68200
4492
25464
35604
40966
17820
12840
45124
76438
11098
45916
15946
76608
63838
71228
63920
19056
13340
10362
54170
58756
69306
51572
13892
77538
40260
97538
37624
3034
37352
54608
14382
85720
28998
92542
44036
40308
80958
74140
83536
54410
69792
38146
10038
4044
13854
29800
33344
75462
57166
96182
35222
13864
40214
94154
84440
16180
70780
40472
75680
46444
3928
95974
13768
25802
30650
48012
83150
1400
27004
44412
50564
75806
75954
30942
19284
36082
30190
59158
44502
26714
20194
72980
4894
92450
32742
33696
66932
1644
72112
66084
8944
86184
6886
1566
87532
85602
58564
13310
80186
2702
4280
51268
37896
16946
24798
3142
96486
60848
14644
34802
50696
21268
19096
11774
51198
45688
83192
65370
40622
42556
35548
14634
9986
25778
17412
50780
93868
39798
89930
45494
33258
7306
6602
13804
55516
48998
52326
57480
5312
56592
54276
91264
64746
92086
32552
22138
76048
97084
65264
67014
94232
22688
54874
18826
27572
63796
73786
36500
75292
13372
18270
9492
74478
15962
9702
90382
57462
96332
20268
34874
81420
48642
83188
72126
34132
66114
16144
46700
58960
77520
65112
81586
68398
28738
43630
9230
20384
36414
93040
47740
89572
65474
85854
48008
72832
7560
76530
80128
95304
43060
72512
25616
64018
25408
17254
97416
402
6030
12170
82124
29976
4798
57950
57830
15102
50352
5090
64930
80014
54316
5960
57040
91258
67380
10988
46148
35308
40840
49774
59944
14892
53710
55236
77122
28074
92532
13144
9912
9712
55220
24452
90378
69172
38848
34464
32512
65170
56784
30112
11710
31116
62528
14538
31202
83654
96448
55284
69952
57790
6402
36016
54586
54976
49886
42146
73010
24656
89850
54922
95462
54010
3264
60280
71710
49250
55974
17442
26336
86024
82984
53802
95846
43142
12144
26696
24780
2460
9696
70920
48176
7350
26692
57304
98092
24904
27004
672
57726
34132
78302
97634
70470
89048
83096
95606
63766
71214
70752
83122
89502
83716
26872
56916
24550
47550
55732
1606
83748
88478
25896
59972
17982
66210
80986
22774
47762
34938
61540
64520
84490
84926
14066
91760
8416
94826
6844
7530
32156
46158
10110
36042
90844
83158
89168
7290
710
49736
30384
33752
15568
51168
41014
79454
30878
40092
61676
6800
44312
4362
95786
31948
73176
35136
90918
29882
53356
37472
51444
75096
58126
17534
12410
60116
60080
50306
90098
64830
9836
5624
64156
12534
78868
23966
33166
59888
92250
86834
86182
74158
70810
630
61832
61532
81640
64854
1930
86106
50212
59070
12066
54094
52418
4588
12654
94274
7940
36456
8946
43074
91852
81374
17408
23996
96588
4818
17788
30618
57358
95892
86888
84348
67824
23542
41522
38636
92248
97704
46006
25956
37120
28028
88852
22700
76794
35646
10748
3758
57938
78868
61808
738
63422
47482
43696
49748
18630
25950
84018
97182
18656
46296
6656
46588
53432
51910
72910
13352
44820
58510
15602
94038
18178
44702
54060
68650
57270
60926
74194
44502
19666
708
78422
31462
73310
50568
38980
64182
28828
20052
99400
41682
75262
59542
44236
94468
18108
13310
89000
24518
23404
33816
54930
41904
94150
41936
52394
88866
31276
48584
41038
76086
48102
81934
71854
76318
26390
84328
69198
12394
85172
14682
78560
4234
574
592
5390
97494
11960
62322
75444
43594
7384
41660
22460
91962
78578
5398
93336
95620
14002
73014
428
46960
81844
45188
22280
60144
89260
23650
65528
21324
88300
17856
85732
91596
61010
52020
51230
29456
59462
9766
26586
5880
50502
81370
838
62532
15196
6034
18004
90448
2840
13708
85702
38746
38920
69612
59138
64774
9678
62606
40398
73784
66462
45802
23958
85974
636
41712
52118
80708
26694
22792
82058
47800
47680
42880
19162
2428
57644
5696
24418
78880
70580
61246
52934
46088
3418
38526
95928
32626
27610
26062
61018
13478
80524
35200
76096
79610
34354
85646
93472
80860
3332
39840
15534
2806
17110
93736
20394
72632
34050
62778
9756
79876
86618
86414
5448
85680
75726
51598
34334
93466
45416
86608
67414
2308
62658
37532
29094
55958
46152
74048
27520
74554
46530
66490
60818
8292
67998
19588
40298
15340
75220
35218
43116
23072
50494
16558
97668
71868
30946
44064
68050
11442
54988
80908
79536
13094
22404
82310
19604
51118
4596
89038
60406
18236
77680
35788
41434
44682
62896
74922
47210
49360
76014
57148
15660
20446
94216
22980
42628
64280
30964
75702
26448
14724
4580
97598
29868
27768
62738
75460
16534
1614
58926
22498
30370
84680
73746
23506
48726
71780
58028
38450
55988
66306
82868
47334
27410
58776
39964
93416
81810
20384
39994
7934
90636
54778
69730
88164
19238
73792
11530
80826
12486
62598
95360
68752
16378
46854
13266
91836
94318
37092
20098
13486
70154
91606
19246
57590
74398
58156
96222
56600
89724
15446
64958
66914
16944
75256
23848
18424
26244
24920
39920
37100
81452
74138
2896
64794
20590
13070
67168
32648
51668
97252
81442
67016
84978
25068
62086
84454
43760
32830
34750
736
66568
65874
88308
76682
4966
51326
82878
74812
75756
30762
17008
35444
74152
84746
49420
66844
26114
69216
19212
51834
19920
28750
97674
32920
13870
59728
71774
93196
2348
43560
61508
54606
87922
5134
48070
86756
39018
41054
48190
80788
66172
41402
29528
44060
64596
42742
11514
70196
20878
78800
8914
29168
21064
14680
92326
44522
46874
24910
90464
38790
25518
76102
18566
47934
59738
94274
15416
91116
69758
53094
25572
35008
36098
94404
64428
52468
93822
54770
49246
96472
55172
3736
28608
91268
90018
61086
42990
55022
83658
48738
36762
19142
96486
41936
36796
75276
59386
44510
78330
61558
4950
77224
76794
10322
21780
29516
94184
5416
18222
9468
91276
13704
15974
24862
89436
9402
76842
94328
6612
15946
75166
67254
75296
46964
21146
86878
24934
70090
12666
8544
12750
42088
54406
76552
22106
80910
76762
50150
5748
9842
21528
8058
42672
91004
11968
54794
96792
66662
18838
15514
66736
82250
64074
58164
48816
11352
99310
87740
87218
55430
9246
22652
22632
34616
98180
39394
40740
72236
30590
36292
17558
80040
52232
60108
28296
47792
93842
2332
67040
73136
44824
65814
45218
90324
39426
83460
75192
62844
37990
86282
89730
63156
23104
18076
88108
89318
53880
3180
24402
4522
30242
55040
50248
75606
57114
20036
72666
22224
42978
51472
67408
18818
89980
87866
48898
82352
83696
15272
14632
45556
8168
20752
54740
35554
30178
60862
99184
55128
51482
77048
99460
59076
20978
7856
72530
80212
20450
19172
55468
35144
89536
38178
48826
17186
24526
80030
25456
22184
16496
96242
37436
29646
41838
20944
18120
7206
3356
95772
60658
94602
46522
82184
9438
54914
27682
51170
29686
66382
76740
67278
44602
97352
42066
58962
38080
88490
69888
2166
60512
67806
66322
6984
4150
74172
33076
10516
18072
3648
91382
94842
70972
18280
74660
80996
71532
24554
24298
13784
29724
90586
98160
8316
57632
40544
80672
55650
56392
12150
98546
99324
50976
51612
43258
43120
61668
59876
35672
56342
59704
77488
29792
74996
94806
42746
85504
76694
5810
63804
42074
75278
9884
34282
49582
94634
54214
83966
16870
85514
43306
5908
69780
61488
73348
88204
77624
8396
36218
74240
13968
74404
6134
31784
6754
16846
17468
66690
33636
59842
17700
16872
87168
69118
98522
87134
3422
29182
85846
63866
80806
49082
19424
33278
56592
55016
83520
82610
82700
79812
23786
46570
66562
84194
11058
92950
98344
60808
67388
75252
88566
87156
42702
88502
38174
65808
8924
22594
30160
55126
52194
56764
63436
53766
15482
13526
71814
93806
17036
202
55974
93562
11666
38956
6878
15132
6118
5682
69230
67410
76232
69654
82022
12642
94960
17814
7122
50022
31770
91064
23268
75850
49380
57542
87564
76394
52190
87108
32532
39916
92802
27794
65442
31694
91748
60150
6382
21224
50172
62288
75966
18640
45090
43470
16922
93428
92766
12412
11422
95692
53472
1218
80014
95680
88910
99466
47998
21138
71470
66802
94904
89776
44124
49540
85858
14446
71632
90048
9932
95192
89774
46022
60620
3832
3326
89162
1258
74952
2158
5094
29212
66934
16432
85580
39772
18128
90766
46944
95246
69224
70052
34912
69122
14736
432
98784
1828
85446
15600
86954
99822
34290
79882
7764
40602
77932
10572
91590
85348
54924
69344
8436
16072
29710
93206
92116
13804
72978
38332
48792
28056
87088
73548
44206
19578
97588
960
94698
66008
54980
76278
83366
90642
32248
1238
88558
83702
75656
88514
57790
40700
70344
11322
5332
4204
58546
48918
45252
93794
80700
28678
89312
91822
42638
24312
10368
55362
63838
13442
31080
76584
99554
50254
55262
44894
92090
75216
70200
63762
81638
82968
9582
49846
10770
57456
42356
97034
50528
6136
4404
45614
54846
94562
10802
25778
95926
74682
14012
532
95072
44780
8466
60880
36256
63624
71740
64306
46036
39854
41614
84054
88616
16570
13534
33098
97058
84096
21212
61596
48848
80996
63870
53270
18496
74974
66634
47766
31500
53570
99880
26360
8162
88958
28550
81662
54346
19668
96450
60274
37890
64048
15978
42954
46602
29424
8820
86318
20486
56596
28212
1040
89772
14410
79744
62450
77176
68442
49280
76094
88186
56332
23590
1436
67790
68392
60994
51626
64704
5456
67662
54984
40830
7096
34216
37372
54960
52432
84238
10622
48310
89522
1436
94006
72172
43878
21478
18506
12012
34640
87408
10594
49858
62188
80814
55472
84560
63878
49916
76834
60040
83144
13034
66570
33634
47466
34720
51994
69678
57270
11852
68406
82414
76174
43972
69170
23356
90552
94632
38888
73318
7126
94446
29626
83400
96556
53764
31964
46508
79418
90468
64156
73628
25446
98962
13108
31524
55490
71626
6584
63986
77338
23050
45090
74792
56646
14872
70046
17056
92320
88484
42020
98246
80372
55378
71700
22894
75572
1674
35698
87846
97308
76402
7212
58852
31622
66082
82476
22924
96214
47196
55266
14598
47742
72158
3792
2546
10062
93778
69316
97640
21660
99398
11688
5060
56576
14364
8488
92292
84426
24062
71034
91986
80710
59806
4384
53810
22068
61118
51564
28486
60430
47470
59342
70730
23740
87298
41982
2304
12076
87128
42668
86354
85730
25670
36708
40008
37268
29340
93936
68350
63170
66356
9330
66456
63024
53394
21212
29834
26942
22320
56792
10122
92878
38980
78286
8642
24386
10882
28246
85912
49798
29076
3798
64852
1092
89570
72714
87604
74304
42584
81130
62506
34762
26028
43344
26340
75440
86144
55188
92106
80728
62830
55760
25256
98432
74708
51818
95288
64018
82496
40038
71906
83738
15840
42804
95970
49576
77746
16222
26006
14004
66194
65796
85602
16424
3564
64936
55326
78502
46760
52430
78642
52706
79016
32768
1756
53958
2352
41618
18804
68242
86584
18958
80344
47090
5978
44554
96174
81800
63348
71794
98594
24044
56226
21224
10854
6394
82346
90188
39126
95284
64304
52456
3484
64778
38140
50534
54416
92298
73826
61918
27150
69290
74912
81176
59590
44702
13214
98208
87620
62974
54834
24696
64904
17638
41566
81560
12368
16964
41498
30890
27702
46466
98734
56418
35828
7094
14382
70208
9928
8300
15692
168
26058
11426
90188
87358
86400
31438
8022
64686
94126
77462
22380
66594
96232
74302
51486
6534
63302
28724
28026
56236
37236
48300
63288
75060
7608
9388
32270
95388
57326
22096
47164
23488
5508
1878
58518
19768
47752
1732
83826
81318
42008
42960
9594
7038
39990
17910
53610
15448
92572
36168
76440
53660
89538
17038
29462
88094
82646
5772
93674
82674
99794
79526
1452
51140
28810
41964
33844
67104
83972
71894
74012
32124
26852
88534
19976
27698
32568
21616
18140
81708
80352
83422
25514
47724
99620
8702
81382
48454
28800
31904
40694
76714
12780
22590
17784
32152
80454
10104
52382
29426
43922
89340
5142
27338
29610
60192
27170
98078
42186
41524
43244
92274
71274
32112
20472
65914
52008
80274
13008
78152
16012
89184
32386
35428
35572
71112
38912
68082
94220
49994
97800
25634
82828
78604
91284
71456
28512
3412
24246
25578
84184
26832
79724
8714
14576
67104
56872
35118
78868
6366
48990
74652
34634
31500
91228
78354
75324
65246
11952
49036
38778
47882
72430
5444
78682
24946
48502
92298
61842
6772
8774
35466
176
24470
88932
45580
65376
15846
30416
96332
5430
31186
84474
80990
1568
6228
41784
75382
83802
39542
37562
2792
58170
33184
18148
67988
33026
54396
70046
36810
35862
96880
42586
12246
48342
36140
28878
26360
69914
9244
90308
29126
95468
22062
91128
12720
51096
63162
26320
15034
3314
43306
3668
27480
51818
54874
27956
82624
42620
63628
64380
89992
51160
10436
12060
86544
46530
7648
62342
29942
32682
29422
62492
94588
19470
41214
3640
32002
21512
99222
86484
78298
64482
86208
5798
65958
60216
10522
17882
29768
64560
51638
86796
58366
85782
88682
55584
70570
17924
42552
26842
6300
54436
49574
5156
61614
34456
74902
9614
69944
35332
60892
97412
61392
19910
15396
81882
4182
11516
62922
95784
45106
7036
97278
75830
46156
48572
53792
27194
52788
69822
80296
90088
58216
50098
622
35836
13084
53818
57098
97748
70712
58062
49868
44032
33228
73018
48464
80950
73628
58946
14670
82548
22252
88606
82674
512
46930
77062
48228
90384
95172
26950
79430
35332
22118
90902
20700
3220
4612
83380
96108
92984
76674
96018
20532
74496
68752
11376
98632
28684
16606
30902
99160
19536
2274
6576
52784
51160
37338
88356
33698
99602
12730
27910
11482
74110
41628
59518
49266
78786
52344
57788
24016
25764
1410
70516
91722
8668
79652
7236
59384
47330
12304
69348
25024
5796
83778
41028
65618
50588
9148
93644
65626
93702
73978
68010
34072
11496
50372
81744
32544
55564
78216
31922
11142
72376
78378
88068
90352
20672
30440
46786
67784
32020
53020
90714
63580
67252
20668
91688
28972
78794
49218
35668
4926
73772
32052
58366
97726
2208
58694
38766
29782
8494
78886
9544
89918
44800
50276
28192
15946
1772
950
35508
63450
74758
41508
3158
18106
71070
55720
84692
54608
56210
74012
15358
5168
15702
39610
51148
28902
11380
7042
77194
74604
8174
39504
55900
92580
30828
80546
21752
76686
41810
8150
42472
70398
59242
70940
32322
79054
61282
25076
5432
50572
16512
65432
51088
17618
2
14874
2962
47302
624
10682
10604
35040
99668
85092
8254
77578
94100
70396
54450
97242
17196
87872
23012
99832
27874
66330
77988
19366
48926
26714
75154
10096
92924
15342
69406
86038
6732
73356
41724
86440
73924
95480
32478
20830
10988
58040
3058
38676
12404
86616
77552
16710
37612
37198
17304
66394
60872
97104
71126
29764
56322
20602
6548
42562
90370
63550
71834
25948
12556
62346
18200
80026
204
1746
67674
65748
37240
61906
44060
98958
59866
26106
23410
66726
44626
4394
12598
52582
68922
21800
3402
12520
55596
41764
58486
33760
89144
44284
49772
76944
96704
57770
23936
15630
33172
65090
76272
15492
57918
93748
95356
47904
2048
59620
38026
73226
64938
47938
61244
94316
69112
72280
90098
99202
96038
50388
546
27962
98850
62882
97676
8358
5234
67832
64180
46448
24550
67242
30456
28498
31162
10832
62198
37634
2420
84566
6600
21058
81684
36674
24654
9918
29344
37350
44438
93200
35216
59790
5230
8434
19556
61028
19836
63640
54498
52248
66822
86978
68150
87828
84492
64152
50020
58664
28006
96222
94550
63346
27268
30984
84422
82316
86656
65110
35536
62380
60566
59762
20968
8308
11394
30122
51388
37206
53960
162
34702
87266
82852
91326
93386
56446
14254
55036
73152
1010
94462
78410
36230
59372
30350
26434
59628
90746
91048
23522
33158
88686
62514
83780
52006
32302
47390
19670
58518
1540
54854
45994
56128
16838
15772
18998
73092
71720
36990
3940
59622
73548
41998
84794
70488
33210
98872
57382
15950
77472
68992
75824
60382
8192
18808
41916
6824
66616
91734
61476
29058
6514
89350
80958
37836
95224
69360
11488
23308
86216
72070
72078
13018
82762
41832
44920
85124
49402
12270
78368
34706
47702
44572
30558
70990
17896
17790
53250
29952
45306
41552
63248
47064
35486
38804
86152
53154
25156
9810
13522
42978
44800
14006
83546
62334
36124
20910
81974
7852
87122
18620
71158
18698
93972
8970
44796
41306
65100
32630
9886
8794
27980
11694
19118
49718
75728
40862
24742
76062
63790
58546
74762
24296
73980
20996
5266
23720
22048
94694
93582
69180
79138
48910
52056
69032
67684
7080
5668
82592
46744
79662
40578
23010
28160
28670
51404
28062
64404
10154
92738
45652
23484
35866
22524
19790
34632
58980
64180
15298
83298
68826
94696
82580
44980
73532
94004
71344
76010
46826
17180
55302
10592
50580
75562
79758
63560
82556
1290
45470
57326
82300
57532
31866
13674
88736
65210
81340
80516
51960
78828
14470
60288
53036
75888
31018
10518
62646
36068
20222
78164
44754
43486
11952
97522
74048
35102
65916
99266
6436
37402
74600
81092
86600
82724
93340
4218
99156
33394
6972
73958
6298
60260
53436
47016
17598
53650
20674
6264
3702
58184
40608
70398
8190
53784
10502
7084
87212
24786
85090
26702
84394
6134
80688
27428
81518
70148
45848
83504
95148
23618
37478
19322
34348
63330
83246
63962
84526
87072
78778
29280
37772
88394
87346
38642
58224
72018
96672
88348
30198
67422
44052
91906
45490
53272
46632
28364
99124
24862
60308
2198
72406
45628
36656
33926
92634
79094
52582
99054
45814
43276
25704
40358
58376
25968
64950
56550
32400
6264
18328
97984
89194
97210
57518
22312
17548
17608
41166
5696
15120
16686
87890
95662
98900
2966
19620
79932
32864
15688
490
15562
65762
31656
96580
28442
18092
58968
35504
74580
42040
338
12854
96402
8006
28934
83144
36300
49336
70406
73594
28616
13780
94672
43312
33836
43008
46804
14980
58672
12780
18356
78300
63364
71638
92844
15026
93586
7276
1912
2396
322
40198
16484
85746
2412
58296
61650
61300
79462
47258
51838
64538
17170
95356
9694
20006
96232
61340
22850
73230
65818
25900
20518
96228
92652
26430
35430
58984
91048
89058
60734
36408
96068
98436
43242
89284
85094
87270
30418
44684
8042
90184
42814
18130
3016
35850
2654
26564
40418
6668
34
44702
91818
55790
64078
9480
35378
75222
75230
65418
66454
37614
7420
14862
35208
88916
78260
90384
30888
41904
53592
76942
69130
96382
62398
80770
89816
66156
67634
79810
98436
18146
35658
34756
91452
79404
65428
57706
56060
29548
5528
64824
12192
4182
52036
58126
44768
35934
59334
43558
70794
95376
94976
45856
63956
7036
89822
91058
18204
13302
64240
65960
36140
34842
47132
8648
91366
92694
83884
75444
25840
47772
96200
89610
65854
60246
38390
63826
63436
34036
58564
22920
28108
95326
14552
53252
32280
94584
70684
79670
32110
21482
75554
77418
30582
44564
15532
58660
25372
52536
50304
21064
57962
43186
84430
69874
81132
8176
79722
300
80914
3258
87634
8282
72846
42056
19996
12948
90764
56330
99296
21394
52046
488
88402
93764
24716
49460
7074
53616
80330
18368
78440
86772
56582
9464
84316
16242
80160
55578
27968
30800
90894
46420
89324
78496
91882
802
76178
14514
38530
38464
99132
10214
86374
37200
53778
44228
20086
18578
37900
96114
89938
23284
43266
40756
30372
49666
87422
40626
71210
11484
50686
39556
65542
47042
91414
6240
19412
11984
7094
33738
97852
92258
1716
43964
9138
22120
14306
61544
11884
90578
53488
79882
45148
65472
30434
47514
55528
73906
94492
37790
1058
50240
29186
68350
87062
33366
19362
38726
56632
97970
19734
78350
4310
76850
81806
65844
14914
98652
23054
24988
22648
8126
58884
51754
42096
40100
63414
38448
68642
53782
80532
69052
63204
53922
95722
78136
37328
35458
48844
85544
41182
1226
82688
76228
37614
86796
49746
1550
75784
34698
99914
73128
40978
74284
28350
91118
14258
56508
21654
81514
8338
68636
85720
12232
91138
70668
49936
79576
28334
35672
2254
11208
61314
88300
73862
18442
6466
39728
41828
63848
17550
66582
41204
14674
20980
26496
67940
18118
86560
41626
13154
36952
97280
52164
31594
22948
22700
17044
4772
1396
89680
84606
62810
32280
20826
54274
82138
16676
46298
73044
88526
85028
79526
18070
69450
54122
23814
8834
26706
33714
14810
84264
7902
84014
68784
18184
19050
60708
37376
23050
34134
34766
37708
13290
72718
57236
74476
90060
78032
58852
58646
42124
18476
226
27782
15146
28944
73360
728
53150
10528
9232
83300
35232
26778
7144
63618
31828
88612
21604
23238
48010
80840
19030
48684
31120
29338
29344
73480
74182
94648
53252
17722
34678
95878
2264
28082
82916
12916
91706
25562
97262
51374
22872
14374
48164
25952
28508
1380
71684
25004
83498
31838
35080
70766
51306
79884
89452
75620
34060
99184
41460
64722
71356
64716
57570
64462
47948
15908
13970
23192
396
32956
93398
71360
79952
37284
99118
7516
76100
38524
10420
64342
25320
83852
36934
67308
25990
11708
77444
95638
25592
22478
85080
6882
44206
56220
93638
45700
72028
74966
86826
23962
40012
31426
36134
61062
95436
7114
52664
58914
90814
45556
5554
59774
6352
36382
7262
38960
19368
73336
47792
31378
46878
13804
3654
47260
64762
47062
86180
41608
43454
61548
30810
60608
98324
44926
78018
52714
24466
28198
18108
24616
27780
44736
34680
35020
90980
86260
74388
17702
44672
88464
57682
17556
72580
92894
11942
93634
9438
79224
54700
57308
8382
3400
5222
99402
49858
2962
738
51584
16602
98286
24268
6050
97186
52468
63432
62368
18428
24078
77778
91164
45760
11486
92782
94738
10786
20030
12444
48912
86336
30646
44242
83350
5300
83852
96138
2386
98836
19058
10934
22524
54998
82882
34530
14190
49338
27866
55692
68364
65992
45226
14748
68310
82524
18852
8562
21254
5620
62442
2226
5766
97956
63296
82568
66296
66992
30156
87622
26220
80770
80532
47946
74448
44638
7720
9530
15746
47974
93106
90222
17184
76958
23198
37750
82006
30496
98052
43312
98
7000
62858
93864
94170
43714
24258
93884
38938
77556
85046
7264
99148
96534
8048
86606
93838
5968
74060
86700
91340
56698
67856
3610
16202
83142
11518
60196
89932
56960
51328
50858
14688
82922
60420
21476
48358
82934
40886
9148
52926
30128
29814
15788
53092
36144
46888
89310
9900
44234
20360
75896
73884
65970
20218
15340
74436
63510
9880
17804
13242
60058
5772
5554
48540
97604
45536
13148
32204
76268
55620
64766
18766
89580
92698
91658
62130
84762
26122
71146
70784
2316
28650
80890
90560
39146
47468
85024
76718
37058
38222
92016
7986
13238
37364
11408
46848
222
87472
1778
794
80184
1922
77900
21138
76302
48736
51586
39792
90122
62880
37392
25424
4180
31064
59296
5046
82082
74618
41624
8604
14990
21206
34110
30006
71558
93956
52016
22472
91966
96270
4072
88376
12270
86938
12594
80048
78448
45404
50468
67638
51202
65384
68520
67316
25346
50464
46562
92398
27660
29384
77906
1938
78166
29252
96834
83074
66722
93108
89764
4896
60940
13688
70712
80862
79372
84914
88184
62892
42590
99114
91074
93424
79620
60984
85690
93652
17988
75562
80090
8822
19928
41486
40344
63670
25076
24458
31760
37632
58412
9394
81914
78000
67260
45960
32672
20246
87380
84736
27500
70868
26118
44620
13938
13406
48236
14384
49464
7326
53138
468
13884
92364
99010
69586
50108
84274
86778
48714
35124
21690
61838
35416
33222
26292
11826
1466
91490
20734
63502
40408
69388
58064
41650
16166
40998
14918
27260
74830
36338
79202
50892
95894
99310
42146
96600
5152
95284
58726
10898
56062
30548
48208
98114
67722
94244
80202
12486
9048
69160
58088
20318
1016
30066
65514
74774
11180
63556
26378
36234
68312
88278
60034
52876
59078
85004
62412
82406
47320
52998
13250
23772
84738
67186
94334
97552
5916
43532
49636
63464
59084
23854
49622
24914
12872
20690
24860
75800
79630
84268
91222
22534
49012
89602
45528
80928
74512
548
70956
90182
29162
95942
40464
49138
28170
82030
61814
55366
40428
20024
67716
16414
44972
69170
78292
55344
68798
46516
25356
64930
16928
63822
44520
67294
58332
53294
85538
94470
59360
69120
23902
40172
64990
12220
75698
69944
52560
88800
79544
44418
7052
92322
36354
65086
26130
35704
45858
53782
32350
17646
78694
18532
8754
18622
15400
45112
55712
57616
18550
26314
27098
94936
38876
89626
97192
70282
79102
16076
53508
57926
9538
28578
26516
10664
94320
20840
57252
67752
98542
27616
90208
63124
36324
54516
8506
38536
58676
27416
6894
78498
89120
47830
34262
77304
51450
95122
92796
55454
63676
5970
39550
78170
31684
28800
98924
12998
63010
40152
88872
84662
62266
15044
67302
39998
34480
13674
4724
43682
88496
72864
35320
33146
86652
85386
50098
35878
94912
72202
66240
4632
88614
63058
78988
56000
66908
17834
50742
16406
49364
57584
30716
84878
55470
44952
65240
11656
12504
35770
47278
308
87602
72390
47610
77228
27764
68744
53352
33868
29100
95030
69146
20064
53082
48190
58928
50826
36330
81520
70444
26076
84314
77988
92230
42328
13780
68266
2460
6356
50324
98810
62236
29132
22786
56096
47264
19228
38098
34628
27820
85176
90308
97878
64956
24346
61118
88342
53718
40694
79716
72648
30996
15760
64558
56394
1638
23516
86736
234
54206
5768
45526
95114
42654
80072
44536
55844
13456
44376
16852
24586
26124
75444
83544
19772
66184
84388
3704
38630
59410
90150
78460
51694
50864
71542
34516
57460
75520
22880
55684
54226
35090
9544
10754
69490
57748
75530
20184
82918
45186
10346
88060
73656
81842
95142
26726
40716
57916
38584
25646
80456
81918
12598
26378
28796
81248
16094
79480
40574
89308
7868
62394
51550
65710
72510
42038
40042
50284
29052
2424
90604
35318
43120
85792
32136
75634
33736
61620
40510
33744
50080
66336
81870
46156
59064
3480
10372
37580
15234
57448
96932
35070
33238
13140
18422
17202
73142
52154
12054
2158
20488
80774
39078
17882
49536
25538
9538
86412
74470
81362
60540
36788
29682
93672
98870
8826
4856
25350
56090
7358
66792
3400
80768
72166
90130
17924
36994
12432
64804
16468
36012
46448
67452
21504
48044
49052
22348
89314
68302
68
19762
48716
67346
982
70288
39768
49312
48158
53274
31014
16640
28614
21282
22668
70702
24530
44928
72860
85234
53640
1878
57828
55042
26428
43224
37242
72180
4594
62024
71360
58624
13092
22540
54112
42770
45736
9136
92624
93562
42952
60198
2110
39556
26810
55822
99418
54350
73830
53848
35018
94702
96322
30110
49852
16940
70564
19352
25872
64282
70866
32640
48410
68838
33718
97702
67830
34058
57188
75410
58580
14966
18284
63166
37046
17220
31952
40624
6840
22754
7520
47432
68124
21808
58266
30052
62744
3696
56926
24808
6548
59102
55458
43768
96648
97366
83808
53710
93546
95394
27502
35586
30142
47376
55066
49992
39520
12620
8260
28358
64992
33812
94022
47064
36910
2292
76436
81798
6900
93948
57766
67738
87284
51594
23892
40960
92340
70244
31874
36208
6194
12806
13814
81174
41690
29606
95530
78138
78768
73346
73178
558
43900
33822
26526
72486
55924
95652
30110
46872
56224
23450
36714
35372
6276
76604
62770
38626
97514
8578
44704
94578
67610
22994
22352
11018
64422
88348
46196
41434
50320
10280
76288
6018
32132
70666
91290
37410
90452
71436
27158
61328
28698
59210
31442
77472
15524
85262
18924
42204
50240
69870
5308
10954
17250
10710
9494
67692
3542
36080
80618
53640
6368
47104
74710
97256
16124
96498
29374
76772
81370
29468
63386
38694
9534
31570
73174
78592
33376
52056
9322
85338
77148
50068
55904
83964
65106
50734
37220
42060
54926
74464
10864
71830
57396
20438
98384
38664
34586
12502
1060
54232
70198
72048
56214
32366
65128
70008
43990
39830
59112
93210
95056
43242
98784
11316
67290
23200
94282
58776
1638
19186
74602
87402
75964
67260
43554
7856
29838
16348
49756
85796
60098
38806
54664
15816
77800
90382
4916
57876
23794
63766
46400
30618
42964
55248
52734
92498
62830
18960
99032
70304
57624
40466
846
56784
24002
87610
52196
70294
16790
39808
21066
18044
29242
78016
64506
66940
72584
70616
96304
32668
57218
55000
54524
1698
81340
5102
16630
7452
65452
60832
39302
35316
20134
61466
94490
13430
7558
20408
61806
73020
11924
73716
93596
90030
86050
74392
42426
70564
82806
46710
28178
4624
79888
73850
78822
10352
71670
27846
75940
60796
94532
87002
59812
38930
22952
36614
81196
8232
41562
36988
15164
54864
94826
44628
78978
15954
64922
5232
68598
80564
31314
73788
54972
84700
85262
40896
54352
71098
64040
45394
52400
52870
39182
38830
75520
42752
24258
61892
13150
63592
46100
80908
99520
59362
24694
6850
42646
18770
74154
96930
18736
97798
15780
98322
90594
75136
58054
89552
44924
91032
62878
54006
60652
52702
27766
40168
34806
16792
68700
8722
60330
85068
51974
20368
1090
94440
85906
2398
17206
9162
45292
9196
5300
83508
7078
24998
45856
69148
22432
99978
3998
41626
23882
3042
73186
2662
88814
67298
872
34768
54026
22414
43476
86532
33994
11314
8382
15686
64394
29128
46788
22840
34360
25368
50144
84468
20390
56216
76674
55190
43532
21934
56432
96860
50638
23202
16342
68884
29070
69882
99270
88050
69872
38612
29574
85488
24214
39266
9360
98782
35308
39236
9450
17622
41080
14936
4114
94362
35248
97212
31134
91148
88190
77956
97698
88010
18190
77512
1480
94502
95380
16880
88232
5498
26620
30988
11964
21940
50620
91672
3854
5120
38460
42998
48436
9944
38128
59118
92308
49322
22668
25318
76704
46642
60800
57742
19856
93540
29432
43228
72202
14318
12134
51418
77224
88474
874
6468
38382
68622
32368
27800
29818
49840
36820
61266
15048
88464
878
12926
81866
53694
27884
64820
29188
69924
93994
90756
9966
51396
58008
89376
98264
64476
46788
8104
47162
20300
45232
86774
31652
26544
97732
97428
64464
85132
33340
53590
61532
1880
64962
59830
89264
83130
22748
72692
22262
61944
26446
98694
80246
69776
48850
54104
13462
51890
18474
33918
69094
38802
62518
46552
45948
82230
82636
60676
30814
59920
36712
9494
9572
94776
25770
39346
70264
95186
97716
72142
41962
9660
33958
12202
83304
11968
13302
37016
70610
11972
13032
47228
69420
69124
34026
85408
10584
53718
12868
78022
64632
99888
21048
22404
26026
32526
85388
40654
71786
52464
3966
30842
67320
45644
80188
40624
12152
38918
80742
30968
27236
67876
49400
68870
5618
1324
50876
25374
93874
42570
23518
7074
1544
47676
25760
27412
10410
33448
99760
8426
51058
39414
71108
80064
40040
4898
31282
96006
424
41090
61930
28926
15320
60484
68292
1652
56356
45744
91718
2770
37500
2348
19890
46206
16100
26458
51586
64916
96852
10138
13652
88942
82712
63680
82366
53410
44906
43530
27292
81870
88696
71522
21288
19324
2494
70272
34510
30912
4436
3642
83680
76516
58486
84738
94452
71140
20190
11288
12476
70144
39412
78616
74512
12754
76330
51024
91404
44096
78624
16338
11304
79250
72362
76142
54426
81860
74374
14854
84208
81654
26714
31476
39886
41190
14548
90762
20662
56682
89578
29842
96182
43640
59828
3066
22822
76602
61716
58740
54388
62618
31750
31996
80074
30062
74840
88430
26196
58626
17286
73466
28310
64820
78996
84574
3448
51406
92472
99162
22326
96676
77768
8348
86954
71048
55788
55144
47156
85154
97380
21772
9844
18258
38622
39466
94130
51556
22856
3064
12866
77270
24722
9650
90118
40768
25046
5188
25820
71670
9090
24974
44276
51520
47158
97818
16098
92390
2456
29570
25786
29728
97512
82618
43178
72250
9668
81614
62494
31342
41804
37266
14380
52138
51012
82338
30548
90466
38364
79754
82812
19220
66260
77248
30390
5648
92066
28436
45872
9978
45496
9770
64776
30250
72920
94844
4598
54800
65056
58394
55050
82334
34418
10330
95722
66708
48630
94878
20626
92260
22042
34562
46272
25670
58990
75752
66918
72526
15726
82512
84288
82622
74380
26916
91488
75408
32702
33422
91000
40468
80900
23406
21090
59496
22280
53714
89832
75168
64360
37590
58870
76998
17798
38232
97264
27624
92720
80696
5870
2248
91996
78784
6844
4696
21066
98956
25826
98882
22206
30502
73498
34262
97014
38592
26024
39212
94288
52434
75626
49602
95950
11598
15372
67310
18572
37514
85212
4480
11356
66368
72488
81738
6052
36636
40386
33326
82746
47060
95582
80946
46956
41058
20256
40148
65234
61418
82066
17578
15328
9574
1540
21756
38202
70348
11096
81654
63720
55314
46316
89472
62786
42066
70016
24194
34852
31542
824
58282
18538
47166
67040
50440
64842
2540
47650
26132
88358
38786
38380
69542
56850
74882
46434
79866
85182
28674
48922
35294
76224
33212
52806
61178
11142
74138
89054
26510
34014
55012
55374
97776
9472
96
98926
79134
35038
30034
56382
22592
55636
21594
22742
93324
68786
56606
83020
57792
58616
23508
49614
20286
14538
12468
81704
84282
68792
46118
79362
44446
95888
72006
90554
66906
73744
49366
91980
82422
72552
90626
78832
45968
70898
2324
93540
6048
21026
532
42726
39008
24460
72166
44606
58716
32590
86128
39654
65976
79688
84122
88292
66832
19758
95856
3106
45190
13422
79382
78998
25054
41310
76396
37506
33038
45286
53048
66216
44976
2828
58660
5850
51058
32762
25368
67492
50482
36496
60346
68254
98072
51738
55888
88488
82668
19322
37062
214
60956
90768
74152
85066
97852
49436
87420
1994
24274
3966
91310
44114
71696
14846
29688
53148
55546
23274
70560
35618
50804
79230
84100
14856
4046
21888
64560
53694
48792
48788
33286
18006
25820
15732
47210
80540
28876
23064
4260
70552
94032
17680
86050
89030
53816
49568
12464
78834
30618
9984
40300
48880
98222
80340
91456
35240
32312
97238
63790
6006
22978
95212
33282
15132
79354
98416
85820
87778
79504
25032
54340
87700
93022
50986
15192
30466
64394
83316
43930
89730
48580
84230
8448
96246
40648
72592
59042
62322
46810
80684
14296
36150
57536
2432
17084
46674
9778
4684
87064
68128
41886
86162
35130
60398
8874
86140
63682
54806
56162
39512
89074
53524
56680
76242
27150
44408
72578
91358
69380
21998
64994
30964
26802
54118
27016
46816
41048
20096
65894
13922
23116
99068
1618
33586
926
37920
78780
64952
10422
46476
93322
59346
1456
75786
75914
12736
80960
75928
92606
20584
82820
35852
40618
74248
47734
32802
25022
28926
41998
82176
17200
58148
27700
97146
32920
39478
10634
23554
60402
91474
42376
9932
78196
73508
50318
40202
19628
46402
19532
31648
68712
75932
5682
50818
5198
45938
29416
42734
83068
68878
58974
31854
69646
92094
25330
21796
91226
5062
56740
55796
87340
69424
38510
86266
47490
64928
32942
95794
35100
94686
70654
37476
12902
5430
33360
59642
34374
48028
40722
72164
43612
52614
98116
19090
18926
83006
81152
99778
18282
29860
38618
52200
46238
17978
1934
80482
56592
7802
38980
1184
42864
52290
99574
77530
45624
43806
50034
51370
72024
70314
94584
38726
96600
91744
86628
89112
33112
38416
9206
27858
61362
84842
71594
74882
8240
41436
48656
94430
85616
18394
32802
40284
47944
87408
52604
41484
9532
93104
47294
27190
55090
37318
23378
64670
81372
55830
46918
75036
60720
5548
14118
6958
73118
74880
22672
71852
39048
50430
55528
14800
7202
92440
10178
6464
72204
33230
32126
46046
78454
14120
34490
25774
35840
93348
60146
40572
57062
36536
40432
12762
18070
86834
73680
94924
95248
61464
4358
73136
78788
47134
86546
24476
72922
84672
24988
34202
79118
78316
17850
27386
23770
45398
15730
55236
71850
46622
23746
38158
55450
92424
95400
33564
38594
12856
26698
8308
80756
4192
40654
40628
80264
63958
33092
80870
44600
93072
53846
89014
11898
21092
8644
98824
28334
1332
61866
17776
53140
70184
10496
59300
24010
77658
69350
21896
45960
32180
4022
2468
54554
62526
78310
24234
14324
19202
15906
4680
64858
41152
68056
51762
69288
63530
9002
74140
75610
86810
62540
54462
89108
63580
96278
71372
20796
7436
53130
96654
43156
23466
29702
23368
97608
93316
7298
72664
15062
68814
37772
13488
7726
87178
96948
33040
27146
18278
90414
52118
62338
81976
91524
73508
97820
82836
68252
9024
18374
4544
47860
18806
38060
56758
76100
21406
49900
77210
40070
63544
55728
40664
16054
14070
51338
37664
57150
2902
81776
11294
48440
97828
85856
51198
79916
2552
12700
56320
28176
30370
43454
34114
72330
10638
30390
39906
14958
92344
63824
86552
18954
97492
56324
54292
43954
98938
7418
70720
84500
77208
70120
89136
96918
85772
40962
28822
90596
39516
88404
35000
87314
34398
38750
65690
62828
85656
56062
25288
66358
48810
34024
16776
572
42124
46224
26714
90374
32052
84672
79710
18746
41284
83952
12870
20822
26278
98436
33350
74886
39556
42482
41478
17042
28746
89076
2376
63676
52218
50178
25078
80566
19596
61680
78476
29382
16342
57820
68902
17780
23652
74528
21872
60910
94320
47492
67612
24182
57390
44284
51276
42384
49520
13442
78094
83214
8472
15550
59452
69114
66762
89428
8810
71990
61256
12882
27786
11390
67894
47524
31012
1856
41690
70740
81024
53422
87492
47038
63360
48652
18250
35516
24024
78584
5370
92006
2920
77098
17996
97832
98238
84644
81762
96824
49424
36962
46924
11906
47640
99272
50598
86332
78052
51334
8374
48814
69182
87236
60006
88986
2038
84802
74072
94578
53280
73980
39952
23010
53528
61610
97254
89774
18402
52460
20304
64682
56440
55302
60808
56680
83502
50186
64826
81786
13052
49564
50778
34680
6310
6642
46888
37980
47560
64266
83960
88864
84702
88792
7798
28018
40008
73796
63928
11030
9176
90732
2316
4862
32002
38728
89904
56472
29876
77684
56244
72362
43276
79602
4274
88190
18194
73390
75224
82202
9644
82934
73094
60126
46594
57432
11846
40298
50572
19252
24388
37722
59026
75638
11932
22610
36844
66986
10216
88408
57566
24248
52122
51258
96624
70974
57152
31916
47854
84852
46350
90564
93016
30334
32758
78578
72868
46328
9844
65352
49656
52692
46662
94982
60662
11822
11526
53664
83266
21346
12736
86832
57276
980
81196
98460
67918
17458
18868
74044
63524
87912
74332
79930
50344
25854
33334
16668
7992
66740
11362
50882
90154
38436
60628
49420
24214
81944
9404
78210
69812
54136
56268
58488
20152
67180
5252
14472
54752
63518
57514
63410
1232
10142
86970
47738
94238
55622
52188
56902
55572
45484
44652
27258
25716
37938
89362
74088
97688
61120
78076
11014
39924
35306
78864
66800
94870
59524
5732
24522
63344
38390
27266
51550
62320
55544
35656
13490
80556
68406
10920
99232
24422
91856
67790
70746
57768
68934
68952
76472
93148
27268
73956
25348
50920
95320
2992
23712
78084
43224
28284
95938
58324
38994
24390
27986
4508
69848
45798
80164
68842
10
57394
14970
72660
74596
83908
44992
14524
9888
20004
64194
21280
89548
46590
9370
81744
49558
30194
59232
28800
25374
42164
90232
37088
712
93614
96184
81544
65608
67536
13242
18850
51718
25560
93462
4108
51834
50274
95370
32678
87584
86494
62082
21092
87086
77656
32580
90222
29190
90956
17270
12054
15868
75030
76774
28106
17580
7486
59362
96092
80894
79714
52992
70858
98710
44674
29880
60254
10506
75140
42320
15000
81106
97624
93398
54620
37022
23720
56490
6630
97326
33108
56074
41392
53166
36712
92376
9610
35260
14990
33044
85740
23220
65836
86346
68810
14086
91396
85018
80772
67042
92982
50246
65660
21156
91746
45550
23616
92324
63030
99286
21016
79366
1974
27722
10660
37716
91176
16658
74470
25596
77294
14958
82578
2184
91188
49338
11634
26996
86776
81408
71548
49908
97188
70030
10336
35504
74668
65362
84066
55330
63880
28328
64280
86286
57806
24000
52148
33976
31946
78952
93160
81004
47660
66624
20634
29776
65874
40264
6088
63144
52714
78778
59924
17694
62310
22724
64750
67412
89378
44124
84924
65776
1138
32650
37594
66724
16272
24834
62282
85746
52238
1270
5892
47494
45110
9610
67884
60754
84098
37378
11052
12628
24934
23430
72136
21194
30480
11044
81678
17996
25210
91872
56954
47234
43226
21578
62864
75698
61638
76328
66298
10844
40738
3128
7184
12916
45850
53700
84674
57362
25024
46466
80932
61648
60298
32972
17446
27058
68074
58986
89926
10994
43772
88182
31404
39874
8506
19242
20372
99192
21966
43920
5244
47046
88608
28942
80422
81666
92856
97358
55122
56022
70886
68106
93868
3716
22786
84124
53380
51870
65742
28170
9110
88308
7596
99620
69106
10792
55870
32134
64502
37048
24338
92386
7646
70328
12410
46096
21554
8692
59244
29074
85032
57746
33040
28474
65500
53812
17934
20304
35256
92944
63608
2552
41022
44322
35534
67600
47338
46966
71376
13940
69940
14062
7840
21618
47602
38946
51350
89030
80
14898
49246
48008
85834
28256
61728
35632
45004
5162
59584
72632
50282
58634
37946
37210
77644
88552
73106
19422
33878
20800
80710
35620
66022
48264
26834
36908
26906
59642
71834
70846
82218
68862
60140
43942
72626
18210
44880
82312
59080
74282
8990
44180
9566
4342
98116
50168
53718
9082
13564
45130
71850
31516
96152
69010
61422
83382
70748
26938
97294
62718
15098
85892
23650
56184
85390
64638
584
53822
39592
80240
21594
61006
44082
65036
64606
74538
35082
7200
95954
91898
33520
35596
29716
24502
5036
70562
21802
37674
89032
54192
25358
24858
17286
68426
92562
92322
97816
34152
76620
408
77064
11112
67512
3992
7862
69750
54246
94336
15070
83574
16682
41160
40206
33558
44298
454
87506
31804
61146
67220
31436
42286
41336
28992
17744
69744
51500
82138
91496
78680
6650
11238
84678
34326
61284
75264
33654
39542
21546
48370
74014
174
25608
65194
68670
85546
3270
78596
31760
24970
82326
63328
48372
89780
66922
33512
52454
12206
60248
15126
30432
6842
57030
36500
51360
47320
94990
60324
89774
92102
17796
21660
4432
80408
66432
39792
38110
37054
24790
33848
38268
77162
42568
5486
4628
19678
23814
58102
55850
68672
54786
2138
20518
65146
47856
63944
53658
3450
26246
19078
29480
33908
72724
6392
18746
38854
33394
36204
53790
570
9412
15040
226
95288
23774
19416
36402
48870
43790
10064
5468
58964
32592
25064
63882
45654
96364
77250
6610
44632
36774
83168
6840
77318
57234
20220
72958
26870
82294
13142
34726
13302
30552
88384
98076
32990
16400
25824
65930
73384
60700
41450
98188
11110
17984
5072
71726
45244
25690
2732
90786
6326
84438
75458
11382
30046
43128
48996
34434
82974
6134
81662
37928
11102
82538
28134
47172
872
98172
97154
71528
92712
48080
61270
79830
57844
17910
12176
276
23602
99320
56072
39352
27848
75986
19452
81464
40972
64682
76900
64236
84220
38102
14744
20856
89728
18420
90264
1752
37838
91364
98144
95616
41328
26592
84750
19882
19722
30946
35532
73112
2222
83390
61106
34754
19394
27264
89812
83356
34840
32352
53426
428
34466
52844
22784
34978
59908
87880
83504
7822
46970
66262
40728
11094
59892
48830
91832
60188
58190
65978
2198
6444
73934
22242
864
79626
40866
50196
88632
77160
70882
39450
63840
87912
71290
89006
22150
48196
1384
73148
41830
48484
40072
41586
39398
36268
98326
88962
49212
53718
87628
9794
77414
61806
742
8674
16576
92594
72942
8020
13890
6622
63720
38516
37068
58120
75088
60958
6266
83734
37302
11238
49840
5178
9964
45570
10110
26676
32296
78154
1162
90304
11280
57510
71032
39608
97066
84406
85452
25080
1496
91664
53452
92430
10286
25908
25830
48590
83372
11202
1726
76732
8626
59716
52592
37982
86968
97354
77058
29428
74850
13578
20136
85634
52460
30372
34
94486
89154
33410
39188
55104
43030
74282
4146
29004
71888
43436
79160
81750
73500
44078
68580
64436
91062
5990
21758
57588
62226
46080
62384
50894
8166
75542
71708
99740
22938
79916
74282
15052
17014
70240
91088
51302
4804
45030
47904
38566
3914
49720
83630
99436
10482
75050
69908
88808
29308
41070
85514
61528
76514
8058
39584
3914
68376
63426
62190
86818
54264
25690
28934
26214
3974
50884
67612
11408
15520
88668
64792
51536
53834
25526
96522
49166
18858
97338
24588
92162
3774
35952
50764
21850
41386
47538
58400
63056
73446
62532
98092
23760
3096
56078
55454
48848
25028
49746
9848
53752
12888
45650
70542
6158
83184
75082
66362
32476
25076
45070
6994
9142
42782
71030
58260
39472
13570
90490
81946
8052
45360
60354
96446
1790
64432
85466
19020
94828
20342
38500
68854
34076
27122
14638
69166
73344
59280
89394
80002
70714
58192
41734
21578
70546
39336
65930
22544
55818
69026
45620
95298
14326
47552
91808
87516
90976
27550
2110
87412
26966
60994
80654
35808
33226
92460
87784
30680
34718
44852
60598
40870
2060
47718
64272
41818
73708
66044
75354
49898
89658
21198
16160
55892
78800
84520
99190
17892
85962
60454
56702
10104
60356
79804
77708
39842
84414
85450
58420
76578
88046
38446
64910
87858
51810
44764
92532
92084
6584
43540
23292
58382
46742
47818
8558
38412
82310
84710
69458
14196
97278
49956
19216
90222
62816
85338
38106
77046
22186
62566
7144
27676
91542
70884
47312
4526
15172
894
24862
40566
23566
27708
83950
78234
17178
48090
71198
18210
74092
1250
53128
89728
15928
73604
43456
14342
5538
66532
37834
332
44232
59594
60522
46772
61184
45402
48184
27668
72278
49926
58806
90216
40212
93352
4042
68556
52514
73796
92802
56228
58970
2268
58698
48758
99016
16546
36664
89538
17792
11626
4976
31118
93304
20452
98802
7476
7150
81272
21926
39438
37412
97620
65616
47786
80250
81060
32408
78898
42190
41308
92226
99348
9324
98746
49400
56018
68508
74546
35050
62776
45230
83610
23264
80008
36500
89752
91300
29160
21280
92992
32814
10788
43682
95392
32296
24322
32690
14728
69560
27476
93096
66718
8008
93362
88436
83354
24442
50960
54486
69712
17344
60848
39240
96218
70144
8390
27056
23148
27046
83840
79698
13174
47340
98188
40080
80064
78328
19066
84980
74208
38334
69828
29168
9166
26866
76896
83044
73650
69932
14450
57802
17694
73234
1222
97360
41636
93100
4874
82292
33338
2984
7632
96310
95214
4070
14090
75202
57070
62248
2386
29298
62208
11844
1328
35002
96632
61556
13954
68256
43922
49096
69772
92198
94718
33292
70648
82336
86138
41178
18288
87646
48936
71664
85562
14192
29290
86164
43842
72206
14772
81550
38228
57676
59602
99472
46858
68030
8378
17710
24562
59188
88594
65342
56284
95384
36710
61502
59912
83608
7486
63216
61890
63584
60178
79626
51040
99120
57924
66086
14526
90760
53882
98210
82244
48646
15800
27490
56862
57988
80574
57270
8326
19666
75630
73680
68492
57922
15086
78870
72744
48954
48850
56850
46578
84238
65678
71512
45408
76408
57188
19792
10948
702
67488
15674
41986
52052
61894
7524
18934
69102
45206
51622
9034
60446
10876
9728
202
86246
69260
82146
56990
17968
81958
31860
34416
79064
19202
28076
1160
56084
80468
45138
99148
46856
60294
84058
43676
77680
15374
6858
96380
53804
10386
68970
69204
22468
26328
58858
55880
25656
18114
40772
33252
87492
93504
42208
2658
34812
13126
93194
18874
43642
42476
91124
2076
58758
67736
5340
91406
9092
30760
40438
94978
10234
29426
92014
35660
60970
74244
12032
52376
22592
13180
19176
88984
78740
68560
18704
24782
24100
84366
83594
67950
15116
13774
66416
95106
40684
31522
46874
53986
30016
3920
46970
49520
97556
9244
86608
45762
68906
81382
37474
12234
39016
70804
90360
93566
74580
7520
22908
57550
24870
49730
95428
7684
21014
38380
41610
28428
56488
18802
31088
41742
86854
59138
14308
49948
79660
1040
2458
462
43452
62816
79258
27818
37542
49090
89922
54626
32334
74130
53526
75820
5112
9520
54620
45672
93506
15822
58156
48986
91758
11426
15352
2890
2850
21304
98438
69690
7968
98324
65716
7466
40756
9644
60038
78402
51764
8700
67852
93438
78526
15130
77586
92578
82758
44882
9484
27014
51484
40154
37780
18314
97650
17038
96924
89066
7630
11816
8646
89658
13910
28294
7070
11722
84642
12192
96726
43638
57626
8952
82262
9674
80564
98964
37556
83582
11852
73778
65764
36810
21098
24996
47360
23218
65252
51710
32520
64822
86118
39360
56286
92866
61754
89978
37948
1698
25650
4596
69540
69634
85772
65144
16054
48178
74608
32926
66270
44106
25742
43378
43830
8716
59478
44856
71902
89270
37710
51068
57280
77056
69184
69290
56758
51514
23618
75992
52296
32272
12494
71320
14490
86860
32870
44482
48532
63764
26730
24974
28408
21612
31066
17582
55898
41538
7326
46034
60004
98418
61666
57878
16632
24762
10026
5960
59216
6288
25184
48484
55012
81418
2508
29440
35706
29526
90932
91362
50716
23168
78540
40642
88864
16484
45760
9244
14206
98410
31216
61788
7074
32376
78810
54598
49602
55366
19570
65636
66172
36336
54688
30542
24860
60926
66548
10542
41450
66820
24384
85358
75068
85446
74796
11084
61012
72354
54820
84428
94362
39712
5920
35238
95872
32808
38724
95056
91292
8422
21522
65902
52362
38586
64068
31328
58318
42848
3642
39400
32310
43478
39688
8000
58206
93596
38910
27872
94136
3304
37702
25416
2078
14254
75280
72612
96518
75232
30860
9976
24394
43994
84088
68762
92106
81294
80838
4010
57594
47202
8942
22912
7670
45118
9082
58868
42092
16796
82666
41510
28406
84040
25612
23472
98292
69826
97370
94022
99620
52192
83802
46296
66188
23400
66394
79302
83804
64836
54202
67872
42840
9366
19498
7412
25678
86566
98964
6872
56012
5990
6472
10332
60858
61956
53636
96978
86284
49824
51022
53098
98442
53378
26024
88252
90920
60322
13572
68896
31400
138
63398
86888
52894
25194
17158
45030
61260
45598
9930
12798
18488
39530
57192
68956
46466
1690
81952
456
79590
67078
82058
28474
37392
32008
82440
53666
7944
68302
53844
28214
48126
98572
84628
63452
2944
32492
73166
84820
84480
1372
16572
32364
96304
94558
94154
93774
55042
11622
96938
43720
59464
24500
94286
19694
86432
40530
6908
84284
37384
27426
78242
50788
63416
83880
12686
63268
74192
80978
25592
20978
83970
45040
30840
34796
60056
52368
73178
13310
34888
71398
87640
48310
33906
13932
48550
22064
61424
40500
15070
93856
40752
58976
94066
3744
17670
42566
85132
31418
35640
24820
82256
31026
22724
90608
83908
10680
1294
37454
58762
21448
38666
74270
45658
76392
68300
53234
492
51462
67858
64248
72924
3740
91024
23092
74158
27572
81322
81450
44984
43514
60730
29270
44420
13932
43198
3482
87534
82088
24298
52698
19128
20912
17370
29522
42164
17200
6750
12908
81584
35050
47300
42880
39136
16738
50302
88526
81066
97956
17732
66522
55100
5406
37240
13738
14736
22700
74198
94216
11204
87848
42726
31088
71200
96042
99684
24868
33142
59964
34682
59936
92068
22686
86880
45332
72654
86218
21932
3292
6428
1638
93410
54678
34598
13308
4324
83972
24944
89888
63730
74952
71200
5914
66134
338
29648
85212
44480
6190
24086
39380
9590
2214
7980
69090
33414
838
82318
92514
59600
11718
61124
61528
26362
42806
48860
85784
66734
38310
86846
49782
49198
45800
64758
49144
30768
54870
91054
29808
18408
25824
70328
65624
9670
42776
60400
98988
28130
86530
51114
59974
73608
28852
61370
9780
62750
78544
82948
49724
94954
49212
79628
58512
88548
97448
3342
31980
12536
1512
29498
91190
83524
96412
54586
29600
38794
57688
76386
80812
10818
65384
19168
16866
59406
71810
14656
95978
66624
17030
59694
46192
61096
67824
69380
5620
7584
73674
16020
12608
66742
67672
72016
13152
21288
88876
37870
72798
45738
88466
71356
22578
78204
96872
63904
16232
58138
97398
18280
53882
44932
58368
27890
35314
2606
15034
72104
27308
54662
5210
75062
23996
59724
92926
27430
45474
20210
10366
38904
75836
48474
15282
71722
26600
94682
62266
43630
33946
27016
99280
42416
29526
52950
22330
3768
61762
36602
91154
64780
71498
33226
23206
69300
68656
78540
23174
95492
39370
35478
53962
6884
51906
39828
37564
25134
54230
76280
64784
32128
97308
3172
67740
43396
57896
99862
83778
26002
66966
95090
94754
25614
59384
25804
79834
91900
89116
70498
32954
24694
71080
96570
8324
69206
93414
32840
88988
36324
6224
68808
44342
56110
93310
89252
95676
57296
88810
74424
87468
78386
24814
57830
65166
24502
2076
71878
74586
24664
80448
96322
30666
71480
372
16554
67612
62606
47642
28248
59638
68332
6044
52820
36828
99968
18300
20184
60772
62646
17286
67952
91194
86882
93122
54346
76314
55824
75370
43316
5526
86702
66190
65326
55954
91650
38894
76574
79148
92290
42642
5554
65222
27736
9768
76680
84102
96122
86102
61310
64792
18494
44776
74502
18088
9968
35202
96962
36250
40480
3644
93178
73112
42770
65064
45550
64782
40412
81788
996
29032
30128
63246
16516
18600
34748
97596
68684
32208
24930
49018
70196
80978
62298
99844
33606
65032
87262
94686
43634
92720
37504
37750
78806
96416
4144
18830
9674
76242
234
25630
24428
32330
13256
91676
20452
44894
47232
77056
9732
17058
19612
91956
83962
32974
11000
91202
79148
98574
23430
90658
47216
33908
18778
83198
89400
39840
24892
99020
89030
76926
72510
34906
8666
32190
42876
12278
33184
2282
68694
6436
67336
13902
87732
72764
71938
3840
51878
88974
3688
99312
36708
72688
33040
28506
76478
29518
29656
84488
37484
90380
99888
55536
89224
53878
63998
90428
18026
24992
66264
93634
29392
79812
23446
98664
58580
42606
83520
88504
41042
75524
34988
20510
92982
11578
21414
51910
8882
58858
82754
47368
83988
31538
32362
36868
21504
30796
65446
54542
78580
18488
45122
56064
26748
71892
82662
27550
79156
20914
47366
90164
45598
96906
13234
60256
71310
93290
25930
76496
32140
72764
85058
24564
55576
93360
51918
55748
66788
91384
42336
80736
32796
84238
61528
52754
16318
41770
31726
43790
10502
16222
73504
46764
89506
24858
12956
80362
73916
24056
93914
70122
92348
21072
2320
4612
36726
47210
34092
57532
83962
65244
44428
12282
84932
38282
40952
43138
42958
76060
46854
69454
21718
70794
85136
5090
79688
9108
29100
27946
53562
26530
23796
36638
28732
8016
34176
93094
10654
60716
83156
72332
43298
44566
7096
94524
16992
7904
73864
16424
17814
10500
49192
88746
95210
43652
22940
45638
93236
60900
57152
61378
75000
36006
26876
1982
15718
50748
14418
39774
92160
46588
47306
71426
52368
84274
59504
46958
93260
26076
74718
51258
30532
62610
67922
54802
88262
42798
69044
3812
38744
62514
29506
78988
62930
62302
88216
47664
39206
15754
35712
59794
22598
61584
83732
27488
70474
3808
62204
6748
93330
4298
3650
99846
72424
9240
36598
75162
52430
8550
51622
58984
72180
97740
72378
62042
20066
57678
7484
62640
21232
56972
55756
68860
86214
1404
82372
11824
54208
1144
79538
45464
10356
59302
54970
13404
10094
75486
45388
95084
6030
44430
43700
56216
50098
27826
89124
73640
6030
82436
13420
88086
94446
86304
53602
55888
96390
2860
97648
88658
81080
13258
99560
68614
71078
45638
33164
20154
40256
51448
54470
10120
46284
93260
80002
86608
67936
9122
18916
4378
12880
90496
64076
14050
4350
29044
91582
17554
38484
37824
84580
77634
78164
22454
70960
79672
33136
52908
38744
39186
65888
69404
59092
68332
30876
26826
53634
13574
43522
65378
93368
23512
34374
6268
21554
92354
46780
97388
11728
3084
83926
28062
37798
90142
28068
68660
81260
43928
99222
13100
87316
57676
65964
35132
70728
53408
91318
42318
53550
94040
67630
33670
9894
48106
53978
28474
66862
42316
67584
19154
52278
56560
1306
9872
37658
75498
78588
36520
91384
66322
31048
39200
26040
23202
15372
83178
45390
80194
592
12384
97668
60748
18064
94362
54952
61166
54418
94726
57412
75852
8206
32190
92942
8602
73936
5188
47650
15002
37698
98640
45280
80576
74284
77674
67332
15706
8752
28148
20036
78736
99170
37116
11492
4330
42832
7662
64180
38588
22128
86376
5824
60168
10984
7858
51306
31428
39664
35222
49870
26670
75482
92056
40272
77636
73998
66802
69780
98056
17678
47390
85854
52348
48502
32976
59928
57118
43270
99012
88552
48218
7198
16224
49486
68554
23542
62356
20984
63046
99798
62992
50226
31422
57042
61344
76776
81374
93136
98526
67932
13328
37838
75884
34744
73842
84886
56220
48004
3958
93460
67844
4970
47712
23432
62828
93440
10566
43182
82086
19708
61212
14806
29096
75548
97484
10142
5128
59722
95274
95878
89188
18728
56494
9812
62612
41632
38000
10646
15078
42002
93744
39894
77376
25888
34074
64638
76728
52642
46638
94526
47656
48552
83316
83488
75576
97764
91534
58192
83138
8100
77790
90386
31628
84664
13518
32936
74492
97308
21644
45604
95416
83544
57854
13758
53440
23854
8126
28722
76110
19738
27136
29134
86104
94092
31998
24520
84096
16432
71572
50938
46276
5510
2860
61360
81132
65580
13780
18060
4686
90888
14744
10818
91170
44312
2114
37680
92458
31690
20854
88036
5112
27666
73166
15362
42540
19490
57802
23148
93568
79112
6194
99238
43536
21464
29742
77150
56452
97002
81634
37316
93672
72044
16380
43348
8206
31116
93598
34738
61838
59228
4378
20988
18310
4302
86056
34196
16970
10512
24340
46148
23732
88450
72126
82090
48364
84066
83472
48696
8054
87650
49980
82886
4750
21364
24528
50664
97466
49202
25984
95596
6140
38710
49308
9246
36544
23292
54180
24166
37688
6092
69712
49032
74122
75050
95318
28496
83448
59688
28628
57902
66614
13570
2726
15714
82258
90922
13808
22690
82100
26574
13164
2288
98826
59016
71998
49010
48068
64396
22150
11294
70238
73132
53778
74916
79406
85036
7024
60246
99904
24646
99536
6998
81366
8644
69012
13292
1962
67512
4570
64824
31754
99128
26382
65228
794
60422
62112
78952
91390
24312
34860
86502
10392
96186
62980
45696
39654
29144
39106
78536
78380
97300
14660
15812
72278
58540
79090
93110
64568
94936
78600
46984
83850
62536
27336
81244
77452
82728
23408
73650
50628
37142
10612
67974
70744
93986
31156
24974
4766
90812
1066
24758
81682
96554
23754
85614
70938
12660
33128
57870
60982
6592
38998
74418
84226
90876
30660
29790
42032
54566
19586
12322
43376
55194
51800
64226
15636
59078
2190
14530
75182
16742
24434
23652
25384
49096
95064
47160
15228
77908
76680
79760
81986
89908
38844
35076
9638
47244
784
32392
27108
61954
71722
57442
12082
10094
39384
51276
43278
82536
85262
16458
65628
36096
40078
92316
12554
35348
52586
87036
96222
51140
36110
50602
85940
83572
36582
46912
23162
39938
18644
33910
46266
97600
96862
2138
39656
4616
48160
27148
24870
94824
45204
19022
75576
50336
23328
60356
89600
69268
99020
67224
5976
88414
14694
34222
34920
58546
7192
91682
67498
41280
10336
70596
1230
33742
90286
69700
30744
16570
18396
73844
55660
77610
2864
43590
56460
66838
28260
85450
14318
42110
29822
22864
93248
70418
14006
13508
64156
80292
70738
17014
57878
21806
40604
66870
17956
55178
37190
97450
91536
99544
93630
46874
70054
6202
97864
14722
34586
80552
69512
82436
54322
76944
43554
71240
97992
96922
80394
46002
6206
57930
67928
94906
8112
15294
49790
3004
43482
52992
37674
39224
86066
6434
94768
1538
81850
17702
44880
66548
60282
35958
27024
37228
83812
67174
56092
10726
73600
36754
70856
25744
96560
27374
78068
58640
75892
7298
50458
82172
41624
45312
5198
54062
40168
69238
88442
34944
97200
44058
55980
61236
81972
42454
71138
25370
31836
18518
67552
87082
90370
61680
5052
86658
23928
40792
36072
62582
76258
89052
1392
81038
41182
79478
50716
43006
80330
66640
30492
9448
3464
26398
38908
30818
11566
29654
55918
61136
94742
61082
31080
59740
41662
20870
18558
79684
79348
79460
72870
24478
56828
78834
71548
46508
75034
36304
54430
8316
54870
18362
11318
41812
6040
20484
60378
56400
7332
88620
4980
58180
12982
44926
14970
10590
50068
44446
84138
41616
70504
80634
1768
35780
60246
63492
8676
21532
56794
37440
11966
37486
58690
27864
63398
25590
23108
31212
21000
75008
82920
28812
14042
61824
36674
51256
37162
92652
14558
73218
25290
55700
56306
41374
87070
94282
5522
7064
18088
9344
64140
86940
61364
7614
55330
75256
60772
90042
66508
51164
1404
3640
57418
67072
80418
67452
65492
3430
92168
97252
15358
12506
82506
98698
67308
82786
25868
41928
72676
95938
73106
26268
72156
38158
7878
16872
644
94864
75550
19070
15616
30972
38548
50822
63702
64948
64186
74044
8100
75520
91190
30554
46852
21358
17728
25954
73008
61638
52676
69742
15706
88798
22016
19878
98208
80926
1380
91570
38700
41494
11330
5696
57748
16510
89516
258
75478
3126
83228
11382
85188
93600
39814
95054
28476
94154
20822
99844
60844
98976
57122
70766
66076
76172
9976
18250
59982
87788
10492
85038
21406
78846
61994
66128
87398
47168
38684
73080
52132
35094
37556
34018
83968
48758
47860
87174
29978
7852
63298
54936
28646
68260
62804
81634
91022
93778
76924
24914
69804
54968
41514
10876
7958
19404
46730
71246
4456
83588
34522
41818
98454
9596
7820
3824
48142
17516
1206
74122
10536
52968
15196
88798
96040
64188
53200
19304
1776
33134
94900
32814
19132
26296
21774
35832
7400
79314
27922
95936
36026
77318
50798
33374
74034
78302
8286
91780
17576
5718
47520
96272
35384
82980
56692
31322
18542
78246
91592
64994
87526
21748
67066
46348
76308
52124
26542
53518
32202
50598
11884
68074
22788
64068
13624
74366
86846
99296
55022
88756
16822
64792
61682
67144
58758
15444
51226
50768
20412
65604
61984
92522
94124
30480
59948
16312
69406
64564
57136
33496
32334
79976
61954
9710
37980
87896
19192
42868
64798
51516
52556
14114
62682
20732
11642
23578
70458
99984
73422
96194
93160
43042
98190
15712
20752
72630
6904
88452
72588
7560
32656
37222
18226
15524
61506
8808
55888
19814
37912
78246
54096
7186
41568
38462
73306
46592
4386
93916
42216
86204
75442
58304
27662
5628
85152
81890
79440
5736
30518
62726
31864
57556
63766
96790
31112
33560
57312
2786
45794
48236
15812
19374
17194
3248
18030
84784
16724
38900
59474
62610
74162
56308
2638
51440
21638
62158
92326
60778
16198
93682
70338
75250
65438
49588
48012
69518
7802
69282
15910
62834
10572
76356
3612
19044
80320
30300
20154
51068
91302
35272
52754
8520
39850
14638
44718
81452
98960
18252
13866
99804
91508
10946
71054
4014
21734
30162
66472
83090
69820
68622
59954
76412
37882
96596
17554
84496
16682
13982
69964
43304
11318
21054
95888
10672
20076
15904
50202
30718
91048
42270
56474
78706
33362
73884
22984
66928
34786
24132
77582
26594
89082
15276
17184
9878
4124
96302
22918
81756
21532
2494
70154
99228
19108
57060
870
69356
3006
91162
87192
68194
98428
95384
7778
43676
62566
96450
92066
4014
44530
20414
1214
90880
19656
77318
774
72862
40238
39834
910
17654
16288
98202
19394
10218
87410
61732
73502
84788
32728
710
16658
9336
74422
3428
5846
52642
77012
12454
31650
24526
25718
13998
60394
75770
71308
12748
7408
81418
76976
12480
50776
87570
81108
20566
70710
68448
26650
12786
56262
70466
98546
49334
78300
61118
86048
53576
98762
90646
88298
28458
59392
38844
87444
91880
98514
14708
54508
44466
74972
90218
29778
90786
46630
71768
53926
30298
47382
48802
88746
48942
90926
63456
53530
36952
22796
45124
73582
24798
53248
32908
92418
39184
59284
19008
77278
90448
33330
66292
82812
30338
69516
96108
35232
59788
80340
83694
48762
84168
7482
73350
46722
80398
55894
21542
83368
61860
74732
44174
91256
1970
73782
53824
78194
90066
33348
89476
55000
296
69578
72552
42728
66748
68604
89072
88846
83088
24728
9612
4818
95822
67138
35786
34510
34054
7104
8600
28238
40184
81712
25972
73082
55110
11364
25778
14374
27490
88912
42352
35452
15798
72354
45322
59298
31716
1932
67100
97764
12100
9888
39928
78246
2446
31846
23020
24150
40082
75864
55666
94894
97568
74756
51318
66138
77740
84992
35190
76190
6130
42814
59966
73338
11078
14946
62662
49700
94422
23578
47526
7972
96090
94798
67756
68418
15544
1354
96392
53642
31218
53822
29130
59558
47476
20698
3410
60122
57904
96382
17006
99558
70924
66350
10614
4246
16216
71524
1690
77972
83178
46626
73096
95668
1796
50234
65556
13404
99988
60508
82106
74740
2814
464
40750
54868
2854
75228
39486
7910
54102
72516
78828
33176
32266
29816
98818
48584
68370
5910
3206
26350
70074
56740
15434
87540
45418
33916
52144
89150
40104
85258
7408
97402
2722
87606
47466
24066
17724
48048
93570
52282
9408
59462
61022
64058
1728
47038
19684
56316
36412
21260
85336
65572
58942
83692
63954
9292
81726
96650
34292
68784
1580
62362
60920
2470
2036
49882
97798
65790
37406
29238
54048
75326
8422
83122
58484
78904
69034
82898
23270
34122
41668
36666
1280
60290
38328
71368
45762
69416
18106
5698
66728
33912
61562
24450
75168
52632
58738
48176
76884
30100
436
14690
94380
21428
45738
2302
95024
96102
71974
74752
42826
86612
43424
90380
94250
28790
97276
64426
63874
56502
60710
67846
3386
2816
35468
32558
64360
65022
64694
89348
62034
20672
9164
21438
38170
38190
84738
36902
56226
21298
11426
64752
93862
29238
1314
60114
71130
856
38066
54316
81894
55452
95226
64488
92082
47538
4854
82980
82226
31968
80014
79192
5912
27518
58998
53122
27154
84628
13276
49426
30950
89956
15632
79048
89710
1096
60872
79068
8840
27788
50444
26374
55464
61092
63022
92740
95892
60746
48700
9868
36284
24044
83506
79522
24302
95916
51470
3264
46400
83328
39858
97522
29018
99432
12644
83900
40012
61738
53186
62930
33322
15666
14068
14666
2416
58612
9912
80728
93078
92922
13094
1078
4294
89348
57000
72372
64592
28372
5754
14606
59274
57326
84680
68992
96874
91564
43322
44144
96888
76938
47876
88866
73948
38440
46674
98568
16542
45822
506
73626
26522
91532
77360
50996
21162
53054
44472
73134
11316
31318
55526
49518
17946
33376
33502
796
16484
49502
3420
90866
90456
55116
75188
60142
40174
37236
8894
70978
37700
62268
95498
82694
26160
47488
10746
90764
29554
27446
30078
36054
76292
52128
11800
89144
87842
94592
52418
58804
1106
96614
27346
63474
22706
90932
96422
40586
40988
56380
90252
13812
93200
74220
37096
78032
97122
25972
36296
49230
60038
4124
89858
24610
43106
6382
17844
72768
42730
14402
80698
21340
72244
41728
23770
40776
776
79844
90084
18256
38582
56630
74510
5698
97972
30178
89692
13960
96560
89618
64816
23552
21640
29448
37962
52100
6912
68350
61808
99578
56972
106
80060
23044
63184
28274
37218
20604
56040
2908
76224
55188
97500
80274
74796
90020
54342
92640
36222
71718
76002
85178
10724
35958
74016
57914
48108
47096
16522
38912
73722
93866
3378
69442
4410
49088
48956
72292
71468
19672
29746
5822
23164
75492
67346
50216
42888
70554
56634
42292
75526
32192
7874
39416
26884
22488
55320
78092
41238
51722
72182
28710
34908
66640
14544
49814
78160
4194
82662
76892
74480
25712
9558
1322
50844
31608
15306
86978
31376
8356
86082
34650
24494
36940
148
95426
84570
15582
22870
39340
67572
21478
6208
98260
35190
12380
73004
80076
8472
31700
16910
44470
89188
11526
33940
96940
13388
83772
44490
16934
81524
60292
27808
42552
51408
51260
50948
45334
15226
98096
70520
21120
13990
14538
35252
14064
56742
42146
2800
27984
64406
1672
66204
82478
69464
60556
22870
49098
43910
38526
98082
81818
88486
67590
92280
17750
21182
76180
67938
13524
88750
8948
1072
97104
81822
86108
79816
69628
17648
8364
1528
24896
19266
48578
12118
25354
43084
67446
72590
75848
68638
55344
57156
34602
36290
12238
81252
53186
49268
72228
38430
3170
94636
83386
80366
84272
43134
51874
35118
5086
12534
73498
49044
18514
58614
70660
36944
62032
64158
83816
74456
63260
94622
65032
23602
67062
19212
76118
42428
53450
93064
50982
66542
80586
6126
74334
97510
79538
19384
93552
17542
54786
70734
42770
83814
77772
24518
99164
10034
3990
63458
88030
43868
346
33990
78588
23752
14316
51510
7492
52058
54302
57442
57832
46592
2516
13782
89788
54042
52268
39234
74746
10706
27440
48300
72498
11322
36110
59474
89838
27268
87562
16746
80762
32606
12926
88212
54460
18060
11394
67950
97866
90702
45652
93296
79690
14302
32494
36128
83952
87814
40526
89548
79842
77670
57424
49888
88326
73140
7834
60818
4882
16406
95624
80622
97652
41778
11410
85548
12966
49682
40566
85956
45404
64886
4314
49164
89954
55710
8396
59042
54368
75052
29280
34098
89420
23876
40060
37220
43386
48920
48842
62300
14326
6084
64218
79494
23802
40270
6634
8702
84052
61302
42488
63182
90836
51806
1414
8910
21148
69628
29878
42578
660
91116
65890
12846
20456
26516
64752
31456
85214
61246
9522
40688
84400
25902
90172
8188
84366
75650
4264
36420
99558
46490
16474
2216
19292
71974
57060
97930
71982
89236
97342
17628
80128
8200
35320
63718
23754
5600
26516
72244
79074
40750
44626
58716
93354
22498
78674
67830
72280
94412
51970
73298
57610
546
22090
59156
68266
39842
38856
97044
60894
41574
87068
97250
29578
35382
66190
76162
69754
45044
7622
63834
37818
80044
20480
68112
61882
17154
62188
69434
52142
88672
57176
73352
67398
95302
50756
30552
98992
25492
28542
38278
24534
8638
79464
65290
24242
75832
81218
69784
48956
10938
23048
97394
24010
91158
43092
37490
71774
24874
84462
56480
75122
61702
82480
35846
26966
51460
43958
52478
45954
58826
76836
79358
37656
40542
58096
15146
89036
86076
31136
26312
44364
34138
61126
19790
8742
19556
90760
74406
32570
55110
26268
71628
4844
96862
13116
24400
60512
65822
74250
3294
2052
51466
33278
21288
74950
85160
26748
58774
13530
18920
11172
1810
89436
76668
77120
2000
94918
98274
1956
18022
94226
94134
75256
52884
18264
25192
50914
11888
46250
71688
72342
23258
80480
21804
50550
83132
6646
40638
74348
17964
69236
90422
28714
68232
22608
20490
75224
75140
74514
73810
29524
20604
90308
74976
84352
81110
15208
3888
52140
81514
77344
87960
20638
27472
56768
9640
73732
85300
46998
26884
1018
44830
53594
90026
88108
13764
66824
43944
64644
70674
48822
2720
31984
47258
97592
60660
48122
9030
68848
67138
72552
29876
78138
55414
38778
13602
72770
34630
77672
88470
96390
634
24610
81108
46186
84414
65436
41354
84318
11002
39880
77032
15766
10904
66516
92308
67968
57072
57720
98376
15138
83592
70154
17214
51184
5780
18476
90254
41296
48654
39826
9986
23708
98386
93646
14436
47850
41776
15208
47008
86076
89920
45690
79512
146
4618
86154
49732
97276
33124
54346
20020
4488
38112
87904
17100
61202
59138
792
17358
12296
31702
63790
26790
20434
89484
59776
41128
80442
80312
96190
82066
87346
81192
53444
49056
18012
69488
27406
80754
3728
124
40564
73446
96640
75670
11616
39634
41496
97308
20166
35452
92694
64024
80772
35700
85100
822
73240
47410
73810
46334
97286
1216
42786
12630
26588
6394
76890
23696
40336
19084
92236
89552
9724
114
83350
78918
61726
81818
11434
75386
97866
46842
78380
96764
26758
34976
184
84436
3944
58382
11560
1640
99304
86046
16050
28252
88232
14960
41572
76440
34532
83170
38248
9420
97574
95714
65966
27400
50056
59274
41864
49520
56500
56952
59110
84746
12414
7116
22644
81264
18364
39550
90478
61962
39956
92206
96426
59880
82916
46510
76406
70414
44784
72198
94730
86994
7112
23678
60392
88592
58770
20788
89192
2972
32106
71572
57500
68222
22178
64152
83150
85866
66818
46912
51536
32646
56774
60936
83302
96764
83128
28572
47174
16548
43474
40774
79206
78056
82530
28642
44984
60492
79528
80554
63188
86028
51542
31142
9280
61888
48490
43400
39382
10154
33596
48834
78510
1118
32616
43110
59832
84528
69468
43928
42120
69000
46754
35898
40210
59808
59716
73694
85154
25868
92874
65902
45076
46836
26094
34764
34414
60734
93880
3448
49988
16018
40604
52440
89674
95950
13574
48684
67000
49212
44278
20584
34894
35666
20384
59918
17394
40544
41804
31002
5922
36004
48582
87168
84132
35674
60306
76008
41568
34346
7352
51576
37512
15280
36548
60400
32276
30204
34106
54970
40604
20950
58100
4482
75870
61530
91688
4442
76792
75236
40790
74828
35734
25408
75744
48634
8730
97794
43392
88414
93614
99906
4984
73680
86396
93642
5644
87620
1000
25746
42218
60276
8788
10750
13224
69814
94984
16598
95310
38098
23710
61710
28044
34234
81414
80730
8312
43172
12990
86434
61516
13960
43416
98280
76206
79430
95018
92402
40688
49178
35832
23724
31068
80162
71408
62948
2078
28474
22546
34604
90554
42742
46282
2838
68604
22648
74074
61136
54604
69562
75088
82946
72542
57566
34706
31282
11282
21040
11636
79206
20302
97866
59544
49142
63694
12250
22708
67112
93862
3090
64258
59082
97116
79326
24200
60750
22088
95316
88354
6416
84700
13886
45830
7516
71258
36152
74466
34384
38956
9184
33768
4608
34436
31142
23878
10366
30640
61488
96264
84544
49372
99554
62830
92090
73806
59058
8226
14046
47708
81160
47884
31632
90790
9030
86042
22806
50024
31776
21632
57892
96808
30166
47378
66574
78496
11554
98242
62180
76012
55726
58704
56020
22044
12038
50218
12290
24646
69144
26780
36146
72098
5236
22174
28944
55324
10216
56754
7252
95166
48246
5172
23882
94128
73514
90712
29982
96228
73852
32040
44242
14320
95994
74598
40834
16008
94484
29688
17530
79186
85598
20876
17950
57124
21146
10206
32998
82930
71320
93300
86566
44866
84648
5582
63638
1760
64944
12750
25060
48556
66788
16218
56438
86382
45402
81232
79604
86928
7558
50304
62174
46628
97950
65632
73110
92136
61268
97642
43440
37694
12262
72894
10878
36460
51906
54938
83380
93150
47182
2178
53448
15672
60356
8166
53602
84280
78208
66296
3892
77564
48172
54386
49458
64572
75058
85426
15482
41584
85464
81140
94172
42716
56288
33568
28922
2154
26824
12334
94506
54154
71764
57922
27924
24820
35468
58552
4422
18444
11484
14812
16416
75056
63226
83750
98500
3380
66098
69488
33088
43764
4422
26906
93412
78548
87236
98608
71906
25192
40104
1746
24444
32566
48678
54154
54922
26734
49530
47266
24790
40904
72950
43894
87350
57262
27140
25466
63996
32914
71418
84842
66864
37300
67112
53358
71330
7396
76500
84690
95590
98388
57228
42530
34462
73178
2250
94240
58810
7876
98240
38344
6620
27022
68672
97584
83950
98992
97414
57462
97344
52860
65096
29978
59712
28052
63070
97688
10898
79872
38250
9532
94884
25036
90160
91520
98024
82034
31598
19944
43612
61884
39440
29792
1132
22492
23044
564
54410
67140
1732
13574
94700
3356
40270
74324
24160
33378
23950
12124
20892
40286
30846
49304
12514
55018
98430
14494
68860
67842
17606
77894
93170
1048
92292
93490
21996
42988
49500
73432
87918
46640
39330
47070
91756
76606
91440
60524
73148
80782
89964
20480
70850
74518
25870
25232
75662
2182
31070
67134
24146
64550
54700
17458
98390
28522
68162
26588
59252
8876
53764
23810
94364
2646
30926
49422
87542
61428
40316
18264
49580
98604
14180
54998
95350
73640
70698
83768
78944
48148
93040
70792
33888
92302
36232
76060
84454
20662
55550
17108
67138
99820
69344
94522
80236
65984
27466
90648
24834
36294
25486
7844
77778
74576
54312
85316
20812
17038
634
41746
20140
87466
48098
57660
56256
52208
57652
15040
13378
52392
32776
31580
34064
77778
82448
42430
2846
82674
30232
91310
31496
37790
35938
32216
13162
88196
71754
24140
67740
22296
99138
51818
29576
4550
89712
42036
6452
85910
86264
4042
92050
99154
28964
47822
92226
34650
45340
10932
85264
99448
99758
15936
18064
24088
25314
63728
66112
98796
47382
47764
89316
8120
83002
95522
17708
55986
41298
3928
59152
88432
75140
18536
13584
72450
77876
45578
38442
46090
96670
84042
21582
36812
18944
33804
69350
13068
42564
84844
14182
95338
29400
6090
26284
83900
21582
60040
84562
46700
36626
31808
53674
10578
96448
82802
28826
3898
4936
28896
64134
3158
25824
92494
53194
52320
24466
49572
24018
9228
52610
61274
82316
21398
20026
7280
41840
80284
3384
6396
8802
4700
57298
68362
35730
88430
97666
37882
73498
21248
43988
37936
42116
2212
7410
30676
29730
49034
82390
93464
32486
52760
20786
2498
39432
93972
86600
60146
8092
11260
53836
16510
96964
84656
83356
31656
25758
11802
94264
74566
33572
59780
43362
73844
46304
36038
40454
81442
45664
61586
12800
70360
33502
13164
46834
16276
77400
97774
61092
70714
72522
51552
28368
55044
33176
74684
73250
66060
23350
69990
71234
61550
22758
36072
86378
22110
32990
89892
87666
66524
78444
6990
10506
25414
76100
91884
84972
87908
53340
99468
36608
75826
47370
27278
83978
3416
2172
47384
92776
14604
57126
82402
67454
32536
45652
60708
76822
72484
61910
74278
48556
748
67980
49838
11508
29036
61598
1492
9932
14832
69088
39244
18564
3466
49236
26994
98988
38902
18962
29660
35258
86828
90698
63676
42550
23732
30744
99286
41208
14308
99132
80688
6530
7332
12306
63730
59720
46606
65760
1938
14200
78114
34414
71814
72016
5446
34092
19602
48398
15426
68858
41794
57020
37472
94928
11786
41276
7594
48330
38302
37430
55724
38136
36992
39040
70112
33528
15694
83988
45464
11728
48284
40578
2696
90836
33216
65748
14778
47120
79706
83054
24620
594
25318
96798
13148
38762
85844
32842
24666
95934
72172
99354
91050
32826
39912
14274
80156
64244
74808
21802
90178
59846
23172
95222
51862
34624
90440
84766
62822
87690
83068
68164
7756
23766
80980
45226
33754
24198
65424
52772
97834
66786
46548
86654
88984
54090
77974
10250
28736
11252
68210
76248
96662
85176
94982
72148
96414
23216
48844
7264
66654
59224
84808
48232
44078
56310
76122
28032
11396
41394
56548
12690
18722
71368
79078
81790
88662
75868
27990
99098
19872
80326
17018
76424
83348
57482
52412
17318
6230
63900
19636
15492
18862
38124
66470
39820
46604
73328
59968
5860
7082
37190
60154
41934
3792
62056
78060
97044
90838
75994
32568
95314
49150
98352
11054
89818
19376
45070
74072
4316
83526
2394
80466
72732
49000
38832
5124
99880
49162
39412
96460
52456
51634
31278
79082
61120
11878
63686
54726
96560
75286
61020
22542
5238
87858
15736
63694
40630
12442
58596
37422
54800
74172
2234
17626
81206
53334
16662
9316
46906
91538
3926
84182
17492
87200
86222
18760
31882
85394
33016
2770
18364
48702
93894
5420
5604
74906
69108
95104
69530
82384
91810
61764
48450
97648
15298
46182
14696
86160
2618
65432
96868
42294
10650
59634
4846
7482
90592
18844
50582
45430
63610
45600
56978
85648
63250
98050
15892
80884
29362
27032
3924
97868
29668
8560
14572
88420
42634
79736
50416
16304
92446
74960
11528
79106
46466
10948
78682
39220
71720
75136
11600
17884
23132
54344
90296
41644
23870
95952
17936
98654
66250
34612
64304
64960
80328
29198
78702
99132
73404
17958
65160
1328
28394
15416
10640
41900
55358
70782
20984
48522
73050
35260
12226
73696
49104
95642
69458
60048
18894
19848
2594
18058
13864
59048
43260
20586
43630
92654
60750
58322
55526
37120
55050
85410
40012
78112
63064
41744
72514
74996
5534
53176
1934
71802
18222
55418
70548
90246
80504
88662
78016
3442
7742
68526
96942
34210
39622
11864
38728
43218
42544
25334
22698
47138
70874
14266
89422
85692
42686
5006
94346
13036
52776
8648
3390
75392
78624
25790
27736
11496
34884
62950
55162
58576
80940
80928
66164
81726
96654
63796
29946
84506
82656
15756
58896
84612
15140
72136
49746
83698
52094
87152
28110
33616
94862
72292
47792
69636
8296
59108
98200
40182
28306
1114
76784
49054
31500
91670
23430
67016
85722
42332
78788
45314
8060
88188
6372
85360
33770
41268
70776
51410
6594
35548
11082
85362
39574
82164
44792
2376
18676
17068
33818
27066
48788
94250
10982
29320
27914
8842
49314
61234
38678
56972
60934
39242
96624
12726
34968
894
25012
52244
13958
50428
41912
22620
4422
63544
17018
5224
14842
75696
51614
63962
76438
79132
85142
88896
2372
65832
62904
16016
83754
92404
84262
21396
15312
42402
29600
10438
84350
13334
39770
90430
34050
79352
44254
29032
66636
81916
20954
83320
82332
91394
49480
16468
59248
10632
80510
61382
87582
30988
37780
42636
30958
24854
74880
80830
34890
23622
57886
8516
12456
42254
9292
32822
10890
27404
4468
29636
46558
50714
61844
69568
39606
22910
37390
72184
34554
75484
11738
63232
82276
26046
48686
93702
26796
10400
54388
95828
29566
61182
8094
15462
3974
49420
55544
25598
14996
85156
11724
1294
63480
58438
46800
19658
7448
76584
37534
65730
72574
45246
95478
61792
85366
91970
73100
67624
62478
68790
12246
69868
40958
9814
59224
20994
94840
91660
37204
11392
92786
87582
42164
85126
55704
81312
98184
23596
54416
34334
23416
42074
78574
50042
786
85240
7938
78686
69386
91286
46438
15652
34812
79766
58382
47032
92994
59852
75952
20020
82264
24870
80660
9474
93452
64660
24992
96598
45292
14398
13734
79046
68580
94246
88006
55424
21818
89108
71802
49988
68414
58852
83108
12418
15928
38410
50942
47684
35688
5388
68110
17626
10742
81684
36006
15936
17068
24864
21952
47098
59522
384
53644
53728
36894
68946
19298
86702
37832
786
10360
23754
65310
25794
30234
89402
72170
80684
13478
54228
53424
35786
73226
16868
88678
34384
80236
33678
91528
64882
96382
15072
5420
21834
80212
24746
91842
55942
73440
74916
80872
93226
70418
91148
91660
4028
11910
89388
4140
53554
82508
70210
36924
71866
89678
45396
34018
32160
44980
46680
3330
65822
54944
33096
68532
7966
23652
13244
54308
34956
73052
44006
81040
92284
83606
29204
97724
65084
63660
51344
6086
57712
63952
42400
41078
21674
95864
27748
97470
92946
91838
61938
38084
39594
7036
51700
29022
48388
78900
32284
55000
21026
54858
42446
92204
33082
87064
47442
75592
2460
96250
59592
88702
30348
88316
29368
68690
1972
90050
33656
7392
39422
54678
12446
12104
47726
26378
95480
37232
25386
45728
85690
52584
41220
56046
43050
87624
60546
62764
988
86110
15662
24768
70426
19530
37248
49344
98810
60918
98012
88698
67090
6942
87042
60584
83472
30868
81906
87664
56110
15520
58418
34366
57564
90324
32816
61334
87436
61338
35368
85194
87832
87392
2504
68008
61570
17730
33600
40408
57706
19450
52454
22910
53712
95546
17248
84480
5192
75716
46442
18978
20226
75824
73442
77164
86138
29800
81350
47130
91470
14158
56510
46832
58830
34202
60688
22102
93204
36120
33486
56274
93240
2332
73844
95926
368
78928
75332
15784
24740
22576
3892
60398
93846
67314
68604
44038
63060
12794
91860
96170
25836
18026
20170
62076
87024
98882
92050
15638
73620
83298
34374
94458
11832
78666
59752
85088
37160
81250
58784
66778
25482
44076
37412
61970
80184
96046
65626
74430
89500
77210
17688
42788
67318
84728
5346
77248
41094
48460
94102
93756
68964
22426
82916
75062
7190
760
36110
79790
70616
63256
11484
21750
48852
34832
7006
80518
97628
31560
76912
50698
40998
56362
16350
13004
71890
97752
78636
58710
67438
82792
94582
42812
82828
51188
56366
82854
79106
99766
88842
84272
50622
43536
90254
9748
69392
70578
59674
6728
59578
83594
10666
86418
42228
66542
62428
91106
83558
67348
76224
69700
22554
69982
73878
38292
24392
21830
63840
15006
11856
96280
30668
87344
24730
59250
60072
30372
58982
34606
4266
3230
16560
54082
6804
78482
1696
23542
77672
62842
70678
80982
97444
48016
56238
33176
18294
37008
73996
8002
64388
2518
97950
25432
54052
77504
1158
30582
83540
83358
57716
34082
64604
67410
84558
35156
58272
45218
30298
60994
36974
41136
83884
13976
74662
36982
77062
48038
80524
52236
26088
43098
38744
17694
2496
29166
10290
29456
19646
50472
18896
16264
44716
90306
75810
4864
94898
38508
97560
98032
20244
57776
17488
87108
31046
7304
32788
67506
45324
73454
25842
35752
93708
98056
93502
90522
90802
3372
96352
29824
22780
50220
53184
72844
1768
60646
75866
50416
97504
93214
49536
17920
57616
91310
27726
3292
404
13602
57044
98028
3308
73856
49374
94598
56820
16410
89000
61270
79752
24610
16746
92678
83656
15240
44422
57892
1172
3706
66412
28254
25022
12814
78026
19926
86528
37794
25940
18786
91432
24254
32512
87018
94606
95358
17356
29782
63818
72758
14950
89230
88800
11110
87782
94650
1262
97964
4366
69428
15608
90074
36120
38644
2716
30420
41430
2174
93842
3536
83462
1712
71232
88876
48218
95242
72380
75294
52574
15634
78974
19894
29428
71100
52010
71984
34232
93166
50962
90550
69888
8260
35036
10998
30572
38188
19074
7900
95666
81246
84456
31574
42232
75570
93184
14772
73570
89292
64766
71338
78538
738
31442
88318
33556
15846
88638
14108
74136
83746
12196
2768
96538
90782
73786
5106
45162
44574
79386
37730
38536
74064
85218
59768
89062
78024
8964
1636
70900
87594
28242
45522
71366
55650
63006
20498
86440
23848
88114
79396
65356
16124
83186
84126
9630
4232
94508
83076
75568
3994
48698
728
11980
37788
16852
14940
40796
74464
24254
89460
42806
75862
34334
40074
81816
66218
36294
63512
26930
89832
53088
12894
92282
55294
2306
95190
79652
30700
2702
51992
65670
67310
93836
12374
98760
7694
91862
4012
17714
27582
93804
11036
32454
43118
93590
86190
52988
46146
97170
41948
16056
97814
33544
20904
67206
55376
79772
65350
70220
47508
4004
55934
8980
99166
25738
34546
21998
23490
88990
74100
6816
34054
12542
75990
46206
23440
74268
76900
77314
11508
52172
54000
76864
4006
67308
51144
2856
26004
9556
68736
56582
56392
31116
8696
31814
78004
26104
94488
89276
52996
23298
94796
7694
43600
69608
3332
98386
85536
68664
64148
11120
28734
72962
92538
72298
30182
58478
36272
23596
56740
69900
96936
34246
89262
800
87948
68992
5658
11708
76640
7274
29150
10898
17242
33780
93686
11540
1256
83544
62390
16530
21862
64232
29810
45262
73660
30134
19856
31320
82058
60648
84778
44788
19644
97016
51278
90192
62204
30078
44152
31034
49074
2658
18812
79134
90948
8122
6008
22338
7854
85390
10956
99546
65314
26170
49336
59876
11744
14766
87336
99472
12722
37920
24298
3374
59562
83462
70424
79026
46780
18410
52880
93034
64186
52572
64930
3834
16828
6874
97816
60286
28158
77198
31138
52122
2142
99480
8158
22118
13966
88414
91782
24970
14058
70882
62162
52238
66670
53312
17256
54952
41056
30682
84468
22040
48926
22702
18236
6304
16670
72364
7566
5796
73992
81188
12606
58168
27232
97784
66742
70676
48534
44864
57870
67498
66002
46692
2824
86476
65634
32522
76998
32638
10388
43998
93416
18082
97446
76778
34620
81248
82534
69980
14796
84606
44648
9846
42072
99622
80116
59570
31324
39610
96798
38
83272
79030
10400
86460
89960
76288
39682
4050
76280
95458
85152
17150
39860
78748
2806
47174
93532
26614
15426
41206
68410
23874
45566
68640
84516
22794
48386
83316
57486
26938
41994
93400
43060
87484
96046
76124
78630
54168
81620
12172
22624
61818
29034
53660
65770
50560
12420
89888
56412
94068
29232
84258
89654
5484
35668
25032
65924
91576
85058
5108
69990
16994
3408
10240
4640
89424
99512
12964
14610
61050
11424
68598
31288
48294
67220
4030
20972
21252
38058
12144
66798
40632
2788
92462
32094
45040
7556
39686
42900
29914
64018
27134
49768
38184
26448
38760
67652
50228
70700
49450
82894
11032
4234
58482
14698
29422
43014
50234
60454
55572
2974
19932
15548
86070
56750
32586
16236
35826
83832
70786
50926
23912
53044
456
50710
45650
78464
1184
87790
97260
89868
29858
6986
60168
93830
48638
71832
16326
2542
87288
9436
38128
61936
4622
93264
45016
73992
346
4600
38584
88446
19364
88048
71146
8654
46288
92342
22776
3806
2084
33516
7400
9242
87124
96776
73172
90490
77312
13674
71952
26218
97028
56948
95560
23038
94812
55146
52058
63706
27852
98204
11356
66914
11434
31298
93884
58794
60278
13912
4214
34546
65192
72380
40470
59440
35886
83266
43024
90592
73356
98544
52748
6254
13914
13270
16816
82278
67542
41876
53410
55018
42918
52618
72132
67484
24182
82142
62260
94386
31378
12492
18416
39172
84944
34554
46754
20844
13068
90496
91174
93492
16346
2630
8250
14134
2738
52938
1064
4168
56918
24306
91306
24406
2410
90952
83442
17796
68784
79292
362
58974
17796
34326
55252
72612
56714
6454
76048
56376
28408
90310
44620
15730
34660
85198
43606
25746
73684
40258
27968
46066
6192
44336
73824
6868
47058
41742
74366
9634
22642
55658
46336
41398
23102
29954
10774
59614
72098
88770
95974
27460
46806
35912
26690
15324
26342
80582
35254
84424
93498
89708
56034
13008
16518
78160
43530
57318
50790
33348
32186
81198
4606
97824
52040
88354
54928
99006
39988
69106
24500
96386
54438
59202
58160
56504
17916
82548
59116
54986
28068
88574
19182
20798
92898
35422
6472
63792
5646
86248
87874
27420
38428
22238
15942
83644
21330
83008
17730
71676
3468
72618
62956
7594
2454
46870
4192
69574
80414
89248
81136
77380
54306
31256
33468
96140
38742
99476
15888
45826
60064
96734
83338
48566
6166
71114
74442
7474
12664
58374
11554
64588
66996
60470
30600
756
85606
49356
41388
32500
4828
42514
12244
64056
8624
148
74122
85838
10932
64962
20980
94524
74306
37172
13932
89812
7584
24208
96732
11500
8762
4362
23754
47754
93152
55388
21674
66880
98378
22660
98166
35036
46086
8038
51932
35134
70686
60456
89528
28920
67936
31728
49068
21372
82674
52784
4564
6734
30798
74888
15088
48568
44400
31100
2298
62684
3756
86268
57026
20696
24290
23878
53260
8074
5918
41892
59592
95548
65606
8584
22564
69294
51940
17652
13620
40844
24722
74016
17568
89158
38714
31138
26408
4134
87490
66306
86466
69170
60722
18682
8866
67376
12604
40204
75392
77350
79154
46574
57980
87424
14338
70104
89424
90748
6552
83326
59440
87576
23600
1042
53016
11732
35402
78124
31446
43898
17510
30670
49518
98446
6176
33262
42806
5704
95092
31612
62380
5418
5524
11598
42880
33238
18774
46040
21472
3226
98234
91370
33588
94254
56260
33530
16372
20616
90954
84694
97028
36410
39076
78764
17562
82000
2100
31258
51284
70064
76466
46014
46662
60884
77386
13284
27172
30986
56152
48544
22736
37752
24586
74346
35316
89878
40542
2578
80408
97866
17772
53452
62942
12754
67172
61156
64938
34446
56144
46956
67124
23942
77998
40690
36106
34206
76504
70510
9454
61874
15732
51764
87836
45640
53608
57888
27162
77282
37208
86344
33668
96306
93718
64892
80120
49200
94770
74800
27662
34592
5518
17424
21222
46182
82072
76746
60792
21024
310
70418
4688
46008
62514
51136
57260
62930
3364
9244
16952
28104
98532
9036
11296
56082
88492
45250
41044
92370
24352
93924
51018
88424
12218
33960
27774
89600
43348
89516
60500
75426
9814
41200
95296
9180
14738
31834
85676
56420
84480
94342
76962
87380
73306
92122
31972
47558
6444
66682
40090
29912
43564
69124
49876
4434
55792
13952
2872
22480
79496
18092
61234
59704
52092
46946
40370
70430
54930
44638
80844
11448
89686
46932
24796
27640
5976
81416
4424
78536
55898
49178
34722
64210
44012
31156
12870
93018
96504
89474
27280
1492
24662
58180
1344
68010
13344
82888
1264
11018
45482
91378
90240
27470
33818
5752
43496
16986
51686
49318
89752
92654
88212
23324
71730
1766
80376
17318
3174
62924
44624
37336
10638
57212
32360
18300
76222
454
98998
25076
57660
26300
55422
79904
15590
71078
4672
57812
38218
41184
90302
87062
67890
12726
67106
21470
44202
20252
49304
7540
30728
32750
61420
7466
86966
71502
48314
29098
32196
58588
19456
50388
2362
79636
130
76514
47976
64088
77776
72374
86834
23976
56542
47802
34222
43208
45358
70284
33628
60894
46488
8264
62970
35140
53564
67962
53334
93008
37852
91502
23206
43628
84694
21278
48396
46834
26314
66858
28906
66364
44910
72752
24268
46776
75646
2434
5238
65000
31042
77772
67964
40340
30142
78506
75634
75660
36128
97304
33960
2412
18386
14562
88194
99008
50060
22894
42978
43366
72936
96828
34798
95422
80162
566
25260
25376
2746
49776
81886
10142
82324
47688
5310
70182
62124
88362
2758
43714
53256
46006
81452
7136
66682
34556
23050
89490
68904
33058
27696
98466
53282
31870
92818
33356
66712
91568
88778
37746
4278
67300
34576
37260
20454
25922
65382
89916
67410
69650
80364
55692
69788
25172
74822
69508
65804
72216
18384
5018
3398
53156
21630
70288
6960
28024
35132
29840
67240
69732
4542
94238
49836
90682
92584
11874
87108
59852
64756
36088
97408
37276
46020
73060
39486
48652
87794
3096
64872
6114
24894
54546
61282
69968
43022
91084
55204
69680
25844
46640
69964
33930
68830
93880
77826
89880
4922
74588
56058
37908
23074
38272
71878
75296
11968
38418
18146
2484
30544
18816
10316
89786
20904
28000
24720
86094
27138
73020
39106
39632
83382
98922
42580
912
38058
51604
24764
27846
61272
79626
62166
74470
53840
73240
53156
26512
68258
34698
89086
90922
47058
94480
48122
62870
80990
36422
55344
52604
58358
5994
35832
64976
85348
30000
38914
4748
30506
58212
57938
72150
43474
43532
24890
66992
78144
76768
63682
36658
72434
96184
57298
39280
900
1868
444
86784
47832
54374
75702
79416
51302
6306
36750
66308
65372
26612
69494
87252
44912
49938
63932
52964
47406
27434
71510
71914
35186
94568
58328
49516
48824
59102
14796
98680
41720
94352
59542
77362
74070
42844
25454
11764
75790
19348
86940
19766
9814
37984
27320
91902
29964
61976
12466
77772
25064
91858
56340
11500
56664
74580
45398
51412
22534
61386
86632
16462
84632
35930
92238
93978
11298
82904
24678
96422
24044
78980
35128
79046
95010
65590
68680
80608
60896
60216
47214
96398
20562
32850
55370
70232
672
4488
88526
94186
64488
14002
50084
5828
6202
53148
1320
55614
52812
19338
43732
94568
74722
1028
70514
44050
78808
41470
4616
68050
21626
37546
63456
10472
92008
69408
83984
6478
56494
78726
60552
3752
39192
27110
59110
10028
43072
49250
16530
51278
64182
77894
15862
95800
32264
61054
18386
1216
60320
52084
44836
54278
66646
44056
50326
52354
42192
56470
94784
94276
42904
22342
54378
21640
4670
60614
85272
23586
94628
89094
33104
73762
25966
65336
32226
22164
44818
53464
70974
28344
64220
53548
72908
27708
67786
18226
92830
7716
50008
82520
54068
67670
10934
44010
69378
29628
41426
82092
83478
75764
94594
6424
85052
17410
18832
66120
75562
18538
202
24706
99820
3888
73676
69308
12270
40616
46924
82252
54250
95710
62506
90614
81978
41968
5088
28032
63884
64452
38112
23564
93210
32480
71460
80424
93482
87974
40156
39824
93648
86878
50574
93908
81266
94306
43656
29784
82208
14752
31288
30636
40012
5292
49782
26004
35294
91524
66894
32802
44902
70800
7366
39310
85090
26122
73072
86796
53268
74692
87292
22382
73150
36592
37742
35270
42142
79522
34678
95524
33696
52104
74748
81404
94202
27074
51078
74470
92236
69480
8070
73314
98186
56992
54078
85268
56038
4054
44294
5684
32264
26862
39016
34684
62020
2958
52314
3888
97918
64524
14514
50714
64942
19530
96262
3354
62992
99642
88482
70892
75604
85080
14172
30114
9928
77350
81630
82582
86498
8168
10958
31418
16532
43966
28948
72168
38252
4976
68036
10226
90632
55090
27730
21096
64198
22532
69942
38178
76124
80926
10564
60214
1274
59946
90744
73864
48662
25644
81130
43174
79220
56764
78552
66988
34048
93600
84488
80330
28998
94830
37582
56320
38678
50628
9480
42090
56048
23744
82662
52904
22868
84896
25610
49610
66576
23978
59946
44310
75278
19672
42092
22778
47324
81770
8498
62582
88442
60064
65052
38732
14026
79302
53202
292
62736
18612
42882
98194
98218
92464
44676
454
63308
38220
10738
97256
29750
37992
23840
17604
86656
20728
4204
27242
85798
22542
72300
3164
22158
50126
64642
32202
45456
89886
69390
5536
87544
46010
83196
28548
68260
62554
37322
67252
51474
70522
87078
62256
54778
36454
67050
13040
93620
56656
18578
74838
37920
8036
32136
6508
2074
35904
82702
31568
20398
31614
67996
34646
57472
21144
46814
84122
22512
25226
23404
81750
9478
37052
97888
3082
56820
67164
27970
73176
92688
17832
54626
82626
67552
42562
91552
40560
36508
22600
13724
31968
96476
51410
73272
26268
68588
54372
97484
47256
84674
18468
93018
79258
68444
78664
57458
68514
82404
40988
28108
61820
35230
28200
93744
5854
97944
50742
54696
69002
48860
8532
43538
85930
83554
71488
93368
58756
23866
98834
90806
51010
70436
49788
7062
84186
85578
4978
70610
55196
79260
20468
49166
64582
69128
81912
26642
48836
42828
36472
24950
7350
46146
18370
69016
49688
9760
23752
45386
18964
47548
99208
25198
69384
64472
73120
54648
59636
6660
97180
67140
57916
65922
86470
76998
97936
50590
44282
46316
14798
19744
63114
86630
65850
24446
84568
27814
10632
14756
71470
65794
76754
42986
95832
76526
66252
810
98440
91374
69446
98776
75592
92096
41522
4834
90264
24582
47712
65800
26522
71144
32562
29322
50044
40064
72698
63170
44922
83646
99168
93440
4348
56286
55240
11144
34972
49112
88766
40202
6294
33508
55228
32
46700
83606
21778
10932
56466
30408
55546
70382
1314
70014
79118
16928
53410
30720
67234
92086
96026
74356
99530
53926
98168
91964
29922
60258
49578
74066
93136
53788
87648
84254
16278
18712
24750
17694
48394
89480
3946
25470
15568
63016
90760
31288
97694
75016
74100
85302
38478
36148
36814
8526
40156
1710
57990
70998
13690
66114
26072
52050
71620
55126
31246
18890
95204
20838
77716
9730
4592
81000
11740
57586
97870
6032
20464
44416
88536
35356
45100
40536
22986
56016
97320
33546
14690
63628
71988
44590
21614
338
69970
8176
24224
66822
966
10440
72430
89660
16032
47922
80970
68192
58358
60194
50954
59232
52732
23732
91402
68570
72830
8422
35144
14514
45998
25452
18438
56536
65476
83848
23064
14610
78748
77484
82836
79840
17812
49684
10980
58712
946
33742
99554
39270
76786
28792
96402
24460
60932
61560
56726
92504
76464
19320
18492
23066
32348
70126
95654
62866
85448
8190
60030
50350
25820
79828
70478
73968
33678
92944
96678
5218
92524
47196
876
6298
70008
98066
540
15834
83030
67222
32116
18736
83734
97470
26746
34414
51374
52930
85870
80910
49782
33640
17624
13328
36652
65148
98628
14766
77254
96332
23822
42944
8092
82254
33140
17604
50190
70926
8562
18430
35344
30174
47164
6108
87724
36774
36064
32650
42100
43582
49776
68356
47324
91466
10348
27942
28308
54926
54262
83822
1768
76286
75336
9842
49568
24734
47694
81480
13518
44580
75236
81484
73342
35500
29790
85104
78626
79300
54712
49480
396
4960
12314
65146
87180
6792
72950
21762
51056
53548
48708
83712
30332
74886
14704
19636
87288
30842
5066
22894
84618
71448
88536
32034
8924
86630
13150
49254
47982
66786
58858
3314
63842
50454
72522
91224
84876
65766
61290
37714
86706
81428
10912
42638
28980
4828
77134
16610
85736
37230
79094
78528
58506
92552
30214
43024
73130
12370
6194
79808
57152
30250
31010
54470
31952
73592
51206
61824
79840
50400
60488
39022
81972
90624
46800
25644
87892
83388
12840
30450
19738
5870
97856
29392
96020
17934
91798
21908
29574
48652
29098
64958
23382
20330
94430
62334
81092
54694
95268
3476
29258
14156
92072
4860
52638
5186
91772
28750
35870
71288
96218
60478
5326
26204
38086
2064
19366
16988
45062
32212
67184
75964
16556
41672
67532
39126
72306
36450
23944
12230
744
51914
93320
30376
57650
99516
14974
21888
7212
81314
19296
84602
47606
3668
57430
81318
78180
62512
36916
32956
41058
4962
88860
92616
52866
70568
58018
12660
69192
40104
73260
14834
59242
6914
13912
91926
60908
70106
30902
41810
74202
53480
70238
65252
25890
55850
31860
13494
84268
63142
86332
28728
35558
86394
21566
414
51896
34704
81614
3724
79886
95260
194
88572
95134
80544
27422
17886
90754
37996
34408
22484
79022
98558
26252
49336
5728
28304
93760
42634
9832
38968
25114
58520
23672
78122
10932
9176
83824
3150
92984
15832
89088
95168
94604
4644
52576
23966
88302
12172
55662
35452
25254
66090
56636
3948
20850
66720
24962
57750
34244
49250
30374
9696
83156
75542
6330
31196
60878
20438
80786
4726
49246
43224
21338
78858
83976
36498
61350
67304
56892
63294
69402
70362
16902
58396
9888
8062
59740
45666
45380
29330
66036
91580
1182
83630
8410
930
83304
66528
93668
54708
23766
42944
4072
6556
35798
93630
78238
2262
76832
40902
64318
6594
27000
54090
13466
76264
4016
82516
7284
58506
79826
39350
95670
60320
86400
75972
94670
17006
13360
68868
1352
87530
79876
75520
55424
62106
292
98606
32216
83114
84930
75030
27864
92148
88616
17484
70152
17078
83860
9808
56618
33096
48682
57746
87680
52718
65700
23052
2400
5104
16272
10902
74810
77176
65698
57348
42538
61496
14012
6634
60470
7808
340
54996
15480
96028
77892
25596
95442
66610
68230
63494
81300
95440
43820
53236
20962
92718
51272
28090
54872
35256
96426
91864
68672
75944
37132
65428
27402
78948
76252
7566
17824
384
54010
53872
47182
51150
9184
72530
5234
54942
60698
7550
60622
7862
52292
57954
43834
38656
25544
71582
43544
98696
23514
26184
16314
66348
78092
92754
72206
62794
52180
27064
39758
6492
39018
6406
10994
5086
67660
47642
39460
38364
11698
90450
32568
47400
4092
88424
72716
17580
96360
7332
58116
25126
59714
96442
30334
21712
22644
26868
29766
37442
72612
1488
48254
32078
610
24548
23484
82176
8344
37760
40734
36358
48030
68574
992
39924
21670
666
16280
73274
17736
9962
77844
55218
5926
11514
41068
41976
62632
4370
89760
13502
60142
35006
98814
95336
78412
8072
92586
83320
78526
76830
20264
29120
46138
3048
38922
75730
95112
50466
63386
67636
96774
14968
83470
97150
66994
79234
23002
29286
68670
4516
77084
86728
63210
14776
53256
82512
1264
32520
55524
95398
53634
98318
26432
684
67792
29732
91124
80292
97018
88166
15812
91114
90366
62956
76806
95522
17182
69050
52448
30942
34672
2552
58498
78212
88262
48062
65850
47854
25268
63498
19318
10352
85818
91116
82708
18760
13394
98920
68030
95192
85548
14500
82330
26462
38998
56778
87160
60314
54038
60560
46026
94246
99736
68814
93978
14374
88894
99028
25068
22566
60044
404
92022
42748
7716
62488
65824
78548
94294
98908
86570
53960
67006
46166
72124
2436
97250
57444
22488
58780
9850
54500
89868
67850
72866
37260
70580
95714
81842
9762
7882
22660
31600
22986
74128
14862
35316
89520
64356
55260
41728
41534
67528
56270
58066
19522
85184
99152
22822
26582
20952
5006
57650
39036
52274
52228
31028
5520
44058
11274
63974
39762
82728
96860
10498
98786
3368
63124
83776
89400
68066
88354
95666
23060
17524
74974
66432
35336
32072
18514
18100
8568
30012
14742
95054
28744
51532
40458
20758
6692
76200
98474
97652
88354
360
37680
35712
95260
13956
55212
78780
90008
56608
80844
30766
33906
9880
52708
47952
4248
90438
96420
7496
13770
88830
77142
38090
41378
67268
50056
98582
27078
23906
65396
88300
31512
6422
86100
65012
38908
89618
79416
9016
47500
31336
8764
13100
59750
61274
69360
55766
98758
77282
8224
42458
64288
41052
36728
88896
42754
95184
22996
882
92714
89766
65092
35776
85638
15466
81652
26060
95484
9344
36336
10256
90652
20548
40198
34258
48034
23844
51534
79574
27720
54670
48642
62760
7784
18230
50090
51784
81660
27250
55260
94484
76864
52200
86620
73750
14730
34896
78200
27940
16102
35770
58678
29416
58582
1186
96184
8990
38946
50194
13558
98296
22356
20632
34242
55986
48650
91686
75504
31332
48560
15108
11776
88816
4064
78718
64502
83038
24892
70740
91796
97216
84380
66470
41536
84864
48052
80122
28908
39166
18944
16946
28140
66466
10594
27346
78198
61114
46026
31790
21734
33578
84554
98982
12046
21786
60214
33136
51572
37566
39226
85714
24340
30250
27644
38762
70450
83024
32470
62782
4710
92388
34642
60022
81108
54038
28742
21030
33312
90572
99048
98260
15008
76576
33080
17478
95408
92476
31882
53540
86532
22104
56660
53500
82312
62744
90794
67680
27340
35556
95682
17720
34336
66668
75602
36814
87914
40918
77604
14354
60236
96562
54306
7254
5074
85846
88730
13816
88410
49018
60328
88508
35040
79884
49894
85060
13708
56740
48344
92404
78532
19698
24630
89910
65916
73272
86264
87038
39830
66566
79886
68240
82128
21942
69074
68456
83110
20232
80300
33914
5902
14084
17818
98384
11814
99342
92850
12076
60864
68418
68704
50352
72330
17722
75062
33746
69218
19002
64654
49324
53468
89866
17728
66076
73858
5630
6042
33640
22882
29700
77740
28196
90530
86720
61304
52392
82946
7140
89800
77454
97578
81608
37492
86464
16592
94484
87162
17952
14214
24106
32540
98974
7832
44636
85744
32866
47424
13186
2762
7754
67824
58726
87318
9884
87992
12204
53612
49148
54734
84470
84860
8566
99646
51124
83666
36764
40872
57624
45200
12222
84926
95834
65410
53976
98088
26680
42662
70846
63366
50470
1524
11712
47716
89916
13346
72236
42518
45576
24496
42424
35714
8578
45254
57974
55702
48290
14780
8684
6856
45608
9486
80704
71430
41260
82246
68966
98212
17264
54940
14308
56534
30078
99022
23372
80926
38258
64850
45354
53422
47332
52148
44270
34588
42372
30594
50034
51348
88706
69564
59864
52698
23790
7244
68382
2416
78432
41018
4334
78032
8046
33992
56964
21746
49796
54036
11046
5242
71860
18362
46798
82452
11748
10182
35388
71352
98988
12608
93324
60950
93936
59148
11934
10644
26070
83984
87100
65114
99038
91970
2658
67702
45170
24920
75450
38820
93452
6340
54990
24666
35986
7416
60354
62520
78754
78902
3136
52026
94772
65930
5212
54146
1586
95628
6312
42932
57822
91920
47356
21134
49024
29386
38866
59620
30102
7436
99304
42240
38216
50066
31222
40030
88274
1008
584
23780
19402
48918
72592
34212
88456
30634
31586
2076
18602
54890
40360
4824
53836
47946
43408
93106
78456
50354
8112
7394
91416
41886
50562
58176
97714
55062
5064
62668
15962
19698
12286
73554
30230
74414
73426
84512
44428
14208
84590
37224
90424
99050
22006
68600
45920
81964
60296
63556
10870
35780
3020
72148
30238
62992
22944
89960
89014
2160
17724
36988
91042
10880
34782
25452
29512
7318
4604
68950
14088
98168
94246
11312
65646
45156
1718
21096
97242
6704
55238
32790
62102
53580
98244
92122
60984
14902
86210
14276
43110
50946
14414
58294
34424
60950
31382
41150
60934
83296
66452
1588
90370
17468
52072
56522
48482
57618
65650
37338
54058
99664
42946
82708
28472
35086
97856
97250
51398
1374
37738
50942
8836
24976
79130
64734
23708
85466
87384
87046
22594
23090
34418
44936
26610
94002
73180
23098
92182
46552
31928
45156
67256
94022
10318
97758
73494
55248
11426
97604
43116
93310
80204
82136
63510
38686
33442
45394
12542
86984
71472
80250
61190
95536
416
78518
44018
13286
72860
56104
11814
33092
25912
96804
72180
11470
83064
64440
16198
81250
41844
9434
4940
31488
37492
48676
45818
93436
31810
66732
28164
38472
62582
87732
21206
38848
72480
41484
29012
28202
22458
94290
78844
78054
54948
26830
92212
35182
93960
30654
99614
11682
18224
27100
10540
11758
23024
78234
78944
60506
36846
42986
83608
59514
28924
23924
86338
46794
88806
23528
38596
11074
40178
98270
22424
31452
18976
35706
10118
89322
58142
47704
69270
88110
8776
72874
75296
59278
67230
68590
45980
49788
3328
37078
10632
33942
15018
196
41028
73280
49506
62722
75224
82270
7806
2196
17340
29258
31414
98976
76712
61866
1832
28252
62976
21268
18750
84176
40840
44030
6936
12198
56446
12652
9772
61068
94400
96652
15852
73994
10296
35066
95788
240
52152
33590
58334
16942
60334
21770
76148
94618
36738
10480
5682
33710
62194
56688
18416
25356
48040
37016
55334
68828
71678
43226
59482
66830
89364
1498
30700
27452
61346
23780
98212
79746
15432
18706
29264
95856
44416
21726
3490
41510
25976
34456
51202
51024
71210
31048
312
92418
27928
97276
82278
67594
69698
87830
22854
51068
27044
78344
56986
47050
14266
15496
66594
29476
63528
31296
37370
82734
96236
78342
26504
98030
4140
31232
6238
75768
14916
62750
89200
34826
18100
4050
96260
31514
48104
8916
66734
6466
3442
92756
26224
502
3274
95402
34440
56404
58704
22696
28738
30440
30824
10100
26202
29622
6224
98726
20134
60716
78410
71052
71936
79970
23764
43506
72050
52296
31194
7746
19878
26180
39666
33786
68476
84270
45140
98510
60100
3590
91378
1896
59098
26072
7940
84422
96490
15594
79102
9690
93442
81346
48364
6736
11836
84296
71740
13196
63854
17060
25978
57552
48986
38468
60452
24536
79460
37896
73656
55974
73954
39266
46432
15220
2744
30116
58496
68634
30184
19534
9746
87652
12544
86556
26440
83516
12020
30746
8654
21724
57162
8682
4936
77528
57220
10388
60844
80114
61332
98032
29306
3628
82280
15008
66164
42540
76174
92330
87428
43122
28646
35574
31220
26354
80420
53004
81378
32228
80744
15102
56442
62564
6106
65024
2816
10610
72844
44008
91802
65364
1478
87738
56466
74540
64066
72636
61908
41902
31004
71462
70310
90520
57930
59654
80678
50586
53638
78220
53062
11704
50482
81826
27186
95242
65970
58448
24022
30886
5582
66788
92112
9590
66122
94412
70612
71400
37328
30668
74104
90256
96400
14110
21060
99128
60772
85378
83112
40854
90906
99970
7082
20696
56638
81578
416
79508
59264
35930
11418
46336
422
65448
21842
86902
52012
83488
34028
37666
61440
22728
59944
10820
49952
56530
41228
56224
42602
9692
82866
89816
67370
37084
28896
88866
9738
78836
24060
89796
92204
37898
94718
30476
43202
24480
89260
57436
87636
89146
80746
85670
35478
22138
72248
22078
28278
8012
87378
67640
43216
46548
34810
20540
80086
87824
91238
19412
77266
90988
8462
51558
30934
8878
55094
6948
83716
78164
10044
10398
25744
4222
13308
16672
23460
53470
96292
16986
36902
164
72086
54022
9438
2484
56862
60818
95728
73370
23868
62052
59500
8558
91262
14212
35478
94382
50730
16394
74734
82648
71664
13562
22240
90802
69150
84624
17528
10744
35804
14986
19164
18232
70272
91994
24132
91878
42004
54042
43648
6704
64106
49418
12114
2536
73026
88378
4656
70220
42958
13220
76006
81828
12524
34296
67294
53442
32960
54332
95176
4040
48434
1700
17698
94800
47376
80344
43296
95418
30594
63398
85382
36574
4004
69670
81252
87262
35782
35274
46340
74098
34568
60664
35612
10366
15264
16018
35370
12018
99376
81872
61074
1816
86710
94874
2762
91354
59206
54368
57830
81352
22624
75778
70878
38128
53826
40346
84488
98630
85088
56142
43888
39340
7566
13684
59798
83830
56788
35286
68816
90688
65822
73582
648
75954
79258
30720
53530
96146
69556
83904
40680
30542
45854
16246
44530
96704
87756
64498
63262
33770
16028
50498
97328
16060
15772
28998
37540
80826
43228
30708
22364
86248
27442
12848
68368
57310
6806
13874
86454
54396
81140
45212
57630
72438
96830
52320
1300
78882
31868
3336
86790
71874
37056
75150
46680
26940
52646
76084
76624
13442
57166
11780
99860
74852
66258
42394
27296
76332
55372
95690
2876
38444
70290
43706
92120
35084
32158
28324
42000
5888
17810
24676
27942
65266
28186
59358
27138
76966
41646
42096
27130
55068
18042
72348
68366
49578
63124
3422
18358
88812
5694
38596
4364
36140
57738
92862
70784
39624
68330
84822
55022
23458
32872
29032
51766
34150
79386
1888
60280
54834
22676
78528
17962
62078
77424
3230
97636
79806
22394
45604
83008
25826
45222
36868
40258
83854
94242
992
60912
33002
35318
93236
99606
44138
34762
154
86988
29190
20866
61906
53902
35816
66426
37942
87274
50184
2804
2302
49936
2826
79368
62328
23618
91730
18296
35790
4332
41946
40136
11756
62918
60958
93198
52040
75686
42452
99970
57630
18266
11236
75532
27798
83316
2490
92304
54016
32492
77478
71328
59228
83642
76782
41260
68472
77220
10192
38518
12306
46544
53626
47018
23986
34494
90010
6476
61554
88312
88754
28238
92824
9680
10180
99958
1642
95106
83788
92836
18956
9026
9922
49704
25832
64518
94600
80856
36074
7786
44196
22622
85810
57932
75888
58718
10132
540
87256
23192
81376
13278
45060
91014
21632
13100
78824
19314
14018
53474
84938
17252
39018
8946
96102
63184
95298
90142
87050
10876
50508
68760
89910
35144
6484
40882
68472
66394
33628
90716
71538
12388
32448
17614
38784
73180
90072
690
77402
41650
62250
26974
67904
55690
68192
70344
24272
98310
21120
87292
33540
67480
87534
65246
31148
25748
57822
99194
7760
81528
1412
81308
22660
65106
26002
84126
28940
96142
45312
79878
18170
75796
76586
40464
6900
97608
63478
65540
94756
10868
32638
43540
4170
49686
80274
3190
60872
77704
79584
71190
88444
45206
68880
28908
36454
76452
54110
74188
51478
44176
86362
56794
5050
76788
67322
84224
30518
8436
79974
19564
64374
48630
28850
3896
51884
75106
14456
7388
95528
41688
85542
7024
63982
26824
16628
38044
15442
5684
85854
90702
54054
69552
21108
22608
89944
94764
9116
97876
8188
63570
40198
67876
74956
27114
41878
44140
42964
91750
98804
70620
60546
8308
61052
74536
2236
98476
81194
28598
35288
91296
280
47096
53324
97786
52798
9482
38984
10824
90932
91918
7878
66674
47834
6730
64460
6702
94068
94258
37886
16234
67034
73982
39332
55952
16712
41650
12314
83368
72298
49606
13380
58532
50504
44540
30166
90250
16386
15798
33832
99468
59856
3472
55434
27048
74394
75030
80312
22828
10016
96042
72734
32336
10774
21578
89206
17224
10420
9250
5452
34614
63036
91578
364
67730
720
53068
98952
15062
27754
19038
27480
36506
52654
78316
29342
49562
524
50240
92444
34174
92346
44052
35474
64386
230
88922
88820
74288
53864
85836
18572
33668
35184
43530
83354
35576
76800
85770
58836
85582
9938
57644
66730
92602
19646
45458
568
95466
1408
83312
43264
24914
93346
73516
26358
10484
2500
16952
82604
97688
40808
41980
51586
15228
18614
44740
38390
29250
31624
60322
35980
57458
73362
78180
88328
96006
63374
75368
94182
62596
36844
60694
51992
78178
98514
97654
720
74598
79518
47684
9546
34392
82124
48386
62044
59364
84382
54772
66896
10808
48310
47594
65044
88368
37484
94238
43184
80934
27376
44102
49448
27378
64060
92038
53972
35888
25212
30994
40666
51584
60726
8808
16256
4546
44820
53724
70972
86172
94278
7956
53458
57096
16438
92916
73776
24174
77250
93734
16946
19266
25948
47082
97050
6050
68706
31778
326
36600
46048
14834
51894
92830
26828
74738
17500
3448
62928
77638
22342
44232
81776
60348
7920
10522
97060
3628
55152
87302
79892
87132
59302
44626
79600
26972
67512
27670
93396
54594
73536
93766
67266
50918
20512
17088
61706
60208
20342
50764
61200
95176
88912
44590
13218
53482
81088
11324
55916
84396
82254
30070
19148
98654
46274
81526
61480
65664
49526
37412
39920
31196
86050
45002
56520
73316
67148
45602
17902
15232
49392
59402
82586
12500
33158
79290
69774
60782
33660
13022
99656
35792
58454
27212
8384
24254
55976
92776
77658
15338
20666
97716
28804
66510
84076
64300
24222
39000
17210
52378
75278
92780
64444
80350
70068
8556
44590
26834
92416
48854
14620
32798
26286
55626
98094
14342
89678
41146
60578
77904
664
57046
56454
16680
81658
25244
78058
60242
52994
9910
272
91046
1220
87414
89242
85304
98418
99124
76922
2238
8918
73496
30132
56892
54486
82312
16700
17142
94056
21592
72054
66374
80420
79504
26230
25232
75480
58796
21124
96226
45502
83544
46140
83174
4300
99478
93408
32402
16630
14756
36114
84778
28726
87044
65916
11600
25432
48778
83884
43314
7856
3698
98866
88498
39924
16970
9894
45284
37542
97842
99236
49262
82786
68780
35378
92032
62460
99710
60994
49588
32838
49134
63420
43154
31012
43656
39772
61948
38402
13226
27238
65558
29906
41728
67938
596
69150
12062
34568
62156
3244
14690
75056
60924
21348
43260
64792
36984
73242
27892
92516
6454
27270
83054
52980
67120
11976
16284
51760
91992
56416
22000
92262
80450
8902
67004
48584
30688
93362
952
49392
47156
99396
93786
16756
74998
57412
60666
59868
19738
63976
72764
31188
16614
28644
76258
28814
45574
37274
22912
94534
3062
82732
65264
56584
37116
8682
1230
17156
42674
42692
60214
76612
33420
5042
19670
75032
31160
11768
82326
74058
4212
7530
61312
39176
21826
16478
98574
33098
7014
39394
94790
18154
57256
31394
65048
88968
75448
12210
7156
99332
63978
53526
55998
69192
22028
37564
69242
16200
62752
3486
46492
72800
7930
77842
58964
60660
70608
62216
69604
99580
61276
74168
73658
28418
85206
50936
79592
39238
8716
20576
31210
84764
86622
48386
26584
18634
67310
4136
28422
86102
64320
52970
77090
40958
94622
30648
22984
44568
74398
88570
94018
93860
64778
85268
15550
57468
35928
22382
73918
8574
14256
43980
52830
27770
58924
79912
14572
4450
91922
46562
1868
21116
39256
27990
12452
69308
45094
62436
80634
27242
33952
81476
79838
9234
49270
96508
19738
43320
2460
97746
17748
56744
27820
60514
82572
35412
63198
17364
76510
15054
62534
29614
12896
10808
8454
40406
49162
96050
24518
11324
2174
43320
10554
72650
33528
25856
76410
74552
45594
8010
7678
25262
49582
43682
7812
80428
8392
11732
66392
75426
97660
90386
59628
94756
83126
31908
40260
1496
1088
98148
12388
89934
43652
36184
50508
24992
32510
82270
79274
62468
47908
47352
62252
35278
70340
6106
60592
19830
94716
42928
67738
70128
52764
83654
37362
40000
47266
53570
74512
19736
17674
94206
39686
5644
86674
21026
73906
55648
50140
56754
72910
41214
77256
76824
26890
86772
65604
12064
40748
69732
7980
52624
91080
19122
41122
12670
75932
87530
14770
26974
58120
41862
78544
24408
22
91094
97740
67160
88240
4176
32128
71450
4930
844
13288
92110
25578
36764
74892
66936
93090
51116
30616
50996
88870
23230
2726
3484
97066
7976
62114
27588
6750
54402
35102
65470
71056
70130
14772
59318
23882
47900
11380
13028
18010
10926
6014
19654
68238
56654
77304
96906
69144
18264
97372
46884
66868
4168
89820
71800
81494
71674
23002
7230
49760
98232
37318
8612
39908
26846
19110
25134
50794
88858
83264
3390
3992
12084
32494
2820
33818
73124
39254
62888
77466
64676
11924
55606
55728
58864
51190
74464
25806
30356
59526
50032
13510
50554
1866
65730
78118
79134
48314
59584
65768
88178
6208
50600
63648
32092
57796
34042
95070
76288
75052
13268
96312
70118
55698
82378
69238
53188
87014
1030
83144
3122
60048
74340
16952
60068
35174
10796
6700
89858
26170
21468
28722
21746
69332
63544
94342
99414
13434
6154
33270
48978
39814
29234
21000
91030
8354
53070
11532
38298
89816
42742
76378
41420
58702
83682
64964
86460
26012
80656
65776
80066
27842
13334
16778
14752
30884
88296
53690
9034
94738
83432
3100
10542
73810
37146
11482
83038
6974
87740
94126
39128
43580
9130
60458
4484
46606
51416
83920
44300
570
25542
9494
58346
75366
77876
7934
21294
39310
85600
73512
73818
10982
14800
33010
89930
40456
21502
72894
33536
98834
93876
37512
54036
83458
11020
40728
50046
3028
7170
31940
21150
8546
19824
45402
20854
76182
11514
47408
37560
66310
92142
90088
4984
65324
2462
11930
11620
99508
54730
83618
84066
19316
92100
25958
29388
8986
48022
94376
87032
30216
29274
3914
15534
60218
39574
93822
1328
70910
22372
7966
79292
80548
32620
80548
5028
46450
8938
25624
98064
68292
38880
20336
11240
8970
34386
43432
43190
16100
83876
18544
91772
98602
29488
15072
45568
83546
23252
42434
73536
86754
80550
7406
39062
78024
34462
88150
37786
2850
87528
9646
15416
42340
41618
6314
17780
26476
7604
43758
328
41142
92750
1194
38564
89790
44352
80292
20010
48646
64608
80958
69728
65240
34462
76702
82218
39382
256
3228
16908
5194
49216
7714
71296
28136
47400
29548
61584
13686
27928
63800
61232
56340
36592
89208
84482
67846
9546
67970
64988
3068
37016
6266
57096
49224
48696
3586
2922
41610
47012
83782
51396
65900
79878
88772
92746
10080
4898
57540
69170
35744
21142
35356
99648
11194
37924
56386
98802
20286
59946
30458
33370
94512
49980
87850
16222
20114
7802
25248
7604
72056
53378
47490
54414
93872
82990
76192
18512
8150
62116
25320
94144
28854
58768
40204
4934
58632
61404
71694
12474
98786
10050
21042
10844
75518
64824
52264
73138
93342
25746
35838
598
34402
21616
66126
11766
53564
31228
78330
32730
75014
65628
70498
28484
69134
81050
75376
22996
68796
53120
93326
65060
47848
65860
66280
64164
5754
6698
66812
61362
24798
51008
15824
55714
90462
11550
40268
78380
20430
72636
69380
32212
54026
21500
6556
56112
74802
4342
70596
47764
89310
77568
82704
71970
61582
90092
99290
62456
46962
53536
80668
11772
22558
89860
32886
54772
78712
40740
80616
73844
66050
46614
32952
80396
450
98932
62208
19096
1618
32360
95940
81728
22836
22014
79736
22086
14592
24730
22132
78556
56130
53644
75406
47866
26886
71764
8814
3760
98644
95584
94882
60530
86432
99712
88810
80202
35188
92600
58500
49440
17084
42378
38280
19668
52896
9392
44978
64066
76790
87374
46804
31838
2838
4186
66796
91716
25108
87334
56034
77422
70516
97196
73438
46402
46676
86244
23062
42220
45316
66734
90030
80348
88372
6404
60250
98878
69284
99160
57758
78520
93464
33096
19726
61270
53582
13364
67560
21682
21172
11700
72054
40728
4308
38040
2924
62632
94912
62794
87408
87512
83146
26712
60866
26480
95772
39076
90314
14330
91680
73036
48774
51046
95324
29126
94930
4668
94012
83420
38534
87276
36012
76374
34358
2008
47984
26204
69370
80138
88040
61230
55260
1344
50204
89606
5720
3982
78848
47948
76522
13596
45566
41372
34174
11674
91920
36566
21666
91422
10650
95810
64374
83572
28862
63312
45662
31500
67708
34228
92594
66598
26250
82272
29868
61392
5962
62626
98980
89082
98672
24872
94830
52362
63368
12178
85524
45888
40796
30818
96492
51850
69434
88954
98112
78728
11618
60034
42234
79492
82612
7246
96356
78588
54218
43206
91438
69626
53870
18192
83196
65738
14588
36240
61370
14558
31802
25090
78692
27904
80362
70410
17794
88264
63856
42934
12416
84892
84760
86902
46750
95194
73824
63334
38904
48524
91192
40614
41192
63408
21064
54830
39334
79492
98116
25880
37014
6434
43178
58836
37948
54354
15696
61510
90866
33398
76488
70106
63888
50870
73986
91388
16042
80316
90446
77752
93432
2120
76950
60714
38776
93744
81916
65892
66580
51912
63928
52594
71576
76900
79278
62208
87908
15396
90984
22942
88536
44642
83940
57186
12298
82724
10574
14854
89908
81234
34880
51170
24338
14254
35616
25244
67184
30396
17786
84840
14390
60278
80202
89756
30290
57840
54014
72648
72298
78566
23994
11232
38870
47358
4724
51412
68414
49824
39850
24548
77900
99398
88062
81018
54328
73470
8976
33132
34620
17132
6800
66340
5978
6530
35990
82992
39252
95968
46944
68908
32532
15932
9858
26466
58380
69446
52120
72444
48276
2834
82490
78682
2044
16360
62434
95586
22308
9658
16032
96478
19842
68398
1822
3150
76404
60934
56236
30106
57972
2056
73822
5764
98926
79934
8730
36940
89722
79772
28256
31058
14968
49600
99178
99188
44606
22222
26912
26536
59072
42880
43028
56728
11470
85106
71438
53606
89290
45782
57412
89012
28872
66666
57278
69102
63532
57336
21900
60176
31538
84124
94292
270
80512
56298
2102
95222
6618
25606
19712
73598
29298
20100
63604
31328
90722
59700
71390
60708
62488
38372
9968
74652
45360
45620
42310
56212
14202
52384
62588
69386
14058
47292
69146
92072
24824
49220
8260
54844
82802
33284
33772
53352
86988
32590
3528
42324
83820
894
91384
50034
89102
15004
84830
56316
95646
87916
81372
44016
89100
70744
35072
89984
17962
86002
90322
59016
16282
52076
11256
67380
36076
10068
15314
73162
23892
48488
76494
12358
82596
32512
58710
67850
57232
33974
47530
68806
99206
56050
26544
89904
26480
9962
45060
56480
56946
38060
18402
23032
68512
79790
1124
926
18998
82326
88454
94008
47400
66424
26320
7202
83760
98288
48378
95002
90492
54178
17328
56218
62066
98650
58776
40586
97588
6374
58826
57104
52648
7894
8634
23268
72472
36020
32820
89064
56412
48066
90636
30688
95154
25034
74664
47334
76114
36316
632
30662
32376
87942
80688
31124
39612
17136
46706
69650
2018
71136
4848
62278
70272
60574
11870
5656
55306
84408
6408
39928
40938
25224
58862
56792
67308
96604
89926
29150
29488
1656
76370
69064
18600
36622
25118
38558
45622
1138
94818
4896
64704
8136
69436
50594
54854
77124
84334
56100
9574
41366
19898
55660
30282
84676
94000
39744
65558
69652
98518
6096
44526
40430
86558
68352
38738
96406
73690
29626
95540
86826
35266
7874
90828
85436
28214
93594
60426
65960
53640
1830
68324
60922
35128
86528
64008
34502
22580
55282
95988
87664
40142
32884
96338
50022
14508
91820
8590
59198
52004
89874
26728
4970
67902
59782
23576
67108
84598
296
92234
1880
73242
92766
26436
85552
89290
38830
94734
7208
69214
14346
14706
6860
76488
8904
52836
20436
49392
71148
84230
8094
5176
78092
76228
39590
96294
68210
6436
36902
93694
83536
4434
3080
79944
21858
99142
25900
84164
4650
33398
63126
25354
97694
65600
72894
41632
33648
70778
95510
57138
79898
99882
4062
22902
4122
25514
66604
8750
30328
3376
35434
6872
9204
27040
46198
59784
60934
85674
15968
61704
49118
81810
12750
70782
77410
17654
34096
28138
49638
5080
25770
2500
75574
55180
96036
2646
95532
2792
18914
28332
47608
21224
86624
65210
23024
60712
40964
43702
19684
44924
31932
55774
49794
24004
65774
78904
21728
36806
76396
53942
31888
1806
84216
72876
49760
98250
81050
40834
19974
99956
67986
29386
5224
10208
89530
65794
6010
7056
53272
74428
27090
74670
38004
4358
60786
52230
80844
71790
9160
56186
900
79782
38916
63506
53280
68794
88152
81312
83402
49018
10482
48714
32
69434
21184
61514
7170
28930
91404
68446
10652
5322
18700
32030
69914
28610
94170
2322
20408
40700
59168
55588
68910
30100
43128
74938
61032
59224
69612
53410
52554
71138
97628
18744
18906
86500
88090
9780
88650
67682
32810
56992
18570
68068
64744
40792
96070
61196
18990
95148
38154
58666
85094
92646
6988
72594
96660
274
53030
92544
94832
40866
22280
28456
74744
45168
13028
49382
88476
65030
47678
95842
30384
78240
6926
83084
41016
19202
67472
38372
7350
45026
62528
7360
84738
93152
72896
46336
41884
40062
96192
42888
69366
87872
27586
64324
76692
29090
47034
69612
50506
96162
80890
41522
61858
91294
67912
11294
95704
65674
57694
54618
59280
31870
59032
15736
10224
89876
96694
12312
89492
34112
24594
15856
18302
42300
61974
30128
58776
6154
10450
5066
22306
13300
38348
65240
318
40686
55126
75112
83558
76624
81350
1602
75878
71302
15214
2244
30776
45812
45356
81164
50338
73436
25666
35014
11638
51152
220
43298
68758
18462
43612
94734
66074
89908
94430
49140
53600
47502
30010
77082
35448
17966
90678
79304
25812
2296
49664
14072
90954
98414
67338
84214
45318
15154
80066
15192
45832
56302
2314
35762
71768
27136
17816
67038
55258
35168
19734
94498
96554
84920
2240
81840
11988
95620
4340
88334
22918
23066
16892
31934
70592
34176
85674
86980
51636
53224
99172
69394
42846
98554
44752
48614
37564
91276
42696
73962
81342
50794
79970
28028
77438
14636
59486
76070
74492
10144
54840
31492
46884
6062
67502
32338
17828
49926
46464
28914
59490
68730
73080
17044
5652
54842
92178
15006
41330
55686
93858
88702
73000
75372
7662
52506
89148
34854
52870
3224
32908
70034
97692
18234
8326
21328
11766
16662
60384
44790
4240
85276
37652
34762
47972
57126
19234
63404
92582
61310
59836
34630
7544
36314
9028
50358
59960
91420
60576
44938
93194
96808
9886
6970
28552
43122
24878
58804
35796
24910
60312
78036
76624
33266
10688
49680
80962
57616
67860
2336
12702
42622
14746
43052
83958
75966
70054
97906
37060
57786
50990
80994
85536
56892
46250
24524
18456
17874
93296
51662
92942
29268
15364
31026
28298
45138
54520
57764
92024
95384
44658
22670
10070
77408
20076
70194
73366
21556
46322
34936
55694
31766
83846
52004
11320
25090
89478
71606
96548
49930
98656
69378
84342
24152
28032
81074
61806
94078
58390
21648
16812
39808
5460
47926
28718
12936
29714
27258
64250
42314
28234
37154
18776
99422
66970
39652
78508
86074
89464
23798
48290
53888
74840
84824
32614
82484
89542
34160
78944
71474
7916
15608
75664
85252
85338
47200
55826
48556
46932
96680
91960
73498
98724
8872
3704
19724
24710
86284
1594
94884
84988
45476
12800
1730
622
64668
23688
42906
22356
65958
47338
13306
77188
110
3742
26814
66276
81480
23800
92248
78712
56496
21542
27436
76154
56346
73538
72496
7536
20408
40478
19714
70398
65138
47866
58194
92890
90378
20676
33970
64118
82466
79334
58238
69542
93532
59594
47242
88576
84758
17944
72772
20824
44136
87948
77636
94902
55734
97982
92454
52780
61302
33200
75788
7252
66286
69386
39578
17792
40780
60282
62644
29086
36038
2202
21908
31652
97018
23854
41462
15000
42518
21554
99894
39560
22676
22242
44538
81954
24284
12364
51708
97418
73226
80936
70800
50446
35508
62756
8322
34820
11968
42050
82266
28248
17834
34894
94288
18218
74290
73286
87814
36136
43810
15484
78462
67898
19868
16810
41380
67906
73590
46544
33512
11652
1818
34402
56292
68302
84628
67368
67886
47898
65658
74912
25984
21766
33348
71508
59502
85412
41912
96258
81248
43330
12632
21306
34364
55312
50934
41454
76084
25502
98526
76182
49528
39126
55038
88076
78268
20148
17916
64904
13724
85228
88634
22732
28480
25006
90802
3894
88882
68590
49362
94496
21950
63492
50522
4630
4740
10932
52250
8360
23720
62632
27084
27082
93182
80960
66978
75552
13582
37702
73436
46244
95456
5830
34002
87452
13758
8168
47866
37514
25410
33654
14810
87800
60960
75866
29748
36206
29744
60208
53896
44332
48536
17342
88350
73416
33546
30382
96684
25552
46204
89096
25150
3414
96704
27234
48722
35266
35166
44448
71900
12158
28748
5122
80914
74834
82994
23404
70760
39604
1572
5296
43920
10314
76782
64792
91054
58508
4572
15898
7750
90634
772
33154
77558
50170
10590
53530
59860
47266
49590
74878
38910
29796
68846
45040
95236
27784
11428
71636
94042
5936
39892
18308
41038
1824
97082
91006
93390
86730
66382
18336
91994
37652
80654
14780
84956
57056
16382
2004
44340
18234
67390
456
9542
7018
44754
83742
34178
9470
45244
6874
64836
27264
20914
31132
4312
69162
6194
63974
62636
26714
1734
49188
6930
31970
41756
10238
23768
44118
4570
71626
62830
58918
59480
42712
36982
48338
72154
68250
85798
68892
48912
91440
10748
74896
85176
19622
21882
25784
33270
93988
77322
39286
69498
5324
61204
95854
59592
66846
71990
37076
93098
28770
43186
99976
49586
34262
39354
55654
9800
57486
94170
84412
50516
25394
91528
98064
74698
72632
85280
14754
81470
18100
36344
92364
54372
78998
21324
55374
90344
49374
18992
23732
38908
99044
90508
17334
56652
76934
60666
27394
86626
67990
8654
20094
30098
77266
26712
12104
72706
23372
29808
28882
89526
44074
83248
93592
15412
3918
85002
28366
88912
13596
25704
33158
17100
52448
84978
23600
69328
14558
830
6986
37044
14692
83228
37150
10314
49194
52478
12674
4966
43120
64498
75974
8830
61816
7620
67044
83910
44128
59796
17174
30654
7050
15792
46004
55964
44126
65130
35532
66562
40760
57740
82078
38166
58718
81094
25608
3902
40830
83686
90688
17818
17658
27604
11832
24860
46966
9046
32560
20372
33874
4788
59914
8422
80942
17592
61704
98416
23130
71478
9460
5984
25304
23840
45550
382
17040
90390
98378
58442
96654
81384
97398
96348
55022
34040
71464
76412
38014
34996
67438
2804
73562
54312
28712
10294
88404
16946
33144
55348
13368
52112
92846
56164
75952
96406
85410
91062
91344
35944
57912
68306
9630
6730
44618
5454
93984
34260
25732
46290
1554
65290
70502
36438
28446
34932
2440
15250
16794
13374
87846
49184
6590
96424
53780
84618
38356
76540
54608
8572
36666
64920
59632
55946
50512
72032
64900
56310
61960
56438
40004
63086
17688
45954
44234
26898
4008
8364
43766
54074
62998
6426
53054
28216
1510
21476
21310
47040
72018
63192
1522
55306
65182
22474
99558
54466
14616
80486
66552
79396
35124
70458
88458
84254
54836
63182
83142
16192
63284
76978
65636
43124
57188
97238
89432
71380
93704
65294
40710
88660
36076
4160
67736
6850
23864
39796
78486
86096
84810
33720
82886
77954
10076
33148
31828
82924
900
74038
21510
78004
40372
44418
36430
42178
3460
17292
79496
21558
86684
40278
61558
61542
32174
10540
5526
24148
31372
69566
90324
75356
36256
85188
52210
32634
76814
51280
702
90634
10068
92892
48376
3050
77170
81726
10012
90850
85456
1994
68386
45342
3546
91572
85956
35826
31076
46428
27160
60140
75876
59294
16364
73080
47322
96554
21796
8112
65462
5522
99466
56952
35544
44902
97238
3324
21964
26524
55530
38088
49214
1476
44754
16102
7338
56634
78566
3922
94256
98448
1900
28640
39658
36112
14974
39980
37346
78988
83288
15236
8290
76894
83316
49592
30560
94258
64246
42324
83948
38174
25526
72230
49728
7600
76586
30164
60524
19822
33544
94962
52662
83808
30994
5966
6410
69210
16492
31282
89844
4204
85200
22316
76268
29772
23168
95490
12404
74438
51356
56152
40358
33462
28804
34198
95158
71310
46944
2700
53948
92204
91104
43974
47530
1182
44652
37554
4140
57712
17596
39734
70324
1140
75748
66218
63472
80416
47956
48398
3242
65006
64390
79734
50672
74018
32240
53580
10196
69164
49460
3684
79276
87786
69948
95528
36754
95960
50184
2666
32556
93314
18624
50946
67088
36042
61068
3060
41204
47216
60248
89464
38776
7676
27474
87296
40388
15044
71790
32940
39076
45830
54852
44240
23054
86158
40884
9750
54746
85066
77546
32010
19434
23784
93250
65108
5350
22052
34170
10234
9414
31226
58552
2658
488
87970
5974
13718
22968
38408
81828
65722
89092
57480
43798
40548
59022
32398
67374
98236
28422
66478
97972
54862
11544
7706
45758
22174
85984
86468
53352
60966
70206
10166
41584
91786
8334
33908
12658
65228
86924
58174
24932
13750
32488
28128
20700
18234
35952
92750
25430
35662
27588
21846
30996
10046
72212
10888
79484
71388
41114
44908
93442
99982
80904
58856
68640
92362
75944
89448
46256
33076
86760
62854
34338
68290
48488
53614
16362
87252
86946
78618
6732
23780
60700
54244
63628
28136
87712
77934
42978
58342
12558
73094
79214
39180
77290
33048
64442
43586
67512
7062
7142
41080
68160
61492
91252
4820
86874
32066
9298
82212
30120
96966
63582
79376
83296
80118
79524
26200
66084
56702
40578
66726
33558
29720
11262
84808
71320
35870
12166
22636
81586
76736
37812
97612
50802
4862
48448
17638
21430
82434
21540
42086
35442
22272
33686
42788
66820
45572
53674
82326
77166
65832
61978
49456
34400
74104
77746
11442
11150
34966
68158
75064
79874
21286
64868
70636
20320
95110
7406
63914
40290
99576
63334
41988
58936
68950
59400
71234
7096
16026
18150
31918
48350
40530
76186
9080
9330
35772
76340
42156
56342
23260
73586
24992
28054
89658
20898
51988
54846
76942
50078
42034
45894
57808
1366
40786
95796
87006
47320
66212
60700
63996
49292
53454
29142
24770
93666
69892
65060
3604
74724
19184
12850
48998
62714
57016
75426
27846
16070
89542
24160
26444
32570
33534
41422
5232
14058
42414
59384
37540
65482
90540
55356
99762
6544
91112
23586
10448
65326
69156
5272
41634
41998
74484
28658
53724
5668
7324
94106
69600
468
3696
62314
47898
24354
67646
79602
7266
75180
20566
28810
87470
10764
10342
39472
55584
68660
67348
78094
76354
32624
42016
63802
27050
3816
63564
95576
76328
23114
61526
13284
46344
73954
1500
28520
29344
99516
5132
46296
47754
38000
72608
21982
2322
96228
82200
16994
97170
57210
80284
79438
59482
22752
49520
22042
36000
27790
6662
93398
6978
91282
89784
87074
76210
89768
18264
23186
50690
75030
25306
98174
4702
60270
74002
61450
56902
2860
52382
56024
59502
72154
89738
26626
8050
29388
19266
8924
76062
86168
87416
6620
96852
18190
16454
10282
29328
74988
74626
53398
52792
49156
22930
32126
63214
60424
10892
1586
69228
46428
88528
98044
81276
62032
278
51324
53142
92826
7504
89906
30116
25518
91308
64336
55648
13522
17506
30874
80680
84912
47214
7366
16812
8654
58560
59362
87746
95380
52552
5144
94158
97546
15910
54038
35580
68168
91520
91702
86636
76264
65732
43368
41150
5848
33930
30820
80882
46178
96050
43968
66100
84624
49828
47652
80224
3584
19946
25372
14010
3654
23544
3152
5082
16362
9478
98922
41104
78598
58666
34456
27544
64890
69538
54788
87370
10670
50430
95700
64352
3500
17428
11386
98934
38208
81602
75964
94036
64692
68918
37750
46172
16142
71056
62614
85564
55148
19712
35700
90074
51000
87494
34560
13038
82878
30330
4606
71902
77368
29600
63034
25696
8924
58858
68782
49368
91094
21224
43048
18086
97058
86096
74236
30334
62858
50476
55842
75600
85682
60874
38358
71752
41362
62360
24120
49364
11374
2184
312
2920
46564
12686
86598
18304
14310
68482
13854
87372
44124
68038
59118
14878
75872
23500
21734
76696
41730
16660
43440
85088
70366
65100
31148
72714
22600
28078
21048
42
63520
70852
93728
76718
52922
17228
3890
90512
52062
5564
60410
82638
69488
60270
69454
22216
91124
61180
4
52034
2358
652
4454
88140
36178
92332
18280
78592
24150
4974
71828
3830
18680
58232
90734
24248
54576
2450
91744
60074
34692
23452
37656
39870
21824
21010
16056
92694
63246
44146
75170
49828
32192
14374
94746
20228
22794
86644
30342
62484
25292
89862
61774
20946
70104
51540
32710
63376
34292
72646
4234
10992
66044
17020
12274
3662
31764
76030
6468
28348
70798
76722
73198
83914
53880
86594
5276
29298
95480
1028
88638
67886
34242
80330
14208
45218
57634
98776
832
33050
58922
52572
29436
12856
45488
22266
67518
71212
65058
78024
75176
52260
43954
48544
24806
36832
7372
71342
39956
54230
75500
658
73478
584
84634
19270
86754
25386
32034
15884
92856
37630
35900
45812
89380
21570
71024
65904
15418
40822
99374
92546
71820
31326
48178
89746
50422
32396
9624
42290
64310
94860
85056
82822
31454
43954
29162
38520
69880
28682
61654
6000
86596
66822
24740
79574
16438
56538
25938
63606
88368
86756
40338
40546
27966
26202
26168
45596
50152
3334
34376
29636
57648
11922
11358
2780
91228
62336
33900
10904
65172
46674
5630
92732
17366
18920
142
57028
82022
41192
15310
63000
79468
29926
37980
91734
5300
36164
51362
59316
89984
65668
18860
40990
37724
47502
9522
69618
32656
78010
15398
83914
40874
89888
38078
25318
38012
96342
69614
6422
69226
66426
17458
89640
95320
78202
88892
64642
80674
44262
39088
55920
3418
50620
37202
58646
25782
62538
44108
42300
59032
93132
5566
40552
7888
10774
75388
96412
11452
2852
17218
39342
49046
79572
67006
7612
4758
10920
94002
60456
52834
3380
38776
6242
16512
79868
49820
92360
80992
73762
24516
58190
31684
350
584
70708
1762
57964
99196
53752
76938
54348
66664
82566
76600
97976
59860
69104
44516
5318
89172
50510
51250
4674
71400
10210
64896
68892
70360
40298
8106
74854
48856
32892
70942
30778
89510
32238
56566
66560
78944
89402
40080
88910
5772
12058
7220
96018
61416
67478
92004
47972
76248
56364
82894
22708
94816
35614
92338
62940
60366
77740
51682
3518
29254
42828
21152
37200
54068
54486
95388
26110
82416
10106
22892
95942
63162
66450
81632
76032
95846
54248
142
26678
8016
26792
6292
67506
46938
86882
39430
35958
90130
4164
64014
74454
31080
33812
5340
66432
13422
33308
1178
36098
48536
5768
93326
42502
82116
81480
35018
13882
13110
84092
69084
31498
2116
22582
45238
95164
75854
60934
49452
21650
72556
19804
42846
64278
87066
80354
5596
39482
2488
1832
61730
30366
18256
59868
87542
30826
99772
7240
93642
40450
95688
86300
34268
36710
60398
37478
1628
76080
55486
87962
37286
58898
56072
5894
87756
45362
13566
36800
2696
57360
9160
11066
89618
72846
62574
9716
360
98734
44828
60026
97100
20018
58958
93538
29122
56330
54560
41348
30312
51678
50234
19230
29576
46400
38152
14946
20770
45028
53532
46592
97368
41482
21654
95222
43196
35662
39522
24462
49052
20342
59838
1234
38414
47420
86944
21300
55072
15416
22838
92914
62038
68688
16546
79600
98576
23172
32068
49218
51620
95544
4530
49294
55472
23222
84236
88110
96020
82778
55222
50850
26162
58824
76840
92514
56684
91764
58616
46898
39004
18740
68906
18866
43716
19300
19100
38558
32070
7872
6542
5216
89900
32800
78762
83850
3086
90182
24238
99028
98928
91342
38192
90050
26128
77808
6420
12728
88100
21142
62176
59676
94052
97922
74298
13818
37428
58374
40794
7610
64060
34186
38564
80656
42412
26528
29084
72478
46586
3780
54208
47188
83610
17250
26264
2642
65064
99766
85260
76964
17416
64160
24844
87210
7710
69576
44830
32490
63182
25530
81998
67632
86006
30050
1516
46938
80644
91366
66582
82030
66680
11176
43410
79374
28378
44574
67792
15338
3382
69074
88896
79058
55574
6268
21670
71182
36506
85584
52456
61084
212
9386
42634
10922
66534
45396
64298
1376
74850
36440
42654
29574
66076
93238
2722
70164
35156
93568
76208
66516
8580
18682
55770
50500
4790
67488
32896
41602
34758
8802
87300
43628
52142
19574
38438
39352
50888
43538
16506
87356
63368
15352
54116
60726
58358
29556
22884
34882
29246
17460
43146
16526
48442
70588
65860
34130
32012
87388
22050
56608
62454
96886
84350
95340
81250
88306
6296
70618
10710
12686
26232
56060
69688
32718
62876
85984
64450
33828
61152
56044
1532
85248
52294
47986
28456
22226
44622
48038
38974
56490
14136
4060
57428
20142
74216
22966
19440
67544
82218
70182
88928
21710
35894
14656
28200
70902
72774
91070
29256
7286
21848
2034
87366
18918
63282
57198
20056
61812
99510
69394
92082
58722
30234
39020
10808
66690
50166
8504
68170
51720
53730
21560
90304
35014
67714
81806
99304
18852
19468
52726
35730
72998
63520
97520
41386
25268
14834
56016
23854
57266
94372
98340
33330
63542
19528
75088
17144
38388
60214
5368
45192
54000
72140
96764
98440
67748
43454
26064
44346
40458
34086
56736
14098
56756
40306
90658
58868
46442
93124
12168
92258
25068
44930
30326
77288
21466
51694
77554
59530
3700
50892
30514
20964
64888
15848
43968
49574
59146
55234
50162
41886
12628
96912
44978
51774
91378
55160
8518
4742
72746
87392
32764
48928
55094
27524
73454
9082
12634
64914
48668
81940
25232
43410
88746
32174
4924
61680
28368
61480
79122
77924
92278
27348
87212
66242
92036
5178
85938
95442
44024
75428
43966
70514
97376
2192
92866
76198
116
26592
30174
28538
92280
93210
18280
65998
71708
91330
10434
39608
72434
75424
73318
64528
82628
36512
22632
88978
76832
35888
83612
39464
78796
97234
73978
41856
95686
40528
33148
90334
51742
58614
68890
40330
47076
86472
54890
16646
72680
96162
32142
43164
75322
15332
65508
69360
96510
21166
81454
48298
84286
74206
9042
4352
63650
8386
5112
66850
20548
53926
85106
14656
27338
60180
19704
41392
63438
772
53294
8304
30716
23280
66104
30486
50736
95896
74310
98950
77638
16104
71736
27382
77276
98720
69122
42510
22890
4422
80942
26796
91066
86038
83804
75384
17174
38564
93694
87932
61892
34920
23952
95510
67526
46900
59802
45806
21574
7324
334
86550
97836
25148
86748
1950
82254
58200
96632
17152
66134
75982
66304
74632
15330
47006
89250
36124
91082
23408
93874
782
80394
54374
66298
52768
16352
34592
42840
29806
91780
31276
50370
94374
64940
25402
86534
87218
49960
94222
13882
722
54972
22076
94956
15974
9466
92166
78174
84670
6772
55754
75728
93210
1114
36618
20126
37160
92038
35198
6720
83660
36158
13678
37510
98014
76462
47128
17148
40012
58218
2110
24950
47918
40566
75926
25576
64818
21524
40130
82784
75108
89922
6930
65794
35240
2844
44116
91052
15602
17002
23036
11580
33832
75590
3560
86710
56412
33240
28444
52646
66108
10414
5656
38916
47558
90552
97154
23354
40782
23368
57474
86066
94596
57580
19118
18032
87626
3132
97678
32252
80114
31316
2178
53280
98934
32902
37014
93080
20090
82938
66306
78758
25138
75546
84512
95812
56822
62952
27942
13388
12122
26182
56908
66836
59886
28038
75884
16730
62520
52186
32290
61108
20116
85296
1750
40758
41236
13664
77078
28054
23248
49820
72436
75250
81816
20268
16788
18522
55018
50140
47834
82856
37156
83304
42758
71234
82998
56562
10418
22836
82962
9216
31780
99140
69028
17348
28108
16558
86530
16278
75230
58914
48258
14002
94578
31678
47638
43974
91304
88100
83778
94878
59244
38472
79732
86096
23488
12206
33516
61428
8648
82038
16212
52948
9686
13694
23222
31030
18596
42984
41044
94710
87100
98092
32256
22606
26690
78438
90710
46864
90118
54328
66204
30278
26786
72272
40014
33470
37382
79846
79240
42816
70274
65032
33278
38420
91250
33716
11890
46598
89692
65794
10240
50336
31522
17878
2788
85778
16960
16304
10338
48030
69274
94744
37258
10864
40848
52404
66456
98790
50606
92310
5866
96024
18998
64166
74208
26742
232
94258
99910
25208
30992
89838
96666
49016
9306
39186
88064
61058
44940
78740
94844
76436
79058
66156
73126
29952
26408
83550
74910
5286
58762
50992
91470
7652
56910
41382
472
68294
92708
32096
12710
9154
98734
38394
35092
98042
71572
76704
56476
24058
64298
33646
6780
39024
11850
87602
89372
63714
12794
30710
30628
23472
1750
58478
326
83234
64414
65036
95578
32574
46838
62998
91272
16858
29196
30804
12568
50860
50634
88840
57468
49676
10442
47788
31518
25492
50018
14650
13622
84878
14454
29542
31680
2090
77976
81208
85660
13814
84258
68064
68752
1888
25318
19382
68932
85966
36608
76684
67894
9748
75534
93144
9100
86620
3528
60290
84606
41166
43266
4030
19628
31854
53212
30412
61210
30922
36886
63060
89716
66004
57304
41390
32124
65744
93458
736
10568
67692
56112
70180
81088
46438
81760
26366
94556
88646
10002
31438
26250
76484
27280
64442
21816
98674
64856
31100
91030
74336
41724
70402
65832
61592
52910
12382
67684
81678
90308
19124
47562
81622
1788
61198
34668
7662
43536
26512
4524
50986
28530
58506
7806
33966
22066
13038
21840
74910
3152
2530
93638
98224
37812
24990
51102
2342
99096
44564
20862
20386
11456
65106
17686
15148
55358
79236
25572
59734
47990
14166
85780
30704
14168
92766
970
38378
78538
73170
9318
11200
9000
36074
3550
45186
68348
71102
40432
11518
80598
13906
670
91292
73718
61736
55628
8372
49464
7226
64552
78606
96004
9500
86062
47034
39570
31716
85602
75272
93296
72718
27896
73064
56028
86514
2286
46400
45502
33540
51056
2704
3500
13002
10074
38488
4440
9332
13496
42492
23120
45570
46884
66654
22716
45224
67510
68800
90672
24460
64982
37942
90860
39864
29562
47024
78888
95560
59522
55014
96210
39170
1228
67358
46780
53938
98020
64476
39606
23562
11170
17864
86508
48236
66682
76040
4678
17140
18866
34024
64068
22348
19214
47070
30446
10162
79486
57778
34570
96926
91300
22094
42238
42730
12472
95392
95398
36672
76264
12166
75532
69230
23696
9396
66044
31170
32344
28276
47224
16282
67916
40428
86510
26964
95548
80842
83140
19554
14122
73268
8490
15548
18122
55924
72496
45346
33390
52144
90316
21644
27310
14216
15174
54696
25684
16038
73938
12288
7018
68398
42252
83908
37244
51048
14366
24672
76370
25780
16700
70064
72424
33264
97696
71360
56568
95458
80142
258
97016
20996
79308
91224
53976
54270
166
68710
24072
97212
54506
26582
46826
19228
42562
38138
49286
59528
37956
47170
62594
38264
55440
91830
79014
76592
47228
95854
86038
53558
77330
41112
41490
36634
1668
58772
17772
62724
48298
22264
39826
8888
40444
89104
89740
92320
54672
90122
97626
31958
37900
92174
30730
11980
51732
28316
31392
94324
51950
42264
58544
53622
4254
80558
97250
78838
69420
87762
36050
93728
16898
96800
60400
65650
14020
72476
76656
88358
11972
41388
49212
43544
86986
14534
43476
63138
28832
39948
34604
87206
26010
11046
9912
80862
34934
86222
48538
82006
254
67072
28280
48366
84572
37178
70296
58264
13896
44376
38556
28930
5536
17640
58508
73236
75518
55902
73804
6036
96058
44768
3636
31308
88850
544
61986
50494
34420
41806
34296
36742
93558
31236
35216
70622
81370
87970
78432
41712
28200
33516
76874
47844
46838
97766
48356
57032
48488
78924
76840
71374
82118
96648
50896
31814
89122
78954
26554
76134
14468
62906
28586
51494
81902
27474
10586
24398
46418
2374
49458
33026
28514
93552
59628
89784
2928
37442
70080
51450
91500
72424
3558
63412
81198
46860
13640
68646
15616
92874
19566
38334
76022
51892
4590
96334
56580
49806
78590
24356
55384
7518
30550
59470
90746
44146
34844
1644
34462
97006
80632
66636
83816
80494
4154
13878
31168
50960
79624
63474
57440
2638
19252
3566
33762
72282
80792
10574
75354
38286
83406
83064
96894
42824
5590
88626
14958
47176
452
57616
53614
24514
83468
73780
20468
42126
32322
49726
21438
63678
92406
21272
79142
27572
1176
22096
37774
33884
92236
70882
84690
29110
7152
19660
40684
12888
75548
68530
63034
15842
10578
39510
47286
72422
7822
1338
4940
55676
452
4772
76490
24784
21068
24382
77066
18266
44588
30694
99180
79130
54318
83380
44180
78920
83152
77096
3646
32658
59574
4902
46780
3456
27638
79334
5856
510
48594
32958
40084
1746
43634
6134
82928
79330
95642
77222
4900
38904
25528
83464
88602
56328
5074
77470
41410
90064
92418
42814
51492
72464
55124
34906
99698
97674
89426
48628
96506
59728
76558
64182
43396
70592
57744
45816
79244
78488
66164
54360
18380
28064
22838
13940
1914
38290
38736
3168
27744
18798
50628
84608
39494
21436
74846
27398
8054
58184
43262
64112
16176
95472
22212
93580
44678
96624
30904
28008
69850
97544
64534
51384
90226
54268
59890
13060
48070
45910
86036
27950
13414
24076
31612
3086
69100
60792
72234
70670
65818
64210
97328
86684
63878
63216
14976
86264
61450
70974
89850
12008
15830
99668
32312
98592
79002
51920
87384
35036
37328
70014
23342
59316
34518
76114
28480
33724
89988
50366
24932
89660
55932
68624
85608
1590
42320
55198
72274
34366
75000
54638
67972
61610
94190
6028
15672
80908
14252
6712
78946
37678
13266
46070
86700
73272
70580
70252
23290
93264
4592
82590
36774
82088
41794
5494
26570
21994
49542
14542
48766
22194
39694
1410
42602
39440
10244
2298
1256
61212
85942
24834
54064
33312
93150
67780
91298
13966
12382
746
35728
91684
66000
34404
54694
87028
39172
6030
93844
83358
19166
89354
196
50338
53754
7464
42454
73418
61856
61606
19592
72506
18136
52430
13172
84510
41838
6410
92008
31978
95144
62728
24962
21094
62922
11048
73504
63732
92908
29458
80524
79044
34524
51532
20430
9600
93578
69590
56922
57362
14700
10774
3512
68670
31508
15880
18934
39612
20032
356
63096
8616
8536
20166
92546
31750
21226
38896
13942
60966
71120
70808
17112
64856
48330
20180
76798
39490
87236
90818
79994
7670
40070
21374
91394
15798
50292
19636
55874
60490
18010
63650
72808
96864
44212
9484
19306
48600
32742
57008
53804
89542
70024
14130
56718
41686
95042
69908
84794
39404
39410
37692
98978
23920
31198
16686
90550
12608
54074
67050
67800
50728
22612
91560
97892
37924
80174
6506
54674
76788
93938
22128
70796
10998
91294
83234
5580
9844
67520
72048
65836
30586
57882
63772
59422
23868
74582
7470
76916
90342
19672
76340
23374
47618
90514
86120
75852
34780
58108
34786
15890
7630
77654
52162
96462
92582
4686
23348
50992
12574
63940
1364
56724
68084
8010
40578
52778
79446
75718
24958
31928
31696
86006
2926
72550
69244
1314
58056
54616
14570
23606
29928
58654
11532
32212
5506
71826
97330
72570
69102
61838
29526
27810
11736
63446
61900
16658
95966
18624
8814
69218
22026
87372
59790
28986
13402
62980
47146
79328
5068
22180
72584
65370
60730
57964
6840
18830
72846
96794
45282
49872
40156
67904
23922
3150
76318
34336
13672
89462
5076
23744
92860
45742
41544
8660
55688
55198
72718
79102
51862
21770
20154
96960
54436
44134
34220
87056
62504
55938
29142
21812
16306
56254
45408
29596
11052
49954
65092
514
57496
27800
61354
73716
87712
60702
26276
28420
12720
69134
42162
89428
87898
64600
83634
85162
73480
55246
28362
41996
43822
60264
99138
6958
24736
68526
12694
39858
36926
9088
37272
33014
34868
95914
86160
72396
80448
42734
73592
36820
89682
56852
38690
85364
83884
53480
14790
29712
8918
3220
18698
27632
34608
59280
40620
76238
25408
64750
26530
69622
84964
34932
88256
48174
68222
75208
38448
81088
73026
82550
60998
45454
59124
68408
48694
37884
19136
40210
56866
12962
53300
91820
29556
10048
72160
12808
34748
7194
49876
93520
22394
51538
10776
93440
41926
31784
70144
70316
9700
94254
24028
20472
16732
99080
51188
68060
44122
76648
60582
33018
89426
85692
32386
39258
47468
29450
58940
42794
3314
13042
63676
27974
83204
31470
73580
94764
73672
89072
66778
68492
18364
76556
24930
54336
18582
22820
60780
25996
10888
2476
76870
64240
73644
16994
96710
62982
47038
74468
97404
40528
1046
80348
12658
19340
56510
23878
966
89474
49696
47430
96446
52020
89928
25598
25288
35944
94626
75754
88874
50340
93804
37166
52662
33780
25970
51398
87460
98522
77076
24032
57136
5256
76946
28596
88228
14714
84938
37678
2310
61910
35702
25628
27728
89092
52210
99612
72780
82912
40418
42632
95436
62728
1442
28994
80172
39142
49476
5656
96566
22982
55110
80126
36098
39240
18548
79816
3432
75038
47460
7900
90446
97644
98566
32210
63578
5598
5208
91460
6266
14272
99408
3312
77950
55342
46798
66168
58446
92194
30530
57924
85560
57360
47804
64746
90512
94728
35438
87690
99824
58868
3576
30250
30558
39422
86744
7028
81728
20060
61702
6810
20912
30484
20506
48410
73570
41662
22566
77920
71114
17902
56304
86110
16484
97804
12296
13370
85520
11256
86386
84260
33634
90766
72490
49266
676
32560
85914
20336
73278
32332
48200
14166
1652
57140
25568
96938
11480
50048
56000
69028
73456
73104
67240
38914
17406
18892
88812
90136
27056
3730
34744
36834
47444
60974
6882
14130
4548
95454
87546
76460
14172
372
25144
59266
31714
19584
9284
32564
19712
34454
72564
31388
18716
54134
51696
35960
92434
5566
69476
31514
74886
8280
1726
27392
44860
11262
69428
99068
18094
62552
70398
64592
80928
22382
42076
44516
64760
336
74034
80868
77842
72014
74096
37556
94880
78920
99906
81716
102
21742
26418
63716
93444
18412
41470
55282
73660
81466
37372
17150
68770
96470
28192
82890
72098
48602
68650
5574
39750
54476
98446
29920
15670
7134
23558
48560
59922
69174
35650
73176
65056
44220
36850
14850
69334
83184
92596
53718
72604
12432
26548
81282
4668
70904
39072
61796
34838
31474
55102
95316
69958
26672
66870
45764
51762
76910
49608
21414
1006
88900
74368
47042
31204
74298
44498
66328
9304
78470
30970
38654
61976
50978
37762
44072
3296
49482
81862
93828
47030
55762
88450
77472
97616
81796
89708
17706
28486
86792
76486
92912
82870
43892
21124
63550
81746
31380
6574
33820
36048
9996
72468
14594
43196
93172
65506
8866
914
88400
25730
94340
69870
10902
91680
36166
48170
49280
96408
51310
64920
41382
68408
21268
3498
68462
1628
79502
73954
20586
66010
35368
66396
27760
61154
37486
80728
16640
79774
21240
66164
55704
48918
15070
52412
3722
32496
79340
23206
97050
3906
76960
20296
62620
95270
63214
48378
49392
22578
80122
32870
33380
70794
66206
66996
23314
81734
96722
91572
42144
53844
25982
55174
79834
41144
49232
60238
54892
89522
54126
24986
9092
33706
32508
57038
83772
22558
78888
2302
11994
88080
68654
46874
61314
10812
12436
7028
96732
76404
1534
27748
11262
37038
13174
78230
57172
24292
94082
47772
44586
32676
15348
35476
58546
26996
47336
13108
32904
72198
27074
57884
33528
84650
76710
43100
92074
34474
94722
54616
94892
88816
27770
62690
16524
81524
37468
86102
20690
60718
91160
54246
14182
37274
77266
76784
47050
896
8932
44838
13226
34964
58120
58068
75328
37426
30554
95424
97172
46200
86288
36418
99942
63320
46490
75880
59016
60410
84270
6496
20954
67262
65624
78904
26810
618
93904
78746
68502
98142
96108
41142
31562
67094
92362
80568
34686
91678
25708
72460
8012
39882
8922
80
83824
14604
51972
7704
54070
15284
80428
10540
83316
67042
72274
76154
81598
80722
61036
61822
88100
25284
90804
1852
95952
81840
75652
99024
71330
87040
21746
98332
41304
14802
20496
62696
48714
51730
46466
47736
51724
9958
53012
47728
43614
90032
18930
68524
97736
6974
99770
5708
38442
31354
592
2898
98450
42020
39638
83530
53284
54880
34990
76704
86580
40568
5108
31790
4136
22096
20918
54226
45530
12124
35662
41994
40788
84882
11458
3926
64426
4422
78578
7180
65198
91416
42162
76010
59606
29878
70684
23948
72050
55184
22712
9768
16318
45742
98092
37664
96894
10486
40206
27304
49330
830
82348
50284
25218
19874
292
84956
85630
53244
46004
34886
86532
72914
20866
6398
4120
91816
55792
68776
64750
52180
40294
65738
51368
99074
81296
60208
85102
9336
63228
84684
32856
27926
24760
64908
77828
64538
11908
42972
90162
17024
36548
62836
27796
52210
32088
54288
33142
84990
96898
32074
12388
55734
75018
30052
51756
93416
88684
8382
94360
82080
59730
44844
76090
13640
41736
92332
96482
18492
23398
71948
43182
27970
65334
41210
50240
48474
89826
45148
65622
77842
75514
56756
27468
37892
652
29524
72264
99008
7390
1632
21004
5508
52332
42010
19434
26188
73974
45642
45704
27376
92598
54300
96968
92554
56700
95932
50326
97340
27944
10888
63458
44468
85110
67150
12128
77492
2322
98284
59980
5860
58058
67926
9118
10998
52530
56924
30384
79184
38182
14958
91964
53798
31048
14376
78406
92294
86074
5506
2190
49712
86836
52812
84490
88292
19000
31378
1824
43342
44896
29806
27458
73786
87646
59522
33264
55442
38326
80310
25220
30412
83378
5198
18546
92800
3870
53994
40292
41096
57726
30926
43762
46094
11760
80022
63072
83228
23794
50364
13090
17788
77332
57690
57058
7226
89394
49902
16708
26592
71274
70382
92654
57610
78312
96500
64616
78696
50412
58370
17302
27872
92704
25658
29518
28566
67856
48740
50850
43902
48518
90076
284
45738
1824
88388
14460
2144
98166
17596
64166
54662
4178
88860
12008
95870
82512
75636
13232
84970
37120
60714
25492
73672
52684
26608
56948
68946
82972
39430
76530
49562
57280
97836
3566
96400
37538
20678
34206
26028
22930
9540
71744
71454
95094
6082
94300
8436
32922
53352
58696
40066
68716
87824
55138
10352
22356
92362
46298
53158
21494
82514
59488
24526
98600
73246
78478
96538
55432
54920
47674
50556
90118
62114
58444
80606
66560
21788
97568
43472
22966
55788
38476
84272
15236
50384
67908
29944
53934
76912
88934
75634
26070
92166
73858
22028
85770
21438
21382
71586
35994
7964
88982
61040
89768
73854
30698
99850
35102
48994
30756
85528
8186
42192
63562
45058
18806
95750
59170
14080
19868
53988
24624
62024
31696
50320
52746
39574
25416
29864
86218
15044
55060
77742
10414
22016
29440
96660
96694
83952
54048
91818
68766
38960
6568
16052
28936
60694
89890
7508
46184
70960
61396
54652
34030
49366
69248
92364
33382
1848
8630
98832
85544
83192
32448
17874
77140
86712
65934
58140
82628
18598
80278
51928
38526
60594
99296
66928
52396
92810
38822
93760
31522
252
42600
1470
3530
25148
39606
46272
37972
43854
14718
89130
45088
9240
27764
26360
60750
45304
30058
83976
88974
71802
34068
75724
38718
24494
58648
38228
3348
70346
76870
91948
21552
51276
60170
68688
58920
70344
93850
1456
77010
38736
90228
12836
64662
19644
85604
10454
29236
22466
12552
93962
79322
66796
27582
66682
31852
10192
93660
95948
91528
34636
46266
35942
69224
32896
48066
69446
23594
37066
82592
93964
95052
39836
57686
36464
118
68100
21520
64214
22410
72244
25142
82826
96922
3926
51860
32674
84386
45042
19796
99094
28134
20420
4396
7706
73636
84694
10930
68544
43620
68758
3088
18762
8254
80930
16430
25442
78056
78556
57216
19358
59912
95174
35864
16494
65304
23648
78656
65014
15772
52660
24398
74216
52292
8846
72868
7296
26974
76572
52832
10628
92156
38200
19172
29960
48220
75464
31346
23098
91094
58832
60628
82186
8496
16526
33458
54068
35868
67370
47966
59440
89178
61960
58942
72546
89140
28178
33746
55428
1134
52984
77118
43390
30644
38414
30092
14942
98538
41648
51678
90370
6090
18314
78120
99638
40412
92322
91030
66686
15924
40472
93220
21888
51994
71556
27356
42398
37326
61226
96872
71100
5546
25852
28432
95026
48682
18992
50860
36724
77180
78144
67830
87266
14964
90314
90754
69634
71024
79766
17064
75836
23618
77154
87852
1044
41038
96580
79800
13148
5940
1112
59050
59352
21772
7754
94272
73074
23130
76332
66262
65760
428
53060
98424
61030
94900
24678
91510
72210
25744
52250
12528
26276
60312
97794
40400
98178
85964
24678
90688
49630
70668
4890
16838
20966
90998
96016
78212
56442
24178
99318
16252
20336
64652
75912
43640
80242
91680
57894
83094
86920
19814
87602
40530
30850
48474
93418
78056
73720
94356
19264
92546
53090
39418
99742
36464
7882
29242
12462
10210
680
38084
99572
95280
89484
47150
81326
30846
66648
6070
10324
5338
43188
45016
8048
42038
42710
94810
37210
16804
92470
2136
62244
1936
56684
35966
22334
50110
63532
44326
67550
6802
9756
77726
2668
7250
55790
32558
5022
59868
896
19116
44834
83256
34142
34796
57744
57064
47208
63036
35142
28048
7600
61126
31700
23078
97198
85884
73836
6816
65142
35824
1214
7434
65846
45424
37460
58288
79660
53036
88038
11836
27774
86008
78124
34390
73694
7014
55366
67882
66098
85784
80310
89856
75324
60790
8962
4816
60162
93894
38570
74988
24208
19782
61596
27776
44846
21430
87102
69764
85782
43926
55948
62406
51550
41484
97604
46310
59646
76690
63650
38224
73360
82756
31340
79460
91926
34358
56536
67618
63770
40778
39274
8714
55700
14818
51930
93318
50684
70726
60934
86164
85108
28556
95930
76046
25162
46476
15420
74092
83980
91680
6550
32842
3662
9596
2238
45604
31256
61540
72042
53014
49542
67006
23426
32804
16904
75544
86478
86698
8940
82964
84358
97566
86696
46248
64016
16114
36052
6172
66158
59494
35894
34466
59766
71728
40462
89752
1544
61162
62964
90472
29168
56758
16858
17810
69538
10826
60024
93090
9498
64134
19930
75664
24724
25086
65516
73888
35772
32148
51026
77208
75312
31090
92880
15858
7740
75322
71626
76448
77202
81778
4440
14724
78028
55446
4994
75938
85484
79146
21340
9688
48600
13724
71806
26174
36442
53088
62708
50914
38906
14348
47296
16332
72466
54884
53798
32344
71968
29322
39066
51834
4612
79568
32958
262
95824
35034
38036
52310
47364
28484
98972
8528
36040
64100
7714
32582
97898
7768
17228
66824
66160
83618
99382
63010
71220
6896
85932
59864
97354
87842
23838
22900
42256
13706
8134
49456
81116
4572
44438
6160
82954
84392
64242
2456
63954
46398
13080
15668
30028
67070
70758
76550
19234
71584
29178
91644
35900
33914
52378
62756
43468
2982
74274
98276
26796
44808
90346
22324
6540
47562
16068
54014
28066
6690
15414
82006
84312
99656
22684
27092
93810
45274
83034
12118
44302
5372
21972
52970
19614
37582
11794
3858
49324
36630
98764
41858
2956
82754
93000
84506
63420
81480
29938
17562
1472
75268
91520
44760
29424
85770
22494
91926
25580
32784
61078
65892
60938
7706
16316
54272
98442
3046
36540
42532
77374
38496
6896
42512
64280
4810
78616
52012
78094
41140
99758
84142
11376
7836
5668
94492
84862
19972
43614
81250
46416
50082
64346
2658
56832
31654
53546
4350
97538
6072
28792
52250
19968
74542
88124
67990
38630
75636
45474
19588
24602
50
56008
15156
11332
42724
27222
85918
11682
65762
4552
30234
91196
356
82026
74226
94218
52668
76614
39728
51282
8394
55740
76858
64264
4786
73730
15032
40390
95040
53036
26548
57156
10742
18568
22242
53562
48200
96526
35808
91244
84436
80868
37402
37424
53976
7878
22152
51756
41882
40864
15086
11350
17752
79348
49724
88016
86260
14604
58858
83596
24522
79974
19810
14452
37546
26006
66476
39916
57312
69652
608
12056
14950
70606
91194
65578
6720
7586
97640
54104
97020
18338
42582
56922
42874
750
48948
13514
21208
61150
8186
87266
94384
73394
87304
87230
79800
91174
36858
12148
85060
8544
54060
51406
47848
23588
43196
28972
14622
35242
58316
33340
30040
92410
59100
8140
76510
11776
44364
59420
24458
15090
48486
15098
28486
71298
35596
43822
37462
15910
4860
20366
44070
27310
19574
62854
44214
60078
5760
14712
24350
95260
99852
53226
73362
19126
19252
4830
3638
87102
74080
63816
59992
54980
79424
87178
91632
43940
39288
24240
30546
56460
14294
90056
32024
10778
7986
96824
91486
60424
56184
44818
26122
3692
44178
23766
47356
71764
77688
28510
1534
24118
90842
65922
27616
41886
37660
69614
40260
17244
66346
49696
87460
10972
89054
13350
7612
99254
24228
63232
52558
80248
71378
10496
64316
63810
37416
65882
8132
17482
5528
40140
718
97672
10006
47860
3898
66398
42046
18640
46788
82166
446
7862
57572
75628
26574
82588
51816
86512
2008
48820
36010
15200
20834
15444
82102
75504
39764
34428
84732
46744
20110
41366
48106
62290
53740
96056
73998
79044
45728
61408
54268
36300
21804
39476
12870
42202
15532
58174
94842
36982
43156
9578
92082
2778
45414
37806
26172
8896
57006
65694
97458
41278
71310
34684
39848
98342
41058
64262
9008
75564
85622
47760
69916
10252
55606
57094
25532
82508
20830
70466
18688
91662
75890
85628
35050
80636
55660
80916
89334
87044
89026
17480
61172
94056
44014
85026
74688
16932
93934
5196
49038
28966
7510
87650
80216
45834
69654
9948
33584
59388
26826
18122
46566
83664
1058
84676
35662
75500
55560
58744
88104
1574
95900
64940
20976
6652
29674
79920
53664
93974
47630
56264
82898
2662
33466
44608
53776
64774
28910
62716
94042
51862
92118
16722
88076
10694
95798
74650
3650
49358
81534
55700
552
96814
15330
81824
17364
13308
67776
30834
56478
23328
32334
16620
88282
85092
67400
60366
99118
31494
61158
35692
87162
43718
98828
65438
41118
99740
93720
56576
1192
33606
45338
87350
10826
51188
10624
96658
25700
92148
28096
38682
76260
39126
39584
87924
30814
8710
26906
41564
17758
15748
15774
66012
29686
62082
59416
90302
12728
32142
57096
59714
52984
3190
15776
61448
97956
53246
20704
5294
63890
2760
69452
50500
65952
58550
33230
90280
15476
10940
21126
41550
65100
64130
6968
84842
56690
23444
91042
6068
57096
216
66400
39652
74544
46802
13268
55668
2110
84308
33884
99548
68274
64034
86530
11422
9918
58196
6034
1816
91328
15868
76402
35712
40824
43850
85028
87196
29934
97528
42702
27750
66806
36404
51844
28850
71024
41684
95594
15168
34240
32652
90702
53960
23404
91942
5822
66072
41798
31572
93322
9376
52718
3508
13362
16718
94094
13396
43544
66156
47000
86462
86210
73010
97304
7560
93818
61348
99964
17094
13428
14694
44408
51036
72010
16624
40674
50054
60276
79242
88082
54116
60734
80660
54034
67378
16268
23138
28688
81300
48910
74214
74642
46346
19350
13380
59272
73918
95770
51692
92804
73576
72026
72612
88728
67864
87912
36056
40512
81536
91150
50952
4144
70974
80274
36272
97700
58102
18614
2662
59022
61478
18134
38622
6526
1512
74152
56204
36470
13932
52570
27348
74074
53826
76498
69998
4662
3858
39728
49302
94736
86064
39418
78004
50032
85094
52804
7820
98122
18200
85326
17566
5394
19378
69746
13844
56068
66904
8316
92070
3990
13566
60020
18408
86984
47366
34062
65854
59546
90294
37974
94702
72644
43276
71468
88474
55976
20438
91670
55904
62782
87948
74588
47922
19068
51904
55386
64098
20542
43604
21288
13486
54180
84650
73802
91682
252
51772
65302
44234
69744
38808
74376
82026
74574
90666
98834
4148
91510
77468
93688
1998
10282
84318
7264
43872
39358
112
80300
22638
36140
90180
3206
55404
79912
31914
84336
73044
34170
26612
45754
30956
9228
80436
50760
30266
40606
70386
83148
30678
20792
91312
51490
99786
62536
12538
98090
20182
97012
52686
73240
96566
77104
61598
38744
27370
77670
3166
69228
39552
9290
53082
19170
88586
86994
15088
72054
85922
96108
13628
13076
61692
16650
96360
12902
19682
11000
65172
14470
25696
94410
60172
92820
83690
78132
43138
32506
81940
69426
40096
28946
87388
5364
79118
16640
46276
76578
96326
19290
90070
43996
37382
85072
67138
75246
35386
25642
79844
68238
51558
40702
8394
49098
91864
70208
68414
85078
43752
41994
36146
56272
12856
58574
84410
49784
30404
25550
84982
84336
91658
10636
47144
42204
58578
15036
76706
2798
77542
82610
1324
61290
92410
76278
21576
4738
72548
10876
17050
69736
53716
64944
70528
88318
7630
81358
28696
43414
60352
75748
10188
85346
42058
5728
58162
81756
57202
97872
36960
42502
10590
71984
82688
36104
83862
75046
79950
70214
90814
18288
14692
49332
22710
76382
93988
3604
71918
9134
64418
90398
7142
49720
83902
66374
54830
86150
97518
69406
50624
32816
92884
69862
23000
19638
73280
58906
88274
71638
79534
92510
36906
88992
86276
26244
18620
2360
70176
75160
94066
11810
69590
38904
68744
64874
13838
61408
45182
23036
9334
68484
51968
62706
4386
37926
65736
96346
30098
4494
23728
88082
61104
8146
11978
72280
37078
47074
3936
90150
51388
41138
61360
42102
89528
49036
28924
38672
13152
99862
73628
81022
39394
22124
11432
7272
21658
40968
88424
79504
51148
15046
32928
64222
31014
84302
40664
86028
59274
13846
69612
94534
19246
25444
89316
77838
65810
59658
17996
27510
63018
9658
37952
21682
25212
94744
64510
82996
7696
39604
65416
1344
41724
91210
65408
64382
62560
56164
54156
72672
86918
83844
94540
42482
62330
41510
77040
94076
73534
25356
91438
9978
10286
27620
93882
97718
81400
42106
69818
70164
35454
22388
36416
37398
19956
7418
80120
68480
68574
83358
19550
49422
53956
42156
10902
87420
91782
71850
21372
71686
16730
52850
91782
99430
64844
80604
23264
69972
1268
41930
6426
82820
15684
79284
48670
97914
68358
31982
74316
274
40928
35840
28044
69262
56490
47664
53374
69626
82736
25328
11514
81554
6836
72396
23012
9642
6692
63550
69720
79934
69008
95000
88290
95416
18824
11860
78862
73902
33780
18594
9280
71834
23458
33554
5466
58412
40716
13486
95194
90050
30488
72528
2660
34944
98696
10032
21454
28462
55856
9890
98688
30718
16924
77978
94078
29522
88490
93440
76108
93280
60922
83488
90024
10538
29852
57634
51608
18918
28218
7622
80262
32544
72958
60042
72422
18244
39298
3602
818
88042
42096
95930
91352
41900
80072
47834
78952
2580
25082
4502
85748
81308
41774
30614
1068
94646
68904
32704
77060
7844
16046
99080
8558
79998
26908
35314
85188
36790
21064
53574
31896
40808
41994
84144
88686
24110
31818
26202
64644
44278
92990
58430
91090
42402
9456
86864
28146
72826
54762
85254
85274
96502
70180
74356
53754
37132
29530
24654
75882
37126
30044
5776
26456
22834
54702
13324
64576
59752
25046
38924
37238
44850
89284
60690
50178
79166
97018
74876
62260
2430
63348
80640
27380
17202
10470
22086
68396
304
39880
76278
22436
66500
76752
56920
63636
55980
18464
85468
48248
2014
8824
76286
98514
13738
28922
91494
88640
13718
35498
45456
83736
14096
36254
48542
26516
94562
51006
18572
5078
85784
68486
91272
84798
32744
71538
49802
12558
74148
35692
49448
78308
97694
25912
1018
11686
80820
85192
35170
51174
13060
41820
81768
44232
33266
9366
73984
43324
73262
73718
97492
85842
82856
52152
18384
79524
27312
21294
25956
5612
59722
69596
2478
21088
54732
34428
50892
37166
69884
32678
49838
21764
3798
76848
71600
52316
80164
44612
20104
94886
57546
5484
15368
32278
39094
57302
4036
49916
22966
9806
95432
43464
79886
77636
87070
25652
76360
2034
92532
34632
87020
80296
96898
12200
29798
35950
54680
99196
92186
87632
84488
96204
9764
13072
8196
41904
83140
99984
92216
89162
82000
14360
88700
80430
81150
13960
32040
15600
60416
72584
73348
91058
184
282
52496
67534
14628
33368
77942
81174
80164
91582
16358
70308
88852
38452
37138
78710
84046
46598
14774
53112
37612
5820
25064
23212
45980
64928
34840
22092
42826
6990
87028
63674
96064
47592
35404
52626
74184
93508
25322
61596
70428
28560
50684
23582
74292
93294
34068
47582
29098
42250
14520
98980
92172
58312
39630
30278
58904
74198
76942
18298
78868
8908
27442
71076
48294
72998
61968
27396
36566
90172
11160
25366
40862
39132
87706
4024
36676
75568
64568
15424
70388
23628
79516
33472
59194
48796
36590
22620
63976
19022
52112
41218
50098
81642
21572
45226
72842
68040
82998
25630
84664
18382
78378
14514
54262
25244
85932
40728
43818
11828
87568
90724
8158
64602
49952
28176
26194
52250
39408
88060
50808
81296
44058
71476
10204
20968
87250
69460
57174
65120
43434
568
76912
85902
55388
32092
10278
76476
958
43444
57306
72564
66750
15094
14970
42410
52476
21626
63012
42174
16586
90220
25492
18286
57666
45312
82020
77718
67072
74768
14824
30182
74046
27942
40114
5344
93520
67630
47188
25572
48352
99522
29906
92816
9770
8128
70328
18966
32510
35160
79992
76262
94102
49966
91578
15614
44398
98170
63386
82670
42194
88768
45490
78330
51068
15588
58842
39122
92824
98258
73238
64914
19554
85662
55120
49730
31652
81230
96830
65670
57784
87500
29236
37634
3430
62162
4816
93158
60004
10880
52504
36320
87050
38206
62028
92086
46986
67816
3516
31700
87916
23502
47558
54118
89258
60122
74822
66702
60274
8046
80634
56110
29346
35822
79722
21734
22610
37794
30844
96612
70718
79714
21806
51408
12768
42484
78326
92094
42804
54346
80668
45672
52214
89628
36196
39542
95072
63600
25688
83098
83428
2902
40548
1414
50400
65378
96456
4216
84486
36078
52048
734
30172
17816
69998
52334
1950
81486
24554
2464
63276
13318
51186
97412
68630
29150
73364
11216
71392
5794
24264
53338
61812
4648
90484
4070
25340
77736
69856
56652
11852
50002
66758
69176
10854
57568
42154
31638
79318
57332
24080
20744
6638
40994
27144
96080
77638
47908
56490
28592
41450
43546
89884
40710
41654
67162
96474
21432
21534
2398
23598
75158
75370
5654
46802
33868
5108
85482
69424
12002
2524
81916
5432
38852
43956
52856
83658
13690
42270
12350
77190
96666
39648
98280
15984
19024
92304
57188
9468
58740
2488
23110
89264
53786
12942
96406
78262
6328
84404
77572
39082
52870
39858
42906
73578
36962
25034
1578
5064
97492
55428
58252
71582
28120
31762
67620
91126
3072
95116
48414
98540
39608
25024
94072
43264
81186
58428
33278
63198
23898
42916
76006
90722
68872
58608
45182
21764
27636
28830
90036
68546
84752
14462
61294
94180
52232
45652
88280
99824
18586
17036
49680
80240
63170
66484
98726
28096
27612
41568
20812
31812
12208
60276
38520
33934
32948
29586
87978
48806
22268
96774
35106
68508
7578
83186
97608
92626
92826
69852
50
97338
82774
30568
25690
27288
27156
35676
10338
87036
29520
62188
98956
56978
81598
99114
14330
75540
33840
56574
82502
72644
47124
9222
60582
75154
55586
18710
67778
72052
69350
50360
89060
3510
69952
45040
37546
3584
35832
65572
23700
13846
96768
18270
63944
68278
28996
64088
21562
23248
28048
57332
92910
76186
57200
55420
66762
37702
74448
67520
21890
40638
79076
86068
9564
91094
58170
58588
47658
27822
47356
8980
76720
27528
94182
67496
16110
31390
10360
66872
17628
62536
46248
63420
75810
19550
18988
55796
87720
73770
23052
96138
42776
81388
80618
41262
24258
62732
58536
98644
95916
37028
17786
47334
48436
49560
65966
29216
51950
27740
1212
70450
23492
4828
68606
63070
92580
8046
83470
58974
14404
30528
56848
89116
48418
71320
48568
93734
28036
83564
59306
38530
17314
76242
28750
74988
16848
80470
44114
65288
44376
22852
24910
26366
35092
91820
13780
65840
36302
22538
19554
37540
91036
44982
16408
93806
15784
75058
96282
53268
13820
59384
56738
24842
45968
50468
80716
28216
61740
69760
5108
19704
18832
6116
95958
4358
96054
21684
62028
96338
77984
6958
71698
81864
6606
82394
35012
79420
68346
85178
60688
23540
66120
59682
92916
32340
27206
95714
88098
10466
85258
99300
76362
67652
56806
79626
59808
29678
73160
79468
83474
72598
94574
88204
3778
99714
93142
78922
69268
16710
97640
18618
5364
61894
47382
6098
24078
5320
57374
37932
88110
10496
14478
89316
17298
31320
56998
86012
85842
81610
67960
91864
10820
75180
79326
24958
11066
56818
13914
51360
27626
5046
84990
73626
87314
50244
95860
44414
71492
81352
32584
69236
20924
11934
37974
24420
11318
44482
94478
33446
58584
13218
53534
11034
34122
87164
25232
28214
96658
81114
78272
20354
60994
66292
30538
82104
60726
65890
57576
83384
59072
69886
37946
20198
81274
86484
66468
57368
97328
87920
84806
29858
67130
99420
64972
35032
70922
28544
81242
12284
55256
38920
33948
36254
57766
92146
67596
42486
61136
22874
31716
25940
67640
59318
38064
10052
75356
17794
28722
5126
83608
15040
42798
4024
95130
48046
56054
12362
86544
29826
4610
91370
70746
48894
96678
25740
84240
5632
97942
65160
40272
70052
95410
87008
40176
88754
68132
93330
81462
89274
20858
924
34490
65024
44434
9660
87994
59310
75138
2952
68700
17686
56982
87400
40382
96538
87686
9624
23518
64778
36754
73032
60074
70028
49678
13292
30774
33046
32402
5704
9144
61870
55590
43442
57982
52288
20670
23096
75352
51746
35422
47238
74176
30224
74952
16926
8018
13790
77048
35834
6880
89238
78370
69168
53496
31050
97024
61252
17176
59720
29730
69080
11362
57992
77152
66830
67526
83106
1820
6700
39568
834
3622
30228
77502
5590
76736
47912
18866
82856
71710
83058
90900
668
59870
66574
72330
83094
62840
93530
74434
10558
11344
78210
35126
72942
29126
36738
54948
72122
19558
4570
47724
85112
81046
29930
33794
14776
22378
27250
16468
65504
8984
11566
79280
58762
37696
76634
8978
94416
87714
35552
97976
95464
62682
45826
98982
6012
67204
1152
14834
88182
69556
55676
77538
82558
76930
98132
22562
72216
90894
23984
51504
3868
76928
67652
65468
71116
83232
72840
92116
49932
30412
74914
81506
55848
45048
20668
370
66768
79972
52500
90366
22342
17810
87970
54152
21848
78314
76894
14580
27990
95714
78796
86612
88898
85794
7250
80834
52090
86192
84360
94026
45260
18262
10208
14586
86090
99382
96414
3312
58768
79808
69222
9508
47654
84428
59928
85908
7716
38246
11372
17622
55850
45922
65656
51474
87030
58588
69344
63220
17024
92582
38766
21232
30230
20774
2352
2938
22982
78256
40950
50566
49994
80110
52202
99046
54216
43978
420
22084
73564
90082
50418
23706
74760
65984
13956
32894
37978
28242
44784
32898
81534
68192
15518
50978
67056
97026
91214
47348
72398
67888
8080
41096
1472
62254
48752
86374
30820
28856
5520
32786
86980
16568
63686
50094
14268
96824
4438
93768
71476
31466
24462
56650
89104
8648
19956
65126
10958
68262
78114
32840
52132
72334
38312
87584
19014
76624
38462
74446
414
12636
54106
15064
59060
15166
87248
8080
95210
29338
65910
56096
25514
95192
1908
53770
49324
21258
16860
89572
46654
18116
3260
97782
54138
33988
93470
33540
47530
27178
98624
93748
67296
94534
38870
46254
76654
17322
5120
47874
55998
34130
61854
67790
66684
64198
40326
17688
67944
89076
36274
94754
51606
96010
4898
80456
10346
62060
94322
27598
78946
96244
61482
97362
27014
80186
69182
29750
85334
93298
53344
90620
75614
45320
97674
10954
15422
14530
2278
5510
61204
94168
64582
68626
77118
83354
6132
87654
40306
56342
14912
45792
84712
63032
35508
67154
60416
29036
42576
26128
73592
38370
19746
29914
2894
75508
42184
35584
60816
63874
3182
14076
54034
86944
5166
44038
84274
32882
53130
11586
37750
14788
36342
89156
57344
90272
74388
41476
43586
18668
39662
63310
45188
51572
89178
18250
96350
21066
64668
8476
53632
14606
50264
16044
40528
67032
30988
44370
21692
50144
95848
92768
59716
84396
24562
2392
85744
2160
56428
9006
90384
45698
43578
35722
56236
34908
4756
1682
29124
18350
92032
67204
62762
91230
32102
33448
54508
80404
90078
71244
16986
15956
2210
38980
97416
14460
10942
88
12538
11832
73856
13604
49480
63280
69546
68450
88688
15102
91754
21598
39294
31016
20864
86094
44398
20406
45302
49302
24818
43826
48346
5356
83680
15614
37020
99462
26338
36930
14382
17622
91748
34960
37274
5936
47116
9786
98100
93612
99182
31390
65678
32330
18102
73430
18078
21606
38338
25458
97506
92156
48682
83938
93796
94056
48132
15328
12932
27688
74610
88154
84064
70758
42280
72130
33042
85204
70290
22892
84426
66538
41772
62114
27972
26470
94472
12432
67066
4420
48464
42852
31530
33660
62758
47606
92418
82980
64330
82768
93640
31864
31126
90794
30416
30258
44816
21668
17338
30564
47602
42606
56948
16040
346
6514
19128
69220
66060
84490
18364
21860
24114
11920
10534
37108
9230
11606
33712
71504
45680
16764
68662
45068
7898
8396
92544
71104
71276
93804
79672
80366
72976
41870
97228
37102
56948
65100
52126
20838
69510
1794
1478
62450
75150
12904
57516
88312
78524
4614
81914
54146
76608
42032
69510
37940
77638
23214
29290
85468
56608
51650
18150
42536
1224
88614
63268
82010
95462
37312
44124
75700
51240
41632
24590
70598
8032
91620
1548
14682
96770
57314
62682
68092
30500
18630
21180
72010
49448
50928
16990
57546
5022
72050
26918
35402
30514
89882
75220
61328
76388
1650
78626
73310
59856
85610
82908
11522
68932
98728
54374
48226
54026
89678
27678
55210
83912
33674
4970
22926
27428
2036
86626
68474
10804
45586
55640
19298
31654
37354
44316
39718
39850
90476
9156
32122
88448
77410
27994
49210
5142
21700
7982
59646
69714
64392
62214
83368
74216
29438
60644
97992
3386
33560
8942
84858
87686
496
72518
75820
51260
84106
46706
2982
22374
25886
48680
63894
660
70316
65312
55762
74516
28862
33630
50034
98566
24108
49788
77280
47164
57884
49514
83446
47620
11994
14836
48416
41974
48254
38680
68514
36520
70522
11394
64892
53722
54008
56268
42110
55588
11740
62876
65416
25450
99230
79942
80
89840
87394
88140
64168
96090
70198
47766
79644
92360
10150
21604
66520
68620
25340
3586
73466
8370
33966
41710
80086
10214
63200
8340
94998
3190
62022
96936
74730
23358
36772
26216
72374
22044
97580
34796
66082
85506
92378
40442
21634
61422
19360
87758
33630
53944
44978
24386
98404
19738
99050
1974
98068
16214
72666
11204
59742
70432
64312
27710
79042
19982
73546
24342
51200
82136
46720
69782
62514
32036
50350
36520
42526
94178
67782
10976
69594
30746
49380
21726
35772
85606
60940
84758
13512
39836
94676
59248
54334
29924
96208
82274
74586
31128
17256
85418
29414
94140
44598
22422
76822
17876
85148
16376
79766
85006
51388
22278
10786
70580
66128
89938
11354
15120
68266
10052
80670
44880
91694
1922
52070
58726
21352
77460
60918
33234
91848
96142
84678
8084
64068
70370
11174
46832
72718
30876
98422
67016
4344
46890
38466
54612
88246
13258
92502
5664
82344
76448
99936
1984
89922
46818
96710
78920
30490
91854
32762
29416
65462
84424
10530
94518
29124
18146
28370
28454
61890
45974
80760
78488
56348
15056
85468
64220
50836
89038
67848
31410
87278
26020
90620
89880
86184
24752
76000
44570
38716
43964
66468
21580
33504
5846
94
65106
67106
38116
34652
77104
28828
49018
33978
27166
33422
36874
84324
7218
63306
60492
58354
31778
9162
41290
44274
36896
18580
82338
72818
71606
33078
51806
62196
92766
5136
93654
67278
10356
45424
77182
80650
84278
7874
38420
18384
45172
62970
90604
5580
38590
76230
48528
17674
31422
37276
14994
69046
10988
5954
66818
93208
54192
476
80018
53984
29628
73392
42342
94840
92922
77918
75128
72520
98166
32612
94196
29612
91514
58842
5932
83568
93632
51988
43166
3118
81604
67252
22440
51432
1044
60064
41702
11200
38542
27846
52100
25260
55174
40978
27160
58388
59634
89718
71446
60916
17790
94050
75592
59156
92206
58424
91720
88550
60906
48532
74932
54404
42444
2454
47742
62090
50264
78168
98702
12786
29682
77300
49488
86648
85870
63638
18864
63108
39044
49904
98270
38362
94538
78270
35180
27132
84792
98834
40290
95456
78292
48324
37682
11520
2038
50854
62566
38064
9520
5428
7404
44494
48084
90194
15046
39382
57186
48154
18280
23874
68606
78136
6994
94846
17378
29172
52124
92902
21034
21802
52910
65770
76514
50026
6160
17448
58282
14128
30372
71300
61814
79444
38626
28534
3754
36116
73140
18298
45198
85480
49078
71666
85656
88140
12174
48336
79736
51974
3202
75536
76508
17906
41928
28204
71992
13682
43470
76092
83452
4716
20236
1286
87210
3986
5908
94656
36472
39552
20572
58726
74112
70338
80838
25330
37742
32668
74802
92406
14558
99228
81916
80706
31838
66672
65514
24194
48602
71388
24470
22758
66046
46396
29936
96392
450
82940
96322
79866
18218
72962
72202
98856
66310
67846
41808
57876
51070
84706
97372
41084
62336
64308
44748
31624
60822
23450
67336
52740
68708
78280
32690
99884
68626
79528
26268
57580
34576
48420
89990
34726
48330
9328
81210
82618
89842
13404
83442
17428
71252
48918
67366
61686
18480
51048
7362
53234
70920
36496
74940
57462
94000
23082
68776
24862
67286
93612
79410
74798
52362
63468
91622
96650
19944
83254
79520
83128
70954
35476
70466
32768
4178
59322
4960
85812
14718
71868
6934
44944
37614
94340
45356
2442
65558
50022
64860
57008
10004
75300
29624
17204
91792
3620
53390
39558
59508
25446
93134
68854
84070
71704
21464
57002
35940
60792
55030
25264
54938
12582
38740
3776
7484
50858
44800
13612
54124
82642
76228
35178
12972
59620
8316
35228
13206
9684
21980
29320
52988
41692
6080
44884
30960
43632
38630
53994
89516
30746
17956
31646
38518
82626
4988
35938
31090
77900
71578
54380
98812
87938
13098
84618
98914
20526
64256
70384
67310
46244
91932
17798
1600
18272
86466
42712
11264
66758
56008
97372
37718
15026
38678
86104
78362
65404
24474
12702
14138
73886
11842
60372
47130
36060
40602
16048
33672
8298
26806
15232
89326
75674
60002
55088
65186
64838
40118
81964
75992
35890
99102
49316
66112
68306
49426
66518
88464
9208
52374
65676
60616
58996
26612
31894
48458
83250
42550
96440
93286
94920
49896
68038
98088
93058
7886
83536
36932
40762
8918
69270
59600
54860
40646
67970
6822
60670
84272
76438
92280
48790
37238
42034
88482
62418
57788
58424
55712
10988
64644
37226
28158
51942
63614
85830
2820
42952
41258
39704
14712
34118
12018
44944
3992
54494
65414
74244
67622
27016
5026
94416
99882
11300
9074
96954
39410
84794
24046
26314
82376
31704
94778
44942
57666
96442
65886
6548
16272
